npi,display_name,owner_name,city,state,zip,phone,cms_org_name,cms_phone,address_matches,phone_matches,primary_taxonomy_desc,zip_diabetes_pct,zip_obesity_pct,zip_pct_65_plus,zip_median_income,zip_population,hpsa_designated,hpsa_score,state_glp1_claims_per_pharmacy,state_glp1_cost_per_pharmacy
1326408444,BANNER PHARMACY SERVICES LLC,DENNIS LARAWAY,SUN CITY,AZ,85351,6234656090,BANNER PHARMACY SERVICES LLC,6234656090,True,True,"Pharmacy, Community/Retail Pharmacy",19.4,28.5,76.2,50812,27562,1,21,877.9,1165330.0
1912426529,BANNER PHARMACY SERVICES LLC,DENNIS LARAWAY,SUN CITY,AZ,85351,6027472338,BANNER PHARMACY SERVICES LLC,6027472338,True,True,"Pharmacy, Community/Retail Pharmacy",19.4,28.5,76.2,50812,27562,1,21,877.9,1165330.0
1679111074,FAMILY PHARMACY INC,LOUY AL ATTEELI,SUN CITY,AZ,85351,6239743555,FAMILY PHARMACY INC,6239743555,True,True,"Pharmacy, Community/Retail Pharmacy",19.4,28.5,76.2,50812,27562,1,21,877.9,1165330.0
1629484258,RIGHTWAY PHARMACY LLC,KANDARP PATEL,SUN CITY,AZ,85351,6232660021,RIGHTWAY PHARMACY LLC,6232660021,True,True,"Pharmacy, Community/Retail Pharmacy",19.4,28.5,76.2,50812,27562,1,21,877.9,1165330.0
1528678000,SUN LIFE FAMILY HEALTH CENTER INC,MATTHEW BERTSCH,ORACLE,AZ,85623,5208580006,SUN LIFE FAMILY HEALTH CENTER INC,5208580006,True,True,"Pharmacy, Community/Retail Pharmacy",18.4,38.3,53.4,68219,5235,1,21,877.9,1165330.0
1851457295,"SUN LIFE FAMILY HEALTH CENTER, INC.",MATTHEW BERTSCH,SAN MANUEL,AZ,85631,5203852236,"SUN LIFE FAMILY HEALTH CENTER, INC.",5203852236,True,True,"Pharmacy, Community/Retail Pharmacy",17.8,42.0,27.7,47969,3283,1,21,877.9,1165330.0
1093270035,EL RIO SANTA CRUZ NEIGHBORHOOD HEALTH CENTER INC,ELVA GONZALEZ,TUCSON,AZ,85714,5203094585,EL RIO SANTA CRUZ NEIGHBORHOOD HEALTH CENTER INC,5203094585,True,True,"Pharmacy, Community/Retail Pharmacy",17.0,38.6,15.7,47093,14286,1,21,877.9,1165330.0
1821482936,BANNER PHARMACY SERVICES LLC,DENNIS LARAWAY,SUN CITY WEST,AZ,85375,6235246550,BANNER PHARMACY SERVICES LLC,6235246550,True,True,"Pharmacy, Community/Retail Pharmacy",16.6,24.9,85.2,63977,27185,1,21,877.9,1165330.0
1083081343,"PHARMBLUE ARIZONA, LLC",JOSEPH POHL III,GREEN VALLEY,AZ,85614,7247794720,"PHARMBLUE ARIZONA, LLC",7247794720,True,True,"Pharmacy, Community/Retail Pharmacy",15.1,27.2,67.7,62599,24696,1,21,877.9,1165330.0
1811048895,BANNER PHARMACY SERVICES LLC,DENNIS LARAWAY,TUCSON,AZ,85713,5208744062,BANNER PHARMACY SERVICES LLC,5208744062,True,True,"Pharmacy, Community/Retail Pharmacy",14.8,36.6,17.7,50264,45615,1,21,877.9,1165330.0
1063881688,BANNER PHARMACY SERVICES LLC,DENNIS LARAWAY,TUCSON,AZ,85713,5208744062,BANNER PHARMACY SERVICES LLC,5208744062,True,True,"Pharmacy, Community/Retail Pharmacy",14.8,36.6,17.7,50264,45615,1,21,877.9,1165330.0
1861958332,"EL RIO SANTA CRUZ NEIGHBORHOOD HEALTH CENTER, INC",ELVA GONZALEZ,TUCSON,AZ,85713,5206703839,"EL RIO SANTA CRUZ NEIGHBORHOOD HEALTH CENTER, INC",5206703839,True,True,"Pharmacy, Community/Retail Pharmacy",14.8,36.6,17.7,50264,45615,1,21,877.9,1165330.0
1275693947,"SUN LIFE FAMILY HEALTH CENTER, INC.",MATTHEW BERTSCH,CASA GRANDE,AZ,85122,5203810363,"SUN LIFE FAMILY HEALTH CENTER, INC.",5203810363,True,True,"Pharmacy, Community/Retail Pharmacy",14.6,39.9,18.3,64243,58328,1,21,877.9,1165330.0
1871250910,"SUN LIFE FAMILY HEALTH CENTER, INC.",MATTHEW BERTSCH,CASA GRANDE,AZ,85122,5205321000,"SUN LIFE FAMILY HEALTH CENTER, INC.",5205321000,True,True,"Pharmacy, Community/Retail Pharmacy",14.6,39.9,18.3,64243,58328,1,21,877.9,1165330.0
1851785968,BANNER PHARMACY SERVICES LLC,DENNIS LARAWAY,CASA GRANDE,AZ,85122,5203816400,BANNER PHARMACY SERVICES LLC,5203816400,True,True,"Pharmacy, Community/Retail Pharmacy",14.6,39.9,18.3,64243,58328,1,21,877.9,1165330.0
1386017564,CASA GRANDE PHARMACY INC,MOHAMED ESLAM ELMISSIREY,CASA GRANDE,AZ,85122,5205185720,CASA GRANDE PHARMACY INC,5205185720,True,True,"Pharmacy, Community/Retail Pharmacy",14.6,39.9,18.3,64243,58328,1,21,877.9,1165330.0
1710453055,MED HEALTH PHARMACY LLC,TURELANE JACKSON,CASA GRANDE,AZ,85122,5205096021,MED HEALTH PHARMACY LLC,5205096021,True,True,"Pharmacy, Community/Retail Pharmacy",14.6,39.9,18.3,64243,58328,1,21,877.9,1165330.0
1023416823,LIPIKA PHARMACY LLC,PUJAN PATEL,CASA GRANDE,AZ,85122,5208364646,LIPIKA PHARMACY LLC,5208364646,True,True,"Pharmacy, Community/Retail Pharmacy",14.6,39.9,18.3,64243,58328,1,21,877.9,1165330.0
1487399937,DESERT SENITA COMMUNITY HEALTH CENTER,JARED HATCHARD,ARIZONA CITY,AZ,85123,5202316272,DESERT SENITA COMMUNITY HEALTH CENTER,5202316272,True,True,"Pharmacy, Community/Retail Pharmacy",14.5,38.8,27.3,60610,8828,1,21,877.9,1165330.0
1235919986,BC HEALTH PHARMACY LLC,BRIAN NGUYEN,GLENDALE,AZ,85301,6232271351,BC HEALTH PHARMACY LLC,6232271351,True,True,"Pharmacy, Community/Retail Pharmacy",14.4,38.2,9.4,47422,66970,1,21,877.9,1165330.0
1154975043,BETHANY HOME DISCOUNT PHARMACY LLC,SUSHMITHA GODISHALA,GLENDALE,AZ,85301,6234407717,BETHANY HOME DISCOUNT PHARMACY LLC,6234407717,True,True,"Pharmacy, Community/Retail Pharmacy",14.4,38.2,9.4,47422,66970,1,21,877.9,1165330.0
1710922927,MARICOPA COUNTY SPECIAL HEALTH CARE DISTRICT,ANNA SOGARD,GLENDALE,AZ,85301,6233446720,MARICOPA COUNTY SPECIAL HEALTH CARE DISTRICT,6233446720,True,True,"Pharmacy, Community/Retail Pharmacy",14.4,38.2,9.4,47422,66970,1,21,877.9,1165330.0
1851333637,RIO RICO PHARMACY LLC,JOSEPH COIL,RIO RICO,AZ,85648,5207613338,RIO RICO PHARMACY LLC,5207613338,True,True,"Pharmacy, Community/Retail Pharmacy",14.3,34.8,12.0,63672,21844,1,21,877.9,1165330.0
1306708441,CIRCLE THE CITY,JOEL WRIGHT,PHOENIX,AZ,85007,8062427782,CIRCLE THE CITY,8062427782,True,True,"Pharmacy, Community/Retail Pharmacy",14.2,36.8,11.6,55833,13555,1,21,877.9,1165330.0
1427093632,MARICOPA COUNTY SPECIAL HEALTH CARE DISTRICT,ANNA SOGARD,PHOENIX,AZ,85007,6023446669,MARICOPA COUNTY SPECIAL HEALTH CARE DISTRICT,6023446669,True,True,"Pharmacy, Community/Retail Pharmacy",14.2,36.8,11.6,55833,13555,1,21,877.9,1165330.0
1164751285,DESERT SENITA COMMUNITY HEALTH CENTER,JARED HATCHARD,AJO,AZ,85321,5203875500,DESERT SENITA COMMUNITY HEALTH CENTER,5203875500,True,True,"Pharmacy, Community/Retail Pharmacy",14.1,32.1,27.0,52127,4313,1,21,877.9,1165330.0
1023187978,TOMAR LLC,TOM BRANSON,AJO,AZ,85321,5203877080,TOMAR LLC,5203877080,True,True,"Pharmacy, Community/Retail Pharmacy",14.1,32.1,27.0,52127,4313,1,21,877.9,1165330.0
1154927754,A-MAKING CHANGES,ALLEN JETER,PHOENIX,AZ,85040,6023054782,A-MAKING CHANGES,6023054782,True,True,"Pharmacy, Community/Retail Pharmacy",14.1,37.7,8.5,57890,33325,1,21,877.9,1165330.0
1841795887,NIMBLE PHARMACY INC,TALHA WAQAR,PHOENIX,AZ,85040,8669664625,NIMBLE PHARMACY INC,8669664625,True,True,"Pharmacy, Community/Retail Pharmacy",14.1,37.7,8.5,57890,33325,1,21,877.9,1165330.0
1841249471,DIVERSIFIED PHARMACY SOLUTIONS,JOEL RHOADS,TUCSON,AZ,85739,5208183804,DIVERSIFIED PHARMACY SOLUTIONS,5208183804,True,True,"Pharmacy, Community/Retail Pharmacy",13.9,30.1,52.7,84863,18749,1,21,877.9,1165330.0
1073757670,"DIVERSIFIED PHARMACY SOLUTIONS, LLC",JOEL RHOADS,TUCSON,AZ,85739,5207213088,"DIVERSIFIED PHARMACY SOLUTIONS, LLC",5207213088,True,True,"Pharmacy, Community/Retail Pharmacy",13.9,30.1,52.7,84863,18749,1,21,877.9,1165330.0
1356198832,ADELANTE HEALTHCARE INC,JOEL WRIGHT,SURPRISE,AZ,85374,8445516691,ADELANTE HEALTHCARE INC,8445516691,True,True,"Pharmacy, Community/Retail Pharmacy",13.8,28.1,42.4,78690,40955,1,21,877.9,1165330.0
1003584020,"LITON RX, INC.",TIMOTHY WHALEN,SURPRISE,AZ,85374,6234407955,"LITON RX, INC.",6234407955,True,True,"Pharmacy, Community/Retail Pharmacy",13.8,28.1,42.4,78690,40955,1,21,877.9,1165330.0
1679718894,SAM'S WEST INC,LAURA LEVINE,SURPRISE,AZ,85374,6235840728,SAM'S WEST INC,6235840728,True,True,"Pharmacy, Community/Retail Pharmacy",13.8,28.1,42.4,78690,40955,1,21,877.9,1165330.0
1427568997,BELLES PHARMACY LLC,DIWATA PEREZ,SURPRISE,AZ,85374,6233983650,BELLES PHARMACY LLC,6233983650,True,True,"Pharmacy, Community/Retail Pharmacy",13.8,28.1,42.4,78690,40955,1,21,877.9,1165330.0
1669784476,ARIZONA PHARMACY LLC,RAMOUN JONES,SURPRISE,AZ,85374,6234515451,ARIZONA PHARMACY LLC,6234515451,True,True,"Pharmacy, Community/Retail Pharmacy",13.8,28.1,42.4,78690,40955,1,21,877.9,1165330.0
1295540466,"VALLE DEL SOL, INC.",MIKE RENAUD,PHOENIX,AZ,85031,6022586797,"VALLE DEL SOL, INC.",6022586797,True,True,"Pharmacy, Community/Retail Pharmacy",13.7,37.1,9.5,59641,30681,1,21,877.9,1165330.0
1669936472,MARICOPA COUNTY SPECIAL HEALTH CARE DISTRICT,ANNA SOGARD,PHOENIX,AZ,85031,6023445011,MARICOPA COUNTY SPECIAL HEALTH CARE DISTRICT,6023445011,True,True,"Pharmacy, Community/Retail Pharmacy",13.7,37.1,9.5,59641,30681,1,21,877.9,1165330.0
1669483236,MARYVALE PHARMACY INC,RICHARD BATES,PHOENIX,AZ,85031,6238461888,MARYVALE PHARMACY INC,6238461888,True,True,"Pharmacy, Community/Retail Pharmacy",13.7,37.1,9.5,59641,30681,1,21,877.9,1165330.0
1063977080,EL RIO SANTA CRUZ NEIGHBORHOOD HEALTH CENTER INC,ELVA GONZALEZ,TUCSON,AZ,85705,5208387699,EL RIO SANTA CRUZ NEIGHBORHOOD HEALTH CENTER INC,5208387699,True,True,"Pharmacy, Community/Retail Pharmacy",13.6,36.9,14.7,36606,54853,1,21,877.9,1165330.0
1003244526,WEST VALLEY PHARMACY LLC,VERA ABRAMOVA,SURPRISE,AZ,85378,6235336514,WEST VALLEY PHARMACY LLC,6235336514,True,True,"Pharmacy, Community/Retail Pharmacy",13.5,33.2,19.6,62881,9401,1,21,877.9,1165330.0
1528392545,"WILLCOX PHARMACY, LLC",GREG SHUMAKER,WILLCOX,AZ,85643,5203642315,"WILLCOX PHARMACY, LLC",5203642315,True,True,"Pharmacy, Community/Retail Pharmacy",13.3,32.6,19.1,56952,8524,1,21,877.9,1165330.0
1851615579,EL RIO SANTA CRUZ NEIGHBORHOOD,JOSHUA CARZOLI,TUCSON,AZ,85746,5208386617,EL RIO SANTA CRUZ NEIGHBORHOOD,5208386617,True,True,"Pharmacy, Community/Retail Pharmacy",13.3,35.3,15.5,68506,44030,1,21,877.9,1165330.0
1891251526,"EL RIO SANTA CRUZ NEIGHBORHOOD HEALTH CENTER, INC",ELVA GONZALEZ,TUCSON,AZ,85746,5207411235,"EL RIO SANTA CRUZ NEIGHBORHOOD HEALTH CENTER, INC",5207411235,True,True,"Pharmacy, Community/Retail Pharmacy",13.3,35.3,15.5,68506,44030,1,21,877.9,1165330.0
1629296322,CARESITE PHARMACY OF ARIZONA LLC,JAMES MESSINA,MESA,AZ,85208,4809862681,CARESITE PHARMACY OF ARIZONA LLC,4809862681,True,True,"Pharmacy, Community/Retail Pharmacy",13.2,31.4,24.5,68452,37840,1,21,877.9,1165330.0
1750906277,MARICOPA COUNTY SPECIAL HEALLTH CARE DISTRICT,ANNA SOGARD,PHOENIX,AZ,85041,6023441376,MARICOPA COUNTY SPECIAL HEALLTH CARE DISTRICT,6023441376,True,True,"Pharmacy, Community/Retail Pharmacy",13.2,36.4,9.5,70555,63881,1,21,877.9,1165330.0
1194736769,MARICOPA COUNTY SPECIAL HEALTH CARE DISTRICT,ANNA SOGARD,PHOENIX,AZ,85041,6023446466,MARICOPA COUNTY SPECIAL HEALTH CARE DISTRICT,6023446466,True,True,"Pharmacy, Community/Retail Pharmacy",13.2,36.4,9.5,70555,63881,1,21,877.9,1165330.0
1093859795,OLD PUEBLO DRUG,MYRON GINSBURG,SONOITA,AZ,85637,5204550058,OLD PUEBLO DRUG,5204550058,True,True,"Pharmacy, Community/Retail Pharmacy",13.1,28.8,39.8,80000,1133,1,21,877.9,1165330.0
1881703353,"PROCARE PHARMACY, L.L.C.",SUSAN COLBERT,PHOENIX,AZ,85006,8003515552,"PROCARE PHARMACY, L.L.C.",8003515552,True,True,Pharmacy,12.9,36.0,7.8,60742,22081,1,21,877.9,1165330.0
1023327137,BANNER HEALTH,DENNIS LARAWAY,PHOENIX,AZ,85006,6028395972,BANNER HEALTH,6028395972,True,True,"Pharmacy, Community/Retail Pharmacy",12.9,36.0,7.8,60742,22081,1,21,877.9,1165330.0
1316368459,BANNER PHARMACY SERVICES LLC,DENNIS LARAWAY,PHOENIX,AZ,85006,6028392300,BANNER PHARMACY SERVICES LLC,6028392300,True,True,"Pharmacy, Community/Retail Pharmacy",12.9,36.0,7.8,60742,22081,1,21,877.9,1165330.0
1346662699,BANNER PHARMACY SERVICES LLC,DENNIS LARAWAY,PHOENIX,AZ,85006,6027474000,BANNER PHARMACY SERVICES LLC,6027474000,True,True,"Pharmacy, Community/Retail Pharmacy",12.9,36.0,7.8,60742,22081,1,21,877.9,1165330.0
1902256092,BANNER PHARMACY SERVICES LLC,DENNIS LARAWAY,PHOENIX,AZ,85006,6025215000,BANNER PHARMACY SERVICES LLC,6025215000,True,True,"Pharmacy, Community/Retail Pharmacy",12.9,36.0,7.8,60742,22081,1,21,877.9,1165330.0
1053818096,"NIXONA RX, LLC",PATRICIA JONES,PHOENIX,AZ,85006,4804930111,"NIXONA RX, LLC",4804930111,True,True,"Pharmacy, Community/Retail Pharmacy",12.9,36.0,7.8,60742,22081,1,21,877.9,1165330.0
1326093154,ACORN USA INC,YURI EIDELMAN,PHOENIX,AZ,85006,6025953555,ACORN USA INC,6025953555,True,True,"Pharmacy, Specialty Pharmacy",12.9,36.0,7.8,60742,22081,1,21,877.9,1165330.0
1396055349,BANNER FAMILY PHARMACY,DENNIS DAHLEN,PHOENIX,AZ,85006,6028395972,BANNER FAMILY PHARMACY,6028395972,True,True,"Pharmacy, Community/Retail Pharmacy",12.9,36.0,7.8,60742,22081,1,21,877.9,1165330.0
1811908494,CARESITE PHARMACY OF AZ LLC,JAMES MESSINA,PHOENIX,AZ,85006,6022537483,CARESITE PHARMACY OF AZ LLC,6022537483,True,True,"Pharmacy, Community/Retail Pharmacy",12.9,36.0,7.8,60742,22081,1,21,877.9,1165330.0
1477564045,GRUNOW UNITED PHARMACY INC,SHIRLEY WOOLLUMS,PHOENIX,AZ,85006,6022547397,GRUNOW UNITED PHARMACY INC,6022547397,True,True,"Pharmacy, Community/Retail Pharmacy",12.9,36.0,7.8,60742,22081,1,21,877.9,1165330.0
1912499500,"AZ PHARMACY, LLC",TANVI PATEL,PHOENIX,AZ,85034,8557455725,"AZ PHARMACY, LLC",8557455725,True,True,"Pharmacy, Community/Retail Pharmacy",12.8,36.0,6.8,53545,4825,1,21,877.9,1165330.0
1114366457,"BRO INVESTMENTS, LLC",BRYAN KRUEGER,PHOENIX,AZ,85034,6023128290,"BRO INVESTMENTS, LLC",6023128290,True,True,"Pharmacy, Community/Retail Pharmacy",12.8,36.0,6.8,53545,4825,1,21,877.9,1165330.0
1407958804,R & B PHARMACY INC,RUDY DRAGONE,CAREFREE,AZ,85377,4804882007,R & B PHARMACY INC,4804882007,True,True,"Pharmacy, Community/Retail Pharmacy",12.7,25.9,46.3,143315,3452,1,21,877.9,1165330.0
1336494533,"MARANA HEALTH CENTER, INC.",CLARENCE VATNE,TUCSON,AZ,85711,5202901100,"MARANA HEALTH CENTER, INC.",5202901100,True,True,"Pharmacy, Community/Retail Pharmacy",12.7,35.2,17.8,52358,41201,1,21,877.9,1165330.0
1386700847,SHAYONA PHARMACY INC,MONICA LLAMAS,TUCSON,AZ,85711,5202988449,SHAYONA PHARMACY INC,5202988449,True,True,"Pharmacy, Community/Retail Pharmacy",12.7,35.2,17.8,52358,41201,1,21,877.9,1165330.0
1407420151,Q CARE PHARMACY INC.,CHIRAG JAVIA,PHOENIX,AZ,85033,6023002022,Q CARE PHARMACY INC.,6023002022,True,True,"Pharmacy, Community/Retail Pharmacy",12.7,36.8,6.8,60749,58234,1,21,877.9,1165330.0
1093385031,MARICOPA COUNTY SPECIAL HEALLTH CARE DISTRICT,ANNA SOGARD,PHOENIX,AZ,85033,6023441338,MARICOPA COUNTY SPECIAL HEALLTH CARE DISTRICT,6023441338,True,True,Pharmacy,12.7,36.8,6.8,60749,58234,1,21,877.9,1165330.0
1174923759,"MEDICAL METRICS, LLC",TAYLOR FROILAND,CHANDLER,AZ,85248,4808833800,"MEDICAL METRICS, LLC",4808833800,True,True,"Pharmacy, Community/Retail Pharmacy",12.3,25.7,40.2,94220,37461,1,21,877.9,1165330.0
1275088007,"MEDICAL METRICS, LLC",TAYLOR FROILAND,CHANDLER,AZ,85248,4808833800,"MEDICAL METRICS, LLC",4808833800,True,True,Pharmacy,12.3,25.7,40.2,94220,37461,1,21,877.9,1165330.0
1366010076,"JTJ MEDICAL SUPPLY, INC.",LISA SHIERS,PHOENIX,AZ,85015,8009392022,"JTJ MEDICAL SUPPLY, INC.",8009392022,True,True,"Pharmacy, Community/Retail Pharmacy",12.3,35.4,9.1,52585,42444,1,21,877.9,1165330.0
1689553299,MY MEDS PHARMACY,THUY NGUYEN,PHOENIX,AZ,85015,4807885621,MY MEDS PHARMACY,4807885621,True,True,"Pharmacy, Community/Retail Pharmacy",12.3,35.4,9.1,52585,42444,1,21,877.9,1165330.0
1508174962,WHITE NILE INC,KAMAL SAEID,PHOENIX,AZ,85015,6029958999,WHITE NILE INC,6029958999,True,True,"Pharmacy, Community/Retail Pharmacy",12.3,35.4,9.1,52585,42444,1,21,877.9,1165330.0
1386931616,"AVELLA OF PHOENIX II, INC",JOHN MUSIL,PHOENIX,AZ,85015,6022773181,"AVELLA OF PHOENIX II, INC",6022773181,True,True,"Pharmacy, Community/Retail Pharmacy",12.3,35.4,9.1,52585,42444,1,21,877.9,1165330.0
1366447005,"AVELLA OF PHOENIX II, INC.",JOHN MUSIL,PHOENIX,AZ,85015,6022773181,"AVELLA OF PHOENIX II, INC.",6022773181,True,True,"Pharmacy, Community/Retail Pharmacy",12.3,35.4,9.1,52585,42444,1,21,877.9,1165330.0
1538216684,JAREKO LLC,OLUFEMI OMODARA,PHOENIX,AZ,85015,6022775444,JAREKO LLC,6022775444,True,True,"Pharmacy, Community/Retail Pharmacy",12.3,35.4,9.1,52585,42444,1,21,877.9,1165330.0
1720706625,SB VENTURE LLC,SHIVAM BHANVADIA,MESA,AZ,85206,4802562522,SB VENTURE LLC,4802562522,True,True,"Pharmacy, Community/Retail Pharmacy",12.0,28.6,31.3,69986,36896,1,21,877.9,1165330.0
1215327598,BANNER PHARMACY SERVICES LLC,DENNIS LARAWAY,MESA,AZ,85206,4803212222,BANNER PHARMACY SERVICES LLC,4803212222,True,True,"Pharmacy, Community/Retail Pharmacy",12.0,28.6,31.3,69986,36896,1,21,877.9,1165330.0
1023350451,CANAAN CAPITAL MANAGEMENT LLC,MOKY CHEUNG,MESA,AZ,85206,9799006788,CANAAN CAPITAL MANAGEMENT LLC,9799006788,True,True,"Pharmacy, Community/Retail Pharmacy",12.0,28.6,31.3,69986,36896,1,21,877.9,1165330.0
1144797515,NUGENEREX PAZ1 LLC,ANTHONY CRISCI,MESA,AZ,85206,4808308907,NUGENEREX PAZ1 LLC,4808308907,True,True,"Pharmacy, Community/Retail Pharmacy",12.0,28.6,31.3,69986,36896,1,21,877.9,1165330.0
1922547447,SUN PHARMACY,JUSTIN MEIER,MESA,AZ,85206,5205100144,SUN PHARMACY,5205100144,True,True,"Pharmacy, Community/Retail Pharmacy",12.0,28.6,31.3,69986,36896,1,21,877.9,1165330.0
1659139038,MEDISOL PHARMACY LLC,STANISLAV SAZONOV,GLENDALE,AZ,85302,6468413781,MEDISOL PHARMACY LLC,6468413781,True,True,"Pharmacy, Community/Retail Pharmacy",12.0,32.8,15.4,62516,40329,1,21,877.9,1165330.0
1649096074,DOCTOR PHARMACY LLC,SHAMMA BHANVADIA,PEORIA,AZ,85345,6028884282,DOCTOR PHARMACY LLC,6028884282,True,True,"Pharmacy, Community/Retail Pharmacy",11.9,33.0,15.3,64563,61822,1,21,877.9,1165330.0
1144858747,META PHARMACY SOLUTIONS,BUD ADAMS,PEORIA,AZ,85345,6235124022,META PHARMACY SOLUTIONS,6235124022,True,True,"Pharmacy, Community/Retail Pharmacy",11.9,33.0,15.3,64563,61822,1,21,877.9,1165330.0
1215575824,MARICOPA COUNTY SPECIAL HEALTH CARE DISTRICT,PAMELA FOWLER,PEORIA,AZ,85345,6023445011,MARICOPA COUNTY SPECIAL HEALTH CARE DISTRICT,6023445011,True,True,"Pharmacy, Community/Retail Pharmacy",11.9,33.0,15.3,64563,61822,1,21,877.9,1165330.0
1881000339,WESTGATERX PHARMACY,LAURA GOLD,PEORIA,AZ,85345,6232494900,WESTGATERX PHARMACY,6232494900,True,True,"Pharmacy, Community/Retail Pharmacy",11.9,33.0,15.3,64563,61822,1,21,877.9,1165330.0
1467898312,BROADWAY FAMILY PHARMACY PLLC,OBINNA AKUBUKWE,PHOENIX,AZ,85042,6022765485,BROADWAY FAMILY PHARMACY PLLC,6022765485,True,True,"Pharmacy, Community/Retail Pharmacy",11.9,33.6,10.5,86837,45575,1,21,877.9,1165330.0
1396244976,REMGBEKOR,OLUFEMI OMODARA,PHOENIX,AZ,85042,6024413564,REMGBEKOR,6024413564,True,True,"Pharmacy, Community/Retail Pharmacy",11.9,33.6,10.5,86837,45575,1,21,877.9,1165330.0
1063652584,HOLIDAY RX INC,LANCE KATSUOCUZAKAO,PHOENIX,AZ,85042,6022765821,HOLIDAY RX INC,6022765821,True,True,"Pharmacy, Community/Retail Pharmacy",11.9,33.6,10.5,86837,45575,1,21,877.9,1165330.0
1821100801,SUNSHINE PHARMACY,KEN MORGAN,PHOENIX,AZ,85051,6239310457,SUNSHINE PHARMACY,6239310457,True,True,"Pharmacy, Community/Retail Pharmacy",11.7,33.7,12.7,63665,45484,1,21,877.9,1165330.0
1073069860,BGH PHARMACY,APRIL AL FATLAWI,PHOENIX,AZ,85051,6234553368,BGH PHARMACY,6234553368,True,True,Pharmacy,11.7,33.7,12.7,63665,45484,1,21,877.9,1165330.0
1215371075,HSP INC,MOHAMED ESLAM ELMISSIREY,PHOENIX,AZ,85051,4808888128,HSP INC,4808888128,True,True,"Pharmacy, Community/Retail Pharmacy",11.7,33.7,12.7,63665,45484,1,21,877.9,1165330.0
1407083231,EL RIO SANTA CRUZ NEIGHBORHOOD,CLINTON KUNTZ,TUCSON,AZ,85730,5203093250,EL RIO SANTA CRUZ NEIGHBORHOOD,5203093250,True,True,"Pharmacy, Community/Retail Pharmacy",11.6,33.0,17.4,60849,39065,1,21,877.9,1165330.0
1801351846,EL RIO SANTA CRUZ NEIGHBORHOOD HEALTH CENTER INC,CLINTON KUNTZ,TUCSON,AZ,85730,5203093250,EL RIO SANTA CRUZ NEIGHBORHOOD HEALTH CENTER INC,5203093250,True,True,"Pharmacy, Community/Retail Pharmacy",11.6,33.0,17.4,60849,39065,1,21,877.9,1165330.0
1740380781,"LOBOS ACQUISITION OF ARIZONA, INC.",REGIS ROBINSON,TUCSON,AZ,85712,5207954271,"LOBOS ACQUISITION OF ARIZONA, INC.",5207954271,True,True,"Pharmacy, Community/Retail Pharmacy",11.5,32.4,22.7,48185,31964,1,21,877.9,1165330.0
1609256817,HO KIM THU PC,THU HO,TUCSON,AZ,85712,5202989038,HO KIM THU PC,5202989038,True,True,"Pharmacy, Community/Retail Pharmacy",11.5,32.4,22.7,48185,31964,1,21,877.9,1165330.0
1629540679,EL RIO SANTA CRUZ NEIGHBORHOOD HEALTH CENTER INC,CLINTON KUNTZ,TUCSON,AZ,85745,5206703725,EL RIO SANTA CRUZ NEIGHBORHOOD HEALTH CENTER INC,5206703725,True,True,"Pharmacy, Community/Retail Pharmacy",11.5,31.6,20.6,68608,37788,1,21,877.9,1165330.0
1043740566,"SUN LIFE FAMILY HEALTH CENTER, INC.",MATTHEW BARTSCH,FLORENCE,AZ,85132,5205185025,"SUN LIFE FAMILY HEALTH CENTER, INC.",5205185025,True,True,"Pharmacy, Community/Retail Pharmacy",11.5,38.9,17.7,76832,38809,1,21,877.9,1165330.0
1063887149,SUN LIFE FAMILY HEALTH CENTER INC,MATTHEW BERTSCH,MARICOPA,AZ,85138,5203507646,SUN LIFE FAMILY HEALTH CENTER INC,5203507646,True,True,"Pharmacy, Community/Retail Pharmacy",11.5,38.4,13.9,93609,52342,1,21,877.9,1165330.0
1437023355,GLENDALE RX INC,JOSEFINA LLAMERA-ELEMBABI,PHOENIX,AZ,85029,6237605573,GLENDALE RX INC,6237605573,True,True,"Pharmacy, Community/Retail Pharmacy",11.5,33.3,13.8,60384,49433,1,21,877.9,1165330.0
1447266762,"GLOBAL RX SOLUTIONS, INC",DIMITRY BIGUN,PHOENIX,AZ,85029,6022981460,"GLOBAL RX SOLUTIONS, INC",6022981460,True,True,"Pharmacy, Community/Retail Pharmacy",11.5,33.3,13.8,60384,49433,1,21,877.9,1165330.0
1932278884,S&G PHARMACY INC,GARY LOHMEIER,PHOENIX,AZ,85029,6023753377,S&G PHARMACY INC,6023753377,True,True,"Pharmacy, Community/Retail Pharmacy",11.5,33.3,13.8,60384,49433,1,21,877.9,1165330.0
1164476560,DSW ENTERPRISES INC,DEBBIE WALTON,SAFFORD,AZ,85546,9284286366,DSW ENTERPRISES INC,9284286366,True,True,"Pharmacy, Community/Retail Pharmacy",11.3,35.3,14.4,61930,20735,1,21,877.9,1165330.0
1245826312,CANYONLANDS COMMUNITY HEALTH CARE,MARI REED,SAFFORD,AZ,85546,9286456620,CANYONLANDS COMMUNITY HEALTH CARE,9286456620,True,True,"Pharmacy, Community/Retail Pharmacy",11.3,35.3,14.4,61930,20735,1,21,877.9,1165330.0
1689727026,THRIFTEE FOOD AND DRUG,TODD JOHN,SAFFORD,AZ,85546,9284281156,THRIFTEE FOOD AND DRUG,9284281156,True,True,"Pharmacy, Community/Retail Pharmacy",11.3,35.3,14.4,61930,20735,1,21,877.9,1165330.0
1205871522,MARICOPA COUNTY SPECIAL HEALTH CARE DISTRICT,ANNA SOGARD,PHOENIX,AZ,85008,6023441064,MARICOPA COUNTY SPECIAL HEALTH CARE DISTRICT,6023441064,True,True,"Pharmacy, Community/Retail Pharmacy",11.3,35.4,6.3,61369,60499,1,21,877.9,1165330.0
1902841224,MARICOPA COUNTY SPECIAL HEALTH CARE DISTRICT,ANNA SOGARD,PHOENIX,AZ,85008,6023445945,MARICOPA COUNTY SPECIAL HEALTH CARE DISTRICT,6023445945,True,True,"Pharmacy, Community/Retail Pharmacy",11.3,35.4,6.3,61369,60499,1,21,877.9,1165330.0
1841369790,KRUSKAMD MURRILLO INC,GREG ROLLER,PHOENIX,AZ,85008,6022755719,KRUSKAMD MURRILLO INC,6022755719,True,True,"Pharmacy, Community/Retail Pharmacy",11.3,35.4,6.3,61369,60499,1,21,877.9,1165330.0
1699176354,"SUN LIFE FAMILY HEALTH CENTER, INC",MATTHEW BERTSCH,MESA,AZ,85209,4803392853,"SUN LIFE FAMILY HEALTH CENTER, INC",4803392853,True,True,"Pharmacy, Community/Retail Pharmacy",11.2,28.6,27.7,80498,42171,1,21,877.9,1165330.0
1497381511,"JTJ MEDICAL SUPPLY, INC.",LISA SHIERS,PHOENIX,AZ,85021,8009399226,"JTJ MEDICAL SUPPLY, INC.",8009399226,True,True,"Pharmacy, Community/Retail Pharmacy",11.2,33.0,15.7,58481,40026,1,21,877.9,1165330.0
1871384586,NATIVE HEALTH,MITCHELL TERRY,PHOENIX,AZ,85021,6028483368,NATIVE HEALTH,6028483368,True,True,"Pharmacy, Community/Retail Pharmacy",11.2,33.0,15.7,58481,40026,1,21,877.9,1165330.0
1376169938,MARICOPA COUNTY SPECIAL HEALLTH CARE DISTRICT,ANNA SOGARD,PHOENIX,AZ,85021,6023445253,MARICOPA COUNTY SPECIAL HEALLTH CARE DISTRICT,6023445253,True,True,"Pharmacy, Community/Retail Pharmacy",11.2,33.0,15.7,58481,40026,1,21,877.9,1165330.0
1821033044,MARICOPA COUNTY SPECIAL HEALTH CARE DISTRICT,ANNA SOGARD,PHOENIX,AZ,85021,6023446342,MARICOPA COUNTY SPECIAL HEALTH CARE DISTRICT,6023446342,True,True,"Pharmacy, Community/Retail Pharmacy",11.2,33.0,15.7,58481,40026,1,21,877.9,1165330.0
1417367061,RPHH LLC,AHMAD RKEIN,PHOENIX,AZ,85021,6028007855,RPHH LLC,6028007855,True,True,"Pharmacy, Community/Retail Pharmacy",11.2,33.0,15.7,58481,40026,1,21,877.9,1165330.0
1568407880,MARICOPA COUNTY SPECIAL HEALTH CARE DISTRICT,ANNA SOGARD,AVONDALE,AZ,85323,6233446823,MARICOPA COUNTY SPECIAL HEALTH CARE DISTRICT,6233446823,True,True,"Pharmacy, Community/Retail Pharmacy",11.2,34.4,6.9,79903,46604,1,21,877.9,1165330.0
1437975307,SB VENTURE LLC,SHIVAM BHANVADIA,TUCSON,AZ,85716,5202164116,SB VENTURE LLC,5202164116,True,True,"Pharmacy, Community/Retail Pharmacy",11.1,34.0,17.2,47009,33447,1,21,877.9,1165330.0
1699857474,CLINIC PHARMACY INC,JOSEPH CHEN,TUCSON,AZ,85716,5203264224,CLINIC PHARMACY INC,5203264224,True,True,"Pharmacy, Community/Retail Pharmacy",11.1,34.0,17.2,47009,33447,1,21,877.9,1165330.0
1265899355,SHREE JI CORPORATION,HITESH THAKAR,MESA,AZ,85204,4804049160,SHREE JI CORPORATION,4804049160,True,True,"Pharmacy, Community/Retail Pharmacy",11.1,33.6,11.5,69474,65018,1,21,877.9,1165330.0
1194135103,ELEMENTS COMPOUNDING PHARMACY LLC,PETER PETROV,MESA,AZ,85204,4806254750,ELEMENTS COMPOUNDING PHARMACY LLC,4806254750,True,True,"Pharmacy, Community/Retail Pharmacy",11.1,33.6,11.5,69474,65018,1,21,877.9,1165330.0
1457164535,BELL ROAD PHARMACY LLC,LIDIA DICKINSON,PHOENIX,AZ,85053,6024393366,BELL ROAD PHARMACY LLC,6024393366,True,True,"Pharmacy, Community/Retail Pharmacy",11.0,32.4,12.4,66870,29719,1,21,877.9,1165330.0
1659939171,ONTHEGO PHARMACY,JAMES ROE,PHOENIX,AZ,85053,6026075094,ONTHEGO PHARMACY,6026075094,True,True,Pharmacy,11.0,32.4,12.4,66870,29719,1,21,877.9,1165330.0
1154759603,HOLISTIC HEALTHCARE LLC,BABATUNDE GHANNI,PHOENIX,AZ,85053,6029930766,HOLISTIC HEALTHCARE LLC,6029930766,True,True,"Pharmacy, Community/Retail Pharmacy",11.0,32.4,12.4,66870,29719,1,21,877.9,1165330.0
1548370497,TAILSTORM HEALTH LLC,HARTLEY MILLER,PHOENIX,AZ,85053,6028960454,TAILSTORM HEALTH LLC,6028960454,True,True,"Pharmacy, Community/Retail Pharmacy",11.0,32.4,12.4,66870,29719,1,21,877.9,1165330.0
1568473130,COMMUNITY PHCY,JEFF GUBERNICK,PHOENIX,AZ,85053,6029932600,COMMUNITY PHCY,6029932600,True,True,"Pharmacy, Community/Retail Pharmacy",11.0,32.4,12.4,66870,29719,1,21,877.9,1165330.0
1821009499,MG PHARMACY,MORRIS GORTLER,PHOENIX,AZ,85053,6024393366,MG PHARMACY,6024393366,True,True,"Pharmacy, Community/Retail Pharmacy",11.0,32.4,12.4,66870,29719,1,21,877.9,1165330.0
1952533556,SUN VALLEY PHARMACY LLC,HALIM HASSANI,GILA BEND,AZ,85353,9289275300,SUN VALLEY PHARMACY LLC,9289275300,True,True,"Pharmacy, Community/Retail Pharmacy",11.0,35.0,6.7,88867,44995,1,21,877.9,1165330.0
1073954970,ALL-CARE PHARMACY LLC,KEITH BARRON,SCOTTSDALE,AZ,85258,4802706700,ALL-CARE PHARMACY LLC,4802706700,True,True,"Pharmacy, Compounding Pharmacy",10.9,26.2,34.3,105171,25524,1,21,877.9,1165330.0
1821554460,PHARMACY LLC,ARMINE KOZAKYAN,SCOTTSDALE,AZ,85258,4808894392,PHARMACY LLC,4808894392,True,True,"Pharmacy, Community/Retail Pharmacy",10.9,26.2,34.3,105171,25524,1,21,877.9,1165330.0
1548776750,ATOZ PHARMACY INC,AMIT NARAWANE,SCOTTSDALE,AZ,85258,4805001235,ATOZ PHARMACY INC,4805001235,True,True,"Pharmacy, Community/Retail Pharmacy",10.9,26.2,34.3,105171,25524,1,21,877.9,1165330.0
1598638009,MARANA HEALTH CENTER INC,JOSHUA CARZOLI,MARANA,AZ,85653,5206821095,MARANA HEALTH CENTER INC,5206821095,True,True,"Pharmacy, Community/Retail Pharmacy",10.9,33.6,12.0,84188,22796,1,21,877.9,1165330.0
1851607444,1ST CARE PHARMACY LLC,LAMECK NYAKWEBA,BUCKEYE,AZ,85326,6232513201,1ST CARE PHARMACY LLC,6232513201,True,True,"Pharmacy, Community/Retail Pharmacy",10.9,34.0,9.1,91444,73912,1,21,877.9,1165330.0
1124267919,WILMOT CENTER PHARMACY,JOEL RHOADS,TUCSON,AZ,85715,5207213088,WILMOT CENTER PHARMACY,5207213088,True,True,"Pharmacy, Community/Retail Pharmacy",10.8,29.1,25.5,82651,19526,1,21,877.9,1165330.0
1922249127,POTTERS HOUSE APOTHECARY INC,KEVIN BORG,PEORIA,AZ,85382,6233629322,POTTERS HOUSE APOTHECARY INC,6233629322,True,True,"Pharmacy, Community/Retail Pharmacy",10.8,28.1,23.5,93387,43109,1,21,877.9,1165330.0
1982152732,FREEDOM PHARMACY OF ARIZONA AT RED MOUNTAIN LLC,CHRIS SHALER,MESA,AZ,85207,4805657222,FREEDOM PHARMACY OF ARIZONA AT RED MOUNTAIN LLC,4805657222,True,True,"Pharmacy, Community/Retail Pharmacy",10.8,29.5,21.4,99439,50135,1,21,877.9,1165330.0
1528202215,FIRST ROYAL CARE CO LLC,DAWN HOANG,MESA,AZ,85207,4802182236,FIRST ROYAL CARE CO LLC,4802182236,True,True,"Pharmacy, Community/Retail Pharmacy",10.8,29.5,21.4,99439,50135,1,21,877.9,1165330.0
1568655207,S&G PHARMACY INC,JESSICA LEVASSEUR,PHOENIX,AZ,85020,6023315323,S&G PHARMACY INC,6023315323,True,True,"Pharmacy, Community/Retail Pharmacy",10.8,30.2,20.1,78412,33934,1,21,877.9,1165330.0
1467873596,BANNER PHARMACY SERVICES LLC,DENNIS LARAWAY,PHOENIX,AZ,85037,6233276170,BANNER PHARMACY SERVICES LLC,6233276170,True,True,"Pharmacy, Community/Retail Pharmacy",10.8,34.0,7.6,81919,53041,1,21,877.9,1165330.0
1942917521,TOTAL CARE PHARMACY INC,PARESH PATEL,PHOENIX,AZ,85037,4697328369,TOTAL CARE PHARMACY INC,4697328369,True,True,"Pharmacy, Community/Retail Pharmacy",10.8,34.0,7.6,81919,53041,1,21,877.9,1165330.0
1942822515,WILLAMETTE PHARMACY LLC,BUD ADAMS,PHOENIX,AZ,85037,8006043294,WILLAMETTE PHARMACY LLC,8006043294,True,True,"Pharmacy, Community/Retail Pharmacy",10.8,34.0,7.6,81919,53041,1,21,877.9,1165330.0
1598721136,DM ESTRELLA PHARMACY INC,MOHAMED ELEMBABI,PHOENIX,AZ,85037,6233885025,DM ESTRELLA PHARMACY INC,6233885025,True,True,"Pharmacy, Community/Retail Pharmacy",10.8,34.0,7.6,81919,53041,1,21,877.9,1165330.0
1972939882,BANNER FAMILY PHARMACY,DEB KRMPOTIC,PHOENIX,AZ,85037,6233276170,BANNER FAMILY PHARMACY,6233276170,True,True,"Pharmacy, Community/Retail Pharmacy",10.8,34.0,7.6,81919,53041,1,21,877.9,1165330.0
1376867218,COMMUNITY DRUGSTORE VI LLC,STEPHEN GUBERNICK,PHOENIX,AZ,85037,6024686337,COMMUNITY DRUGSTORE VI LLC,6024686337,True,True,"Pharmacy, Community/Retail Pharmacy",10.8,34.0,7.6,81919,53041,1,21,877.9,1165330.0
1659641694,DIVERSIFIED PHARMACY SOLUTIONS LLC,JOEL RHOADS,ORO VALLEY,AZ,85755,5208182883,DIVERSIFIED PHARMACY SOLUTIONS LLC,5208182883,True,True,"Pharmacy, Community/Retail Pharmacy",10.7,25.3,43.0,109368,18231,1,21,877.9,1165330.0
1871865543,DIVERSIFIED PHARMACY SOLUTIONS LLC,JOEL RHOADS,ORO VALLEY,AZ,85755,5208182883,DIVERSIFIED PHARMACY SOLUTIONS LLC,5208182883,True,True,"Pharmacy, Community/Retail Pharmacy",10.7,25.3,43.0,109368,18231,1,21,877.9,1165330.0
1265064133,"BEST RX PHARMACY, INC",BENJAMIN AZIZI,MESA,AZ,85201,6507998552,"BEST RX PHARMACY, INC",6507998552,True,True,"Pharmacy, Community/Retail Pharmacy",10.7,32.7,10.3,63725,52484,1,21,877.9,1165330.0
1346585411,QUICK PHARMACY 002 LLC,MAHMOUD RIFAI,MESA,AZ,85201,6022649000,QUICK PHARMACY 002 LLC,6022649000,True,True,"Pharmacy, Community/Retail Pharmacy",10.7,32.7,10.3,63725,52484,1,21,877.9,1165330.0
1568249753,"ADELANTE HEALTHCARE, INC.",JOEL WRIGHT,GOODYEAR,AZ,85395,8445516691,"ADELANTE HEALTHCARE, INC.",8445516691,True,True,"Pharmacy, Community/Retail Pharmacy",10.6,28.4,25.6,107980,38701,1,21,877.9,1165330.0
1922848480,PRODUCE PHARMACY LLC,BRETT BANNISTER,GOODYEAR,AZ,85395,6232317972,PRODUCE PHARMACY LLC,6232317972,True,True,"Pharmacy, Community/Retail Pharmacy",10.6,28.4,25.6,107980,38701,1,21,877.9,1165330.0
1124346861,PHAT TAI LLC.,BRIAN PHAN,GOODYEAR,AZ,85395,6239350000,PHAT TAI LLC.,6239350000,True,True,"Pharmacy, Community/Retail Pharmacy",10.6,28.4,25.6,107980,38701,1,21,877.9,1165330.0
1457581365,VALLEY PHARMACY,AMGAD GADALLA,GOODYEAR,AZ,85395,6235056500,VALLEY PHARMACY,6235056500,True,True,"Pharmacy, Community/Retail Pharmacy",10.6,28.4,25.6,107980,38701,1,21,877.9,1165330.0
1699254839,CORNER PHARMACY INCORPORATED,RUBEN GARIBYAN,PHOENIX,AZ,85003,6022580128,CORNER PHARMACY INCORPORATED,6022580128,True,True,"Pharmacy, Community/Retail Pharmacy",10.6,33.9,16.5,56672,10155,1,21,877.9,1165330.0
1497604193,CANYONLANDS COMMUNITY HEALTH CARE,HOLLY SMITH,PIMA,AZ,85543,9286459675,CANYONLANDS COMMUNITY HEALTH CARE,9286459675,True,True,"Pharmacy, Community/Retail Pharmacy",10.4,33.7,16.7,89808,4878,1,21,877.9,1165330.0
1790492635,OMNISCRIPT COMPOUNDING LLC,RACHEL SIMMONS,PHOENIX,AZ,85032,6029716950,OMNISCRIPT COMPOUNDING LLC,6029716950,True,True,"Pharmacy, Compounding Pharmacy",10.3,31.1,15.5,74331,70447,1,21,877.9,1165330.0
1023839719,OMNISCRIPT COMPOUNDING LLC,KRISTINE LOWE,PHOENIX,AZ,85032,6029716950,OMNISCRIPT COMPOUNDING LLC,6029716950,True,True,"Pharmacy, Compounding Pharmacy",10.3,31.1,15.5,74331,70447,1,21,877.9,1165330.0
1033089909,OMNISCRIPT COMPOUNDING LLC,KRISTINE LOWE,PHOENIX,AZ,85032,6029716950,OMNISCRIPT COMPOUNDING LLC,6029716950,True,True,"Pharmacy, Compounding Pharmacy",10.3,31.1,15.5,74331,70447,1,21,877.9,1165330.0
1457068397,ALERACARE ARIZONA PHARMACY LLC,SCOTT FRIEDMAN,PHOENIX,AZ,85032,6029716950,ALERACARE ARIZONA PHARMACY LLC,6029716950,True,True,Pharmacy,10.3,31.1,15.5,74331,70447,1,21,877.9,1165330.0
1437327244,CARESITE PHARMACY OF ARIZONA LLC,JAMES MESSINA,PHOENIX,AZ,85032,5702717965,CARESITE PHARMACY OF ARIZONA LLC,5702717965,True,True,"Pharmacy, Community/Retail Pharmacy",10.3,31.1,15.5,74331,70447,1,21,877.9,1165330.0
1770719387,"KRUEGER INVESTMENTS, LLC",BRYAN KRUEGER,PHOENIX,AZ,85032,6023128290,"KRUEGER INVESTMENTS, LLC",6023128290,True,True,"Pharmacy, Community/Retail Pharmacy",10.3,31.1,15.5,74331,70447,1,21,877.9,1165330.0
1245878867,WELLS PHARMACY,MICHAEL KURTIS,GOODYEAR,AZ,85338,6239323040,WELLS PHARMACY,6239323040,True,True,"Pharmacy, Community/Retail Pharmacy",10.3,31.3,13.4,99345,64448,1,21,877.9,1165330.0
1902911928,WELLSRX LLC,SANJAY VEERKAR,GOODYEAR,AZ,85338,6239323040,WELLSRX LLC,6239323040,True,True,"Pharmacy, Community/Retail Pharmacy",10.3,31.3,13.4,99345,64448,1,21,877.9,1165330.0
1821471053,KEY HEALTH PHARMACY LLC,KEY LAM,GOODYEAR,AZ,85338,6232718577,KEY HEALTH PHARMACY LLC,6232718577,True,True,"Pharmacy, Community/Retail Pharmacy",10.3,31.3,13.4,99345,64448,1,21,877.9,1165330.0
1891503108,APOTHECO PHARMACY SCOTTSDALE LLC,ANUSH AMIN,SCOTTSDALE,AZ,85253,6028985450,APOTHECO PHARMACY SCOTTSDALE LLC,6028985450,True,True,"Pharmacy, Community/Retail Pharmacy",10.2,25.3,28.7,182150,17202,1,21,877.9,1165330.0
1518610278,PARADISE VALLEY COMPOUNDING PHARMACY LLC,PATTIYA WATTANANIMITGUL,PARADISE VALLEY,AZ,85253,6232003000,PARADISE VALLEY COMPOUNDING PHARMACY LLC,6232003000,True,True,"Pharmacy, Compounding Pharmacy",10.2,25.3,28.7,182150,17202,1,21,877.9,1165330.0
1629834932,HEALING CACTUS RX INC,VYATCHESLAV SULEYMANOV,PHOENIX,AZ,85022,4809563904,HEALING CACTUS RX INC,4809563904,True,True,"Pharmacy, Community/Retail Pharmacy",10.2,30.5,15.6,66601,52488,1,21,877.9,1165330.0
1720099302,DR ALLENS DRUGSTORE,CASEY ALLEN,MESA,AZ,85203,4808441600,DR ALLENS DRUGSTORE,4808441600,True,True,"Pharmacy, Community/Retail Pharmacy",10.2,32.0,12.2,72851,37435,1,21,877.9,1165330.0
1518902725,MARICOPA COUNTY SPECIAL HEALTH CARE DISTRICT,ANNA SOGARD,MESA,AZ,85203,6026556205,MARICOPA COUNTY SPECIAL HEALTH CARE DISTRICT,6026556205,True,True,"Pharmacy, Community/Retail Pharmacy",10.2,32.0,12.2,72851,37435,1,21,877.9,1165330.0
1699133512,BEST CARE PHARMACY,MAUDLYN MARY ALADI,CHANDLER,AZ,85225,4802193885,BEST CARE PHARMACY,4802193885,True,True,"Pharmacy, Community/Retail Pharmacy",10.1,31.3,11.1,86036,73316,1,21,877.9,1165330.0
1114962438,MARICOPA COUNTY SPECIAL HEALTH CARE DISTRICT,ANNA SOGARD,CHANDLER,AZ,85225,4803446149,MARICOPA COUNTY SPECIAL HEALTH CARE DISTRICT,4803446149,True,True,"Pharmacy, Community/Retail Pharmacy",10.1,31.3,11.1,86036,73316,1,21,877.9,1165330.0
1841531126,NEWSPRING PHARMACY LLC,LUCAS NYABERO,AVONDALE,AZ,85392,6239329800,NEWSPRING PHARMACY LLC,6239329800,True,True,"Pharmacy, Community/Retail Pharmacy",10.1,31.9,10.8,84965,39203,1,21,877.9,1165330.0
1316997083,AVONDALE NEIGHBORHOOD PHARMACY LLC,LAMECK NYAKWEBA,AVONDALE,AZ,85392,6239329800,AVONDALE NEIGHBORHOOD PHARMACY LLC,6239329800,True,True,"Pharmacy, Community/Retail Pharmacy",10.1,31.9,10.8,84965,39203,1,21,877.9,1165330.0
1801592555,COMMUNITY CLINICAL PHARMACY LLC,RYAN COHEN,MESA,AZ,85210,4809690600,COMMUNITY CLINICAL PHARMACY LLC,4809690600,True,True,"Pharmacy, Community/Retail Pharmacy",10.1,32.8,9.2,59680,39941,1,21,877.9,1165330.0
1306033881,COMMUNITY DRUGSTORE II LLC,JOANNA GUBERNICK,MESA,AZ,85210,4804645472,COMMUNITY DRUGSTORE II LLC,4804645472,True,True,"Pharmacy, Community/Retail Pharmacy",10.1,32.8,9.2,59680,39941,1,21,877.9,1165330.0
1205257334,BANNER PHARMACY SERVICES LLC,DENNIS LARAWAY,GLENDALE,AZ,85306,6028652378,BANNER PHARMACY SERVICES LLC,6028652378,True,True,"Pharmacy, Community/Retail Pharmacy",10.0,30.1,16.5,82060,24696,1,21,877.9,1165330.0
1578996823,BANNER FAMILY PHARMACY,DENNIS DAHLEN,GLENDALE,AZ,85306,6028652378,BANNER FAMILY PHARMACY,6028652378,True,True,"Pharmacy, Community/Retail Pharmacy",10.0,30.1,16.5,82060,24696,1,21,877.9,1165330.0
1598903296,"COMMUNITY DRUG STORE, LLC",JEFFREY GUBERNICK,GLENDALE,AZ,85306,4805751103,"COMMUNITY DRUG STORE, LLC",4805751103,True,True,"Pharmacy, Community/Retail Pharmacy",10.0,30.1,16.5,82060,24696,1,21,877.9,1165330.0
1669777348,"EAGLE PHARMACY, LLC",BRYAN KRUEGER,GLENDALE,AZ,85306,6023545261,"EAGLE PHARMACY, LLC",6023545261,True,True,"Pharmacy, Community/Retail Pharmacy",10.0,30.1,16.5,82060,24696,1,21,877.9,1165330.0
1194886259,TATUM DRUGS INC,NATHAN KAPLAN,CAVE CREEK,AZ,85331,4804739746,TATUM DRUGS INC,4804739746,True,True,"Pharmacy, Community/Retail Pharmacy",9.9,27.3,25.6,123710,31866,1,21,877.9,1165330.0
1730071572,KAAJ PHARMACY INC.,KINJAL PATEL,PHOENIX,AZ,85028,6023185115,KAAJ PHARMACY INC.,6023185115,True,True,"Pharmacy, Community/Retail Pharmacy",9.9,27.7,23.5,119436,18952,1,21,877.9,1165330.0
1073006557,"MARY & JOSEPH FOOD AND DRUG COMPANY, LLC",TIMOTHY YOUKHANA,PHOENIX,AZ,85028,6026750887,"MARY & JOSEPH FOOD AND DRUG COMPANY, LLC",6026750887,True,True,"Pharmacy, Community/Retail Pharmacy",9.9,27.7,23.5,119436,18952,1,21,877.9,1165330.0
1861782856,"CUSTOMCEUTICAL COMPOUNDING, LLC",JAMES BURCH,PHOENIX,AZ,85028,4805160272,"CUSTOMCEUTICAL COMPOUNDING, LLC",4805160272,True,True,"Pharmacy, Community/Retail Pharmacy",9.9,27.7,23.5,119436,18952,1,21,877.9,1165330.0
1083035117,BANNER PHARMACY SERVICES LLC,DENNIS LARRAWAY,MESA,AZ,85202,4804124250,BANNER PHARMACY SERVICES LLC,4804124250,True,True,"Pharmacy, Community/Retail Pharmacy",9.9,31.8,11.6,66582,39292,1,21,877.9,1165330.0
1669120382,MEKONG PHARMACY,HUY NGUYEN,MESA,AZ,85202,4805598688,MEKONG PHARMACY,4805598688,True,True,"Pharmacy, Community/Retail Pharmacy",9.9,31.8,11.6,66582,39292,1,21,877.9,1165330.0
1669098257,NOWRX INC,CHRISTIE HANCOCK,MESA,AZ,85202,4804003000,NOWRX INC,4804003000,True,True,"Pharmacy, Community/Retail Pharmacy",9.9,31.8,11.6,66582,39292,1,21,877.9,1165330.0
1164808648,"FATIMA PHARMACY, LLC",HUY VU,MESA,AZ,85202,4805122188,"FATIMA PHARMACY, LLC",4805122188,True,True,"Pharmacy, Community/Retail Pharmacy",9.9,31.8,11.6,66582,39292,1,21,877.9,1165330.0
1588092282,BANNER FAMILY PHARMACY,EVELIN ROBLES,MESA,AZ,85202,4804124250,BANNER FAMILY PHARMACY,4804124250,True,True,"Pharmacy, Community/Retail Pharmacy",9.9,31.8,11.6,66582,39292,1,21,877.9,1165330.0
1033151600,T MED PRODUCTS INC,GARY TROILO,MESA,AZ,85202,4803452555,T MED PRODUCTS INC,4803452555,True,True,Pharmacy,9.9,31.8,11.6,66582,39292,1,21,877.9,1165330.0
1417545534,BANNER PHARMACY SERVICES LLC,DENNIS LARAWAY,GLENDALE,AZ,85308,6232482000,BANNER PHARMACY SERVICES LLC,6232482000,True,True,"Pharmacy, Community/Retail Pharmacy",9.8,29.3,17.6,95512,65159,1,21,877.9,1165330.0
1730269895,CARESITE PHARMACY OF ARIZONA LLC,JAMES MESSINA,GLENDALE,AZ,85308,6233623999,CARESITE PHARMACY OF ARIZONA LLC,6233623999,True,True,"Pharmacy, Community/Retail Pharmacy",9.8,29.3,17.6,95512,65159,1,21,877.9,1165330.0
1598755548,"AVELLA OF ARROWHEAD, INC",JOHN MUSIL,GLENDALE,AZ,85308,6029428270,"AVELLA OF ARROWHEAD, INC",6029428270,True,True,"Pharmacy, Community/Retail Pharmacy",9.8,29.3,17.6,95512,65159,1,21,877.9,1165330.0
1215262423,WEST VALLEY PHARMACY,GLORIA UCHENDU,GLENDALE,AZ,85308,6235610710,WEST VALLEY PHARMACY,6235610710,True,True,"Pharmacy, Community/Retail Pharmacy",9.8,29.3,17.6,95512,65159,1,21,877.9,1165330.0
1861814758,GENRX CORP,RICHELLE ALDRICH,SCOTTSDALE,AZ,85255,6028924250,GENRX CORP,6028924250,True,True,"Pharmacy, Community/Retail Pharmacy",9.7,25.6,27.7,143567,45136,1,21,877.9,1165330.0
1376548016,"AVELLA OF GRAYHAWK, INC.",JOHN MUSIL,SCOTTSDALE,AZ,85255,4805380699,"AVELLA OF GRAYHAWK, INC.",4805380699,True,True,"Pharmacy, Community/Retail Pharmacy",9.7,25.6,27.7,143567,45136,1,21,877.9,1165330.0
1730758046,KEYSTONE PHARMACY LLC,VINEETH NADIMPALLY,PEORIA,AZ,85381,6027670606,KEYSTONE PHARMACY LLC,6027670606,True,True,"Pharmacy, Community/Retail Pharmacy",9.6,28.4,19.7,94442,26895,1,21,877.9,1165330.0
1578247342,SONORAN DRUGS,THOMAS SHAW,PEORIA,AZ,85381,6025092863,SONORAN DRUGS,6025092863,True,True,"Pharmacy, Community/Retail Pharmacy",9.6,28.4,19.7,94442,26895,1,21,877.9,1165330.0
1982104840,"C.A.R.E. PHARMACY, LLC",JEREMY JOHNSON,PEORIA,AZ,85381,6239740522,"C.A.R.E. PHARMACY, LLC",6239740522,True,True,"Pharmacy, Community/Retail Pharmacy",9.6,28.4,19.7,94442,26895,1,21,877.9,1165330.0
1508004144,"DESERT SKY PHARMACY, LLC",TAI PHAM,PEORIA,AZ,85381,6232090870,"DESERT SKY PHARMACY, LLC",6232090870,True,True,"Pharmacy, Community/Retail Pharmacy",9.6,28.4,19.7,94442,26895,1,21,877.9,1165330.0
1184842718,HARBOR VISTA,FEMI OMODARA,PEORIA,AZ,85381,6022775444,HARBOR VISTA,6022775444,True,True,"Pharmacy, Community/Retail Pharmacy",9.6,28.4,19.7,94442,26895,1,21,877.9,1165330.0
1285983007,SUN CITY PHARMACY INC,MOHAMED HASSANEIN-ELEMBABI,PEORIA,AZ,85381,6233226664,SUN CITY PHARMACY INC,6233226664,True,True,"Pharmacy, Community/Retail Pharmacy",9.6,28.4,19.7,94442,26895,1,21,877.9,1165330.0
1437408085,"CAREFREE COMPOUNDING & WELLNESS, LLC",LORICA YOCKEY,PHOENIX,AZ,85086,6238061300,"CAREFREE COMPOUNDING & WELLNESS, LLC",6238061300,True,True,"Pharmacy, Community/Retail Pharmacy",9.6,28.2,18.0,118543,43369,1,21,877.9,1165330.0
1164981643,NORTH VALLEY PHARMACY LLC,TARA MOORE,PHOENIX,AZ,85086,6232215412,NORTH VALLEY PHARMACY LLC,6232215412,True,True,"Pharmacy, Community/Retail Pharmacy",9.6,28.2,18.0,118543,43369,1,21,877.9,1165330.0
1962577544,FOOTHILLS PROFESSIONAL PHARMACY LTD,PUJAN PATEL,TEMPE,AZ,85283,4804964444,FOOTHILLS PROFESSIONAL PHARMACY LTD,4804964444,True,True,"Pharmacy, Compounding Pharmacy",9.5,29.8,12.4,81073,46789,1,21,877.9,1165330.0
1134190093,MAYO CLINIC ARIZONA,ROSHANAK DIDEHBAN,SCOTTSDALE,AZ,85259,4803018000,MAYO CLINIC ARIZONA,4803018000,True,True,"Pharmacy, Community/Retail Pharmacy",9.4,25.1,26.8,145574,22156,1,21,877.9,1165330.0
1124622360,STAR CARE PHARMACY LLC,RIMA PATEL,SCOTTSDALE,AZ,85259,6234043626,STAR CARE PHARMACY LLC,6234043626,True,True,Pharmacy,9.4,25.1,26.8,145574,22156,1,21,877.9,1165330.0
1780720391,RANCH DRUGSTORE INC,SHEILA SORAYA,SCOTTSDALE,AZ,85259,4804434656,RANCH DRUGSTORE INC,4804434656,True,True,"Pharmacy, Community/Retail Pharmacy",9.4,25.1,26.8,145574,22156,1,21,877.9,1165330.0
1962817437,MAYO PHARMACY SCOTTSDALE IV,YVONNE GROVER,SCOTTSDALE,AZ,85259,4803017650,MAYO PHARMACY SCOTTSDALE IV,4803017650,True,True,"Pharmacy, Community/Retail Pharmacy",9.4,25.1,26.8,145574,22156,1,21,877.9,1165330.0
1528190550,SUN DRUG INC,STEVE WEBER,SCOTTSDALE,AZ,85259,4808606866,SUN DRUG INC,4808606866,True,True,"Pharmacy, Community/Retail Pharmacy",9.4,25.1,26.8,145574,22156,1,21,877.9,1165330.0
1376558999,WILLO PHARMACY,STEVEN WEBER,SCOTTSDALE,AZ,85259,4808606866,WILLO PHARMACY,4808606866,True,True,"Pharmacy, Community/Retail Pharmacy",9.4,25.1,26.8,145574,22156,1,21,877.9,1165330.0
1144762402,HONORHEALTH,JENIFER HENDRIX,PHOENIX,AZ,85027,6026746222,HONORHEALTH,6026746222,True,True,"Pharmacy, Community/Retail Pharmacy",9.4,30.5,13.4,73255,38986,1,21,877.9,1165330.0
1487958583,"ARIZONA PHARMACY, LLC",GRACE JONES,PHOENIX,AZ,85027,6239391120,"ARIZONA PHARMACY, LLC",6239391120,True,True,"Pharmacy, Community/Retail Pharmacy",9.4,30.5,13.4,73255,38986,1,21,877.9,1165330.0
1144093972,CIRCLE THE CITY,JOEL WRIGHT,PHOENIX,AZ,85013,8446509131,CIRCLE THE CITY,8446509131,True,True,"Pharmacy, Community/Retail Pharmacy",9.3,30.7,14.4,68895,20947,1,21,877.9,1165330.0
1124513759,METROMED SOLUTIONS LLC,CHRISTOPHER COKER,PHOENIX,AZ,85013,7804791258,METROMED SOLUTIONS LLC,7804791258,True,True,"Pharmacy, Community/Retail Pharmacy",9.3,30.7,14.4,68895,20947,1,21,877.9,1165330.0
1013613975,PHARMASSIST HOLDINGS LLC,BRANDON HENDRICKSON,PHOENIX,AZ,85013,6022741140,PHARMASSIST HOLDINGS LLC,6022741140,True,True,"Pharmacy, Community/Retail Pharmacy",9.3,30.7,14.4,68895,20947,1,21,877.9,1165330.0
1972133825,ST JOSEPH PHAR LLC,CHRIS COKER,PHOENIX,AZ,85013,6022741140,ST JOSEPH PHAR LLC,6022741140,True,True,"Pharmacy, Community/Retail Pharmacy",9.3,30.7,14.4,68895,20947,1,21,877.9,1165330.0
1194198374,CENTRAL PHARMACY INC,MOHAMED ESLAM ELMISSIREY,PHOENIX,AZ,85013,4804446612,CENTRAL PHARMACY INC,4804446612,True,True,"Pharmacy, Community/Retail Pharmacy",9.3,30.7,14.4,68895,20947,1,21,877.9,1165330.0
1326084872,DIGNITY HEALTH,JEFFREY JACKSON,PHOENIX,AZ,85013,6024063970,DIGNITY HEALTH,6024063970,True,True,"Pharmacy, Community/Retail Pharmacy",9.3,30.7,14.4,68895,20947,1,21,877.9,1165330.0
1073628095,MELROSE PHARMACY LLC,TERESA STICKLER,PHOENIX,AZ,85013,6022774714,MELROSE PHARMACY LLC,6022774714,True,True,"Pharmacy, Community/Retail Pharmacy",9.3,30.7,14.4,68895,20947,1,21,877.9,1165330.0
1700179801,ABUNDANT ENTERPRISES L.L.C,OLUFEMI OMODARA,PHOENIX,AZ,85013,6022775444,ABUNDANT ENTERPRISES L.L.C,6022775444,True,True,"Pharmacy, Community/Retail Pharmacy",9.3,30.7,14.4,68895,20947,1,21,877.9,1165330.0
1518659770,NEIGHBORHOOD OUTREACH ACCESS TO HEALTH,WENDY ARMENDARIZ,SCOTTSDALE,AZ,85257,4808824545,NEIGHBORHOOD OUTREACH ACCESS TO HEALTH,4808824545,True,True,"Pharmacy, Community/Retail Pharmacy",9.1,28.2,20.5,79828,29055,1,21,877.9,1165330.0
1992179212,RSVP RX - AZ LLC,ROBERT RECORD,SCOTTSDALE,AZ,85257,8779654800,RSVP RX - AZ LLC,8779654800,True,True,"Pharmacy, Community/Retail Pharmacy",9.1,28.2,20.5,79828,29055,1,21,877.9,1165330.0
1821569633,"HEALTHRX PHARMACY, LLC.",KEVIN NGUYEN,PHOENIX,AZ,85014,4803507550,"HEALTHRX PHARMACY, LLC.",4803507550,True,True,"Pharmacy, Community/Retail Pharmacy",9.1,30.8,15.6,69995,26215,1,21,877.9,1165330.0
1457669566,KIERNAN APOTHECARIES PLLC,DAVID KIERNAN,SCOTTSDALE,AZ,85254,4809487065,KIERNAN APOTHECARIES PLLC,4809487065,True,True,"Pharmacy, Compounding Pharmacy",9.0,26.0,21.3,120885,46655,1,21,877.9,1165330.0
1730190307,SACKS PROFESSIONAL PHARMACY INC,MEL SACKS,SCOTTSDALE,AZ,85254,6027887072,SACKS PROFESSIONAL PHARMACY INC,6027887072,True,True,"Pharmacy, Community/Retail Pharmacy",9.0,26.0,21.3,120885,46655,1,21,877.9,1165330.0
1659478493,SCOTTSDALE PROFESSIONAL PHARMACY LTD,SARAH SIMMERS,SCOTTSDALE,AZ,85254,4809469477,SCOTTSDALE PROFESSIONAL PHARMACY LTD,4809469477,True,True,"Pharmacy, Community/Retail Pharmacy",9.0,26.0,21.3,120885,46655,1,21,877.9,1165330.0
1740952993,"TCLSJM, LLC",SARAH SIMMERS,SCOTTSDALE,AZ,85254,4805509517,"TCLSJM, LLC",4805509517,True,True,"Pharmacy, Community/Retail Pharmacy",9.0,26.0,21.3,120885,46655,1,21,877.9,1165330.0
1184390965,BFG HEALTH LLC,HIRENKUMAR DUDHAT,CHANDLER,AZ,85224,4805902040,BFG HEALTH LLC,4805902040,True,True,"Pharmacy, Community/Retail Pharmacy",9.0,28.6,13.1,90886,48304,1,21,877.9,1165330.0
1770263600,COOLIDGE PHARMACY LLC,VIRALIBEN VIRADIA,CHANDLER,AZ,85224,5204644401,COOLIDGE PHARMACY LLC,5204644401,True,True,Pharmacy,9.0,28.6,13.1,90886,48304,1,21,877.9,1165330.0
1487118717,"LITON RX, INC.",TIMOTHY WHALEN,CHANDLER,AZ,85224,8133042221,"LITON RX, INC.",8133042221,True,True,"Pharmacy, Community/Retail Pharmacy",9.0,28.6,13.1,90886,48304,1,21,877.9,1165330.0
1962872226,DESERT PHARMACY LLC,SALVATORE AUGONE,CHANDLER,AZ,85224,9548299417,DESERT PHARMACY LLC,9548299417,True,True,"Pharmacy, Community/Retail Pharmacy",9.0,28.6,13.1,90886,48304,1,21,877.9,1165330.0
1003298910,OUR PHARMACY,ASHWIN WAGHRAY,CHANDLER,AZ,85224,4808123725,OUR PHARMACY,4808123725,True,True,"Pharmacy, Community/Retail Pharmacy",9.0,28.6,13.1,90886,48304,1,21,877.9,1165330.0
1033460910,TRINITY HEALTH CARE LLC,CHETAN KHATRI,CHANDLER,AZ,85224,4808557123,TRINITY HEALTH CARE LLC,4808557123,True,True,"Pharmacy, Community/Retail Pharmacy",9.0,28.6,13.1,90886,48304,1,21,877.9,1165330.0
1588102487,RAINTREE APOTHECARY LLC,ERIN BUTLER,SCOTTSDALE,AZ,85260,4809125959,RAINTREE APOTHECARY LLC,4809125959,True,True,"Pharmacy, Community/Retail Pharmacy",8.9,25.5,21.0,103854,39842,1,21,877.9,1165330.0
1720083462,"AVELLA OF CHANDLER, INC",JOHN MUSIL,TEMPE,AZ,85284,4807754784,"AVELLA OF CHANDLER, INC",4807754784,True,True,"Pharmacy, Community/Retail Pharmacy",8.8,25.5,18.2,154663,19696,1,21,877.9,1165330.0
1194183582,METIER PHARMACY LLC,JOHN HOUSE,PHOENIX,AZ,85018,6028996960,METIER PHARMACY LLC,6028996960,True,True,"Pharmacy, Community/Retail Pharmacy",8.8,28.4,15.6,87637,38268,1,21,877.9,1165330.0
1093820011,CAMELBACK VILLAGE PHARMACY INC,DENNIS MEYERS,PHOENIX,AZ,85018,6029552880,CAMELBACK VILLAGE PHARMACY INC,6029552880,True,True,"Pharmacy, Community/Retail Pharmacy",8.8,28.4,15.6,87637,38268,1,21,877.9,1165330.0
1386655959,GOLDSTEIN PHARMACEUTICALS SERVICES INC,LARRY GOLDSTEIN,PHOENIX,AZ,85018,6029568540,GOLDSTEIN PHARMACEUTICALS SERVICES INC,6029568540,True,True,"Pharmacy, Community/Retail Pharmacy",8.8,28.4,15.6,87637,38268,1,21,877.9,1165330.0
1144059916,UNITY RX LLC,MARIE VERDUGO,PHOENIX,AZ,85016,6232202121,UNITY RX LLC,6232202121,True,True,"Pharmacy, Community/Retail Pharmacy",8.8,29.4,15.4,85085,36857,1,21,877.9,1165330.0
1578921094,MESA NEIGHBORHOOD PHARMACY LLC,VITTELIAN FORBES,PHOENIX,AZ,85016,4803299585,MESA NEIGHBORHOOD PHARMACY LLC,4803299585,True,True,"Pharmacy, Community/Retail Pharmacy",8.8,29.4,15.4,85085,36857,1,21,877.9,1165330.0
1003806050,"APOTHECARY SHOP OF PHOENIX, INC",JOHN MUSIL,PHOENIX,AZ,85016,6022526120,"APOTHECARY SHOP OF PHOENIX, INC",6022526120,True,True,"Pharmacy, Community/Retail Pharmacy",8.8,29.4,15.4,85085,36857,1,21,877.9,1165330.0
1093960031,COMMUNITY DRUGSTORE III LLC,JOANNA GUBERNICK,PHOENIX,AZ,85016,6026827660,COMMUNITY DRUGSTORE III LLC,6026827660,True,True,"Pharmacy, Community/Retail Pharmacy",8.8,29.4,15.4,85085,36857,1,21,877.9,1165330.0
1053616581,PHAT DAI TAI LLC,JACKIE PHAN,PHOENIX,AZ,85016,6235355822,PHAT DAI TAI LLC,6235355822,True,True,"Pharmacy, Community/Retail Pharmacy",8.8,29.4,15.4,85085,36857,1,21,877.9,1165330.0
1518473735,STRIVE PHARMACY LLC,MICHAEL WALKER,GILBERT,AZ,85233,4806264366,STRIVE PHARMACY LLC,4806264366,True,True,"Pharmacy, Compounding Pharmacy",8.7,28.2,14.7,105154,37841,1,21,877.9,1165330.0
1255946562,GRAND CANYON ACQUISITION CO LLC,ERIC KINARIWALA,PHOENIX,AZ,85012,6025845158,GRAND CANYON ACQUISITION CO LLC,6025845158,True,True,"Pharmacy, Community/Retail Pharmacy",8.6,28.3,17.7,80242,8880,1,21,877.9,1165330.0
1184941585,"FAIRMONT PHARMACY, LLC",GREG ROLLER,PHOENIX,AZ,85012,6023191732,"FAIRMONT PHARMACY, LLC",6023191732,True,True,"Pharmacy, Community/Retail Pharmacy",8.6,28.3,17.7,80242,8880,1,21,877.9,1165330.0
1184909707,FAVOUR ENTERPRISES L.L.C,OLUFEMI OMODARA,PHOENIX,AZ,85012,6022302443,FAVOUR ENTERPRISES L.L.C,6022302443,True,True,Pharmacy,8.6,28.3,17.7,80242,8880,1,21,877.9,1165330.0
1558847954,"M2D PHARMACY, LLC",DAWN HOANG,QUEEN CREEK,AZ,85142,4805341797,"M2D PHARMACY, LLC",4805341797,True,True,"Pharmacy, Community/Retail Pharmacy",8.6,31.2,10.7,125236,87201,1,21,877.9,1165330.0
1346774619,"ST. JAMES MTM PHARMACY, LLC",BRIAN MARASIGAN,PHOENIX,AZ,85050,4806623865,"ST. JAMES MTM PHARMACY, LLC",4806623865,True,True,"Pharmacy, Community/Retail Pharmacy",8.5,26.7,15.1,137389,32669,1,21,877.9,1165330.0
1295887552,MIXTURES PHARMACY LLC,LORI ALLEN,PHOENIX,AZ,85048,4807060620,MIXTURES PHARMACY LLC,4807060620,True,True,"Pharmacy, Community/Retail Pharmacy",8.5,26.9,14.6,123198,34113,1,21,877.9,1165330.0
1356147482,MANA HEALTH,HANG TRAN,CHANDLER,AZ,85226,4808636319,MANA HEALTH,4808636319,True,True,"Pharmacy, Compounding Pharmacy",8.5,27.4,12.2,103740,40974,1,21,877.9,1165330.0
1922416395,BANNER PHARMACY SERVICES LLC,DENNIS LARAWAY,CHANDLER,AZ,85226,6027476441,BANNER PHARMACY SERVICES LLC,6027476441,True,True,"Pharmacy, Community/Retail Pharmacy",8.5,27.4,12.2,103740,40974,1,21,877.9,1165330.0
1851577290,KORMAN LLC,STEVEN HARDMAN,CHANDLER,AZ,85226,4803650222,KORMAN LLC,4803650222,True,True,"Pharmacy, Community/Retail Pharmacy",8.5,27.4,12.2,103740,40974,1,21,877.9,1165330.0
1134652530,PHARMACYX,SAVAN NAGRECHA,GILBERT,AZ,85234,4808094289,PHARMACYX,4808094289,True,True,"Pharmacy, Community/Retail Pharmacy",8.5,28.2,11.7,118012,49040,1,21,877.9,1165330.0
1639561624,BANNER PHARMACY SERVICES LLC,DENNIS LARAWAY,GILBERT,AZ,85234,4805433060,BANNER PHARMACY SERVICES LLC,4805433060,True,True,"Pharmacy, Community/Retail Pharmacy",8.5,28.2,11.7,118012,49040,1,21,877.9,1165330.0
1306231139,BANNER PHARMACY SERVICES LLC,DENNIS LARAWAY,GILBERT,AZ,85234,4802565450,BANNER PHARMACY SERVICES LLC,4802565450,True,True,"Pharmacy, Community/Retail Pharmacy",8.5,28.2,11.7,118012,49040,1,21,877.9,1165330.0
1609245588,BANNER PHARMACY SERVICES LLC,DENNIS LARAWAY,GILBERT,AZ,85234,4805433060,BANNER PHARMACY SERVICES LLC,4805433060,True,True,"Pharmacy, Community/Retail Pharmacy",8.5,28.2,11.7,118012,49040,1,21,877.9,1165330.0
1205831955,"AVELLA OF GILBERT, INC.",JOHN MUSIL,GILBERT,AZ,85234,4806336934,"AVELLA OF GILBERT, INC.",4806336934,True,True,"Pharmacy, Community/Retail Pharmacy",8.5,28.2,11.7,118012,49040,1,21,877.9,1165330.0
1497771349,HOME PHARMACY SERVICES INC,TINA BERNA,PHOENIX,AZ,85024,6022569323,HOME PHARMACY SERVICES INC,6022569323,True,True,"Pharmacy, Specialty Pharmacy",8.2,28.5,10.7,97759,25674,1,21,877.9,1165330.0
1437571551,TOPICAL SOLUTIONS PHARMACY,DONALD BOLES,PHOENIX,AZ,85024,4803518278,TOPICAL SOLUTIONS PHARMACY,4803518278,True,True,"Pharmacy, Specialty Pharmacy",8.2,28.5,10.7,97759,25674,1,21,877.9,1165330.0
1669949780,CRESTVIEW PHARMACY SERVICES LLC,ALISON WISTNER,TEMPE,AZ,85282,4804851366,CRESTVIEW PHARMACY SERVICES LLC,4804851366,True,True,"Pharmacy, Community/Retail Pharmacy",8.1,28.1,12.9,79084,54501,1,21,877.9,1165330.0
1336519230,"PHXRX, LLC",CHRISTOPHER MACH,TEMPE,AZ,85282,8554977956,"PHXRX, LLC",8554977956,True,True,"Pharmacy, Community/Retail Pharmacy",8.1,28.1,12.9,79084,54501,1,21,877.9,1165330.0
1861100612,ACACIARX,BACH-TRUC CHAU,TUCSON,AZ,85747,5206700777,ACACIARX,5206700777,True,True,"Pharmacy, Community/Retail Pharmacy",8.0,29.7,12.7,107290,26808,1,21,877.9,1165330.0
1649281213,"CIVIC CENTER PHARMACY, LLC",AUSTIN MURPHY,SCOTTSDALE,AZ,85251,4809459519,"CIVIC CENTER PHARMACY, LLC",4809459519,True,True,"Pharmacy, Compounding Pharmacy",7.9,26.6,18.6,89151,39976,1,21,877.9,1165330.0
1124186952,WEDGEWOOD PHARMACY LLC,ALEJANDRO BERNAL-ANGEL,SCOTTSDALE,AZ,85251,8003318272,WEDGEWOOD PHARMACY LLC,8003318272,True,True,"Pharmacy, Compounding Pharmacy",7.9,26.6,18.6,89151,39976,1,21,877.9,1165330.0
1073851143,"ACORN USA, INC.",CHASE WESTEN,SCOTTSDALE,AZ,85251,4802907050,"ACORN USA, INC.",4802907050,True,True,"Pharmacy, Community/Retail Pharmacy",7.9,26.6,18.6,89151,39976,1,21,877.9,1165330.0
1902877855,MAYO CLINIC ARIZONA,ROSHANAK DIDEHBAN,PHOENIX,AZ,85054,4803010881,MAYO CLINIC ARIZONA,4803010881,True,True,"Pharmacy, Community/Retail Pharmacy",7.9,27.0,16.8,89099,10159,1,21,877.9,1165330.0
1255796496,MAYO CLINIC ARIZONA,ROSHANAK DIDEHBAN,PHOENIX,AZ,85054,4803424100,MAYO CLINIC ARIZONA,4803424100,True,True,"Pharmacy, Community/Retail Pharmacy",7.9,27.0,16.8,89099,10159,1,21,877.9,1165330.0
1952775298,DIGNITY HEALTH,MARK LEACH,PHOENIX,AZ,85004,6024060350,DIGNITY HEALTH,6024060350,True,True,"Pharmacy, Community/Retail Pharmacy",7.6,29.3,6.3,71250,11178,1,21,877.9,1165330.0
1447261078,S AND J PHARMACY INC,STEVEN GENRICH,PHOENIX,AZ,85004,6022571196,S AND J PHARMACY INC,6022571196,True,True,"Pharmacy, Community/Retail Pharmacy",7.6,29.3,6.3,71250,11178,1,21,877.9,1165330.0
1699273003,GILBERT PHARMACY,CORNELIUS TANYI,GILBERT,AZ,85296,4803755192,GILBERT PHARMACY,4803755192,True,True,"Pharmacy, Community/Retail Pharmacy",7.4,27.5,8.7,117120,52058,1,21,877.9,1165330.0
1821572405,TRAMANTO COMMUNITY PHARMACY,TARA MOORE,PHOENIX,AZ,85085,6233127854,TRAMANTO COMMUNITY PHARMACY,6233127854,True,True,"Pharmacy, Community/Retail Pharmacy",7.2,26.7,11.0,122138,30132,1,21,877.9,1165330.0
1154384899,BANNER PHARMACY SERVICES LLC,DENNIS LARAWAY,TUCSON,AZ,85719,5206947049,BANNER PHARMACY SERVICES LLC,5206947049,True,True,"Pharmacy, Community/Retail Pharmacy",7.2,30.0,9.8,41086,49609,1,21,877.9,1165330.0
1114695582,BANNER PHARMACY SERVICES LLC,DENNIS LARAWAY,TUCSON,AZ,85719,5206946193,BANNER PHARMACY SERVICES LLC,5206946193,True,True,"Pharmacy, Community/Retail Pharmacy",7.2,30.0,9.8,41086,49609,1,21,877.9,1165330.0
1811225352,"VSR HEALTHCARE, INCORPORATED",DEBORAH VAN SANT,TUCSON,AZ,85719,5204611125,"VSR HEALTHCARE, INCORPORATED",5204611125,True,True,"Pharmacy, Community/Retail Pharmacy",7.2,30.0,9.8,41086,49609,1,21,877.9,1165330.0
1659703460,MIXTURES PHARMACY LLC,LORI ALLEN,GILBERT,AZ,85295,4803005279,MIXTURES PHARMACY LLC,4803005279,True,True,"Pharmacy, Community/Retail Pharmacy",7.0,27.4,6.3,116288,54697,1,21,877.9,1165330.0
1033681853,MODERN PHARMACY SOLUTIONS,JOSEPH MARINO,GILBERT,AZ,85295,2817037999,MODERN PHARMACY SOLUTIONS,2817037999,True,True,"Pharmacy, Community/Retail Pharmacy",7.0,27.4,6.3,116288,54697,1,21,877.9,1165330.0
1346566015,NEIGHBORHOOD PHARMACY LLC,THERESIA MOLOI,GILBERT,AZ,85295,4805073393,NEIGHBORHOOD PHARMACY LLC,4805073393,True,True,"Pharmacy, Community/Retail Pharmacy",7.0,27.4,6.3,116288,54697,1,21,877.9,1165330.0
1629029251,ACCREDO HEALTH GROUP INC,VIC PERINI,TEMPE,AZ,85281,6029441199,ACCREDO HEALTH GROUP INC,6029441199,True,True,Pharmacy,5.4,26.3,6.2,59084,70726,1,21,877.9,1165330.0
1730042292,"CANYON RIVER, LLC",AKSHAR PATEL,TEMPE,AZ,85281,8604028018,"CANYON RIVER, LLC",8604028018,True,True,Pharmacy,5.4,26.3,6.2,59084,70726,1,21,877.9,1165330.0
1467467084,OP PHARMACY LLC,ALLISON BROWN,TEMPE,AZ,85281,4802401111,OP PHARMACY LLC,4802401111,True,True,"Pharmacy, Community/Retail Pharmacy",5.4,26.3,6.2,59084,70726,1,21,877.9,1165330.0
1124391479,BRIGHTON PHARMACY LLC,JEFFREY GUBERNICK,TEMPE,AZ,85281,8662260057,BRIGHTON PHARMACY LLC,8662260057,True,True,"Pharmacy, Community/Retail Pharmacy",5.4,26.3,6.2,59084,70726,1,21,877.9,1165330.0
1144699760,BANNER PHARMACY SERVICES LLC,DENNIS LARAWAY,TUCSON,AZ,85724,5206947049,BANNER PHARMACY SERVICES LLC,5206947049,True,True,"Pharmacy, Community/Retail Pharmacy",0,0,0,-666666666,0,1,21,877.9,1165330.0
1184283335,CANYONLANDS COMMUNITY HEALTH CARE,ANDREW LEWANDOWSKI,CHILCHINBETO,AZ,86033,9286978154,CANYONLANDS COMMUNITY HEALTH CARE,9286978154,True,True,"Pharmacy, Community/Retail Pharmacy",18.7,42.8,10.9,47973,8245,1,20,877.9,1165330.0
1417513904,N & R BRYCE ENTERPRISES LLC,NICKALAUS BRYCE,OVERGAARD,AZ,85933,9285378555,N & R BRYCE ENTERPRISES LLC,9285378555,True,True,"Pharmacy, Community/Retail Pharmacy",14.7,32.6,34.6,60149,3989,1,20,877.9,1165330.0
1306016324,PINE DRUGS,CASEY ALLEN,PINE,AZ,85544,9284763141,PINE DRUGS,9284763141,True,True,"Pharmacy, Community/Retail Pharmacy",14.6,28.3,50.0,54979,2780,1,20,877.9,1165330.0
1285645853,PAYSON APOTHECARY PHARMACY LLC,CRAIG MATHEWS,PAYSON,AZ,85541,9284688299,PAYSON APOTHECARY PHARMACY LLC,9284688299,True,True,"Pharmacy, Community/Retail Pharmacy",14.2,29.4,38.6,63857,23323,1,20,877.9,1165330.0
1386168250,N & R BRYCE ENTERPRISES LLC,NICKALAUS BRYCE,SHOW LOW,AZ,85901,9285378555,N & R BRYCE ENTERPRISES LLC,9285378555,True,True,"Pharmacy, Community/Retail Pharmacy",12.5,33.0,29.4,60313,18821,1,20,877.9,1165330.0
1811468804,SUMMIT HEALTHCARE ASSOCIATION,CAROLYN JACOBS,SHOW LOW,AZ,85901,9285376336,SUMMIT HEALTHCARE ASSOCIATION,9285376336,True,True,"Pharmacy, Community/Retail Pharmacy",12.5,33.0,29.4,60313,18821,1,20,877.9,1165330.0
1285749200,WESTERN DRUG INC,FRED HARPER,SPRINGERVILLE,AZ,85938,9283334321,WESTERN DRUG INC,9283334321,True,True,"Pharmacy, Community/Retail Pharmacy",12.3,29.0,30.3,54167,2079,1,20,877.9,1165330.0
1265443899,DUTCHER ENTERPRISES,CHARLES DUTCHER,PINETOP,AZ,85935,9283673868,DUTCHER ENTERPRISES,9283673868,True,True,"Pharmacy, Community/Retail Pharmacy",12.1,31.2,36.3,64934,4744,1,20,877.9,1165330.0
1689021933,CANYONLANDS COMMUNITY HEALTH CARE,ANDREW LEWANDOWSKI,PAGE,AZ,86040,9286456620,CANYONLANDS COMMUNITY HEALTH CARE,9286456620,True,True,"Pharmacy, Community/Retail Pharmacy",11.7,26.3,11.6,82544,10627,1,20,877.9,1165330.0
1508417189,CALL'S COMMUNITY PHARMACY LLC,JORDAN CALL,SNOWFLAKE,AZ,85937,9284571115,CALL'S COMMUNITY PHARMACY LLC,9284571115,True,True,"Pharmacy, Community/Retail Pharmacy",11.4,32.9,16.0,64475,9975,1,20,877.9,1165330.0
1780786186,WESTERN DRUG INC,FRED HARPER,ST JOHNS,AZ,85936,9283372229,WESTERN DRUG INC,9283372229,True,True,"Pharmacy, Community/Retail Pharmacy",10.2,27.5,7.0,127227,3966,1,20,877.9,1165330.0
1558372128,HARKER PROFESSIONAL PHARMACY INC,TOM HARKER,FLAGSTAFF,AZ,86004,9287745004,HARKER PROFESSIONAL PHARMACY INC,9287745004,True,True,"Pharmacy, Specialty Pharmacy",9.0,23.4,15.1,77486,36893,1,20,877.9,1165330.0
1619097961,WADHAMS APOTHECARY INC,SHARON WADHAMS,FLAGSTAFF,AZ,86004,9287745004,WADHAMS APOTHECARY INC,9287745004,True,True,"Pharmacy, Community/Retail Pharmacy",9.0,23.4,15.1,77486,36893,1,20,877.9,1165330.0
1093483018,"LITON RX, INC.",TIMOTHY WHALEN,FLAGSTAFF,AZ,86004,9287745405,"LITON RX, INC.",9287745405,True,True,"Pharmacy, Community/Retail Pharmacy",9.0,23.4,15.1,77486,36893,1,20,877.9,1165330.0
1427288950,MORTAR AND PESTLE,LAUREN DRIEBE,FLAGSTAFF,AZ,86004,9285262446,MORTAR AND PESTLE,9285262446,True,True,"Pharmacy, Compounding Pharmacy",9.0,23.4,15.1,77486,36893,1,20,877.9,1165330.0
1588191530,A.J.'S PHARMACY,ANDREW BURKLE,FLAGSTAFF,AZ,86001,9287797024,A.J.'S PHARMACY,9287797024,True,True,"Pharmacy, Community/Retail Pharmacy",5.7,21.7,7.3,62587,36900,1,20,877.9,1165330.0
1083805261,DOUGLAS PHARMACY LLC,GREG SHUMAKER,DOUGLAS,AZ,85607,5203642315,DOUGLAS PHARMACY LLC,5203642315,True,True,"Pharmacy, Community/Retail Pharmacy",18.9,37.7,14.8,40576,17009,1,19,877.9,1165330.0
1780859819,"DOUGLAS PHARMACY, LLC",GREGORY SHUMAKER,DOUGLAS,AZ,85607,5203642315,"DOUGLAS PHARMACY, LLC",5203642315,True,True,"Pharmacy, Community/Retail Pharmacy",18.9,37.7,14.8,40576,17009,1,19,877.9,1165330.0
1376554949,"UPTOWN PHARMACY OF KINGMAN , INC",CHRIS PROFFIT,GOLDEN VALLEY,AZ,86413,9285653900,"UPTOWN PHARMACY OF KINGMAN , INC",9285653900,True,True,"Pharmacy, Community/Retail Pharmacy",16.0,35.8,36.0,42752,12075,1,19,877.9,1165330.0
1396216719,DEEFLAT LLC,TUAN DINH,BULLHEAD CITY,AZ,86442,9282995070,DEEFLAT LLC,9282995070,True,True,"Pharmacy, Community/Retail Pharmacy",15.9,34.8,31.2,45486,34327,1,19,877.9,1165330.0
1356961726,"TRUECHOICE PHARMACY, LLC",SATHISH ARIARRACARIAPPA,BULLHEAD CITY,AZ,86442,7208289959,"TRUECHOICE PHARMACY, LLC",7208289959,True,True,"Pharmacy, Community/Retail Pharmacy",15.9,34.8,31.2,45486,34327,1,19,877.9,1165330.0
1366717860,EZYFAST PHARMACY L L C,EZEKIEL KESITILWE,BULLHEAD CITY,AZ,86442,9282195912,EZYFAST PHARMACY L L C,9282195912,True,True,"Pharmacy, Community/Retail Pharmacy",15.9,34.8,31.2,45486,34327,1,19,877.9,1165330.0
1669060166,NORTHERN ARIZONA PHARMACY LLC,JASON DYKSTRA,CORDES LAKES,AZ,86333,9289685040,NORTHERN ARIZONA PHARMACY LLC,9289685040,True,True,"Pharmacy, Community/Retail Pharmacy",15.1,31.3,26.3,54385,6425,1,19,877.9,1165330.0
1992286298,"KINGMAN HEALTHCARE, INC",TIM BLANCHARD,KINGMAN,AZ,86409,9286818778,"KINGMAN HEALTHCARE, INC",9286818778,True,True,"Pharmacy, Community/Retail Pharmacy",14.4,34.3,27.8,48499,30868,1,19,877.9,1165330.0
1912918582,"UPTOWN PHARMACY OF KINGMAN , INC",CHRIS PROFFIT,KINGMAN,AZ,86409,9287571131,"UPTOWN PHARMACY OF KINGMAN , INC",9287571131,True,True,"Pharmacy, Community/Retail Pharmacy",14.4,34.3,27.8,48499,30868,1,19,877.9,1165330.0
1912918590,KINGMAN HOMETOWN PHARMACY LLC,JENNIFER VELEZ,KINGMAN,AZ,86409,9286814888,KINGMAN HOMETOWN PHARMACY LLC,9286814888,True,True,Pharmacy,14.4,34.3,27.8,48499,30868,1,19,877.9,1165330.0
1750327847,TERRITORIAL DRUG CO INC,ANTHONY ROETHER,TOMBSTONE,AZ,85638,5204573543,TERRITORIAL DRUG CO INC,5204573543,True,True,"Pharmacy, Community/Retail Pharmacy",14.3,29.5,42.5,56172,1621,1,19,877.9,1165330.0
1407292816,MOHAVE PHARMACY L.L.C.,ERNST KRUGER,FORT MOHAVE,AZ,86426,9287683356,MOHAVE PHARMACY L.L.C.,9287683356,True,True,"Pharmacy, Community/Retail Pharmacy",14.0,32.6,37.0,65186,15520,1,19,877.9,1165330.0
1902445802,NORTHERN ARIZONA PHARMACY LLC,JASON DYKSTRA,DEWEY,AZ,86327,9285150455,NORTHERN ARIZONA PHARMACY LLC,9285150455,True,True,"Pharmacy, Community/Retail Pharmacy",13.5,26.9,44.3,70375,12081,1,19,877.9,1165330.0
1164511481,"LISKA'S APOTHECARY SHOP, INC.",ANTHONY LISKA,LAKE HAVASU CITY,AZ,86403,9288550106,"LISKA'S APOTHECARY SHOP, INC.",9288550106,True,True,"Pharmacy, Community/Retail Pharmacy",13.3,32.3,30.7,57531,18399,1,19,877.9,1165330.0
1851857270,BRIDGE MEDICAL SERVICES LLC,EZEKIEL KESITILWE,LAKE HAVASU CITY,AZ,86403,9282309812,BRIDGE MEDICAL SERVICES LLC,9282309812,True,True,"Pharmacy, Community/Retail Pharmacy",13.3,32.3,30.7,57531,18399,1,19,877.9,1165330.0
1609386119,LAKESIDE PHARMACY LLC,MILAGRO AMATO,LAKE HAVASU CITY,AZ,86403,9288468818,LAKESIDE PHARMACY LLC,9288468818,True,True,"Pharmacy, Community/Retail Pharmacy",13.3,32.3,30.7,57531,18399,1,19,877.9,1165330.0
1114033107,"SEDONA GROCERY, LLC",MICHAEL FRANKLIN,SEDONA,AZ,86351,9282842202,"SEDONA GROCERY, LLC",9282842202,True,True,"Pharmacy, Community/Retail Pharmacy",12.5,24.6,52.3,80304,6560,1,19,877.9,1165330.0
1336335058,BIG PARK PHARMACY LLC,GREGG HUSER,SEDONA,AZ,86336,9282849593,BIG PARK PHARMACY LLC,9282849593,True,True,"Pharmacy, Compounding Pharmacy",12.4,24.6,38.5,65000,11223,1,19,877.9,1165330.0
1003827676,"UPTOWN PHARMACY OF KINGMAN , INC",CHRIS PROFFIT,KINGMAN,AZ,86401,9287532226,"UPTOWN PHARMACY OF KINGMAN , INC",9287532226,True,True,"Pharmacy, Community/Retail Pharmacy",12.4,32.1,26.1,64087,29071,1,19,877.9,1165330.0
1760878821,WEST KINGMAN PHARMACY LLC,KASSIE VILLA,KINGMAN,AZ,86401,9287185418,WEST KINGMAN PHARMACY LLC,9287185418,True,True,"Pharmacy, Community/Retail Pharmacy",12.4,32.1,26.1,64087,29071,1,19,877.9,1165330.0
1609470343,EJBRX LLC,JANET BUCHNER,SIERRA VISTA,AZ,85650,5202361035,EJBRX LLC,5202361035,True,True,"Pharmacy, Community/Retail Pharmacy",12.3,28.0,31.1,84819,14154,1,19,877.9,1165330.0
1558882233,CHIRICAHUA COMMUNITY HEALTH CENTERS INC,JONATHAN MELK,SIERRA VISTA,AZ,85635,5205158678,CHIRICAHUA COMMUNITY HEALTH CENTERS INC,5205158678,True,True,Pharmacy,12.2,30.4,23.3,60822,34958,1,19,877.9,1165330.0
1750536512,SIERRA PHARMACY LLC,ANTHONY ROETHER,SIERRA VISTA,AZ,85635,5204590705,SIERRA PHARMACY LLC,5204590705,True,True,"Pharmacy, Community/Retail Pharmacy",12.2,30.4,23.3,60822,34958,1,19,877.9,1165330.0
1194175588,NORTHERN ARIZONA PHARMACY LLC,JASON DYKSTRA,CHINO VALLEY,AZ,86323,9285150046,NORTHERN ARIZONA PHARMACY LLC,9285150046,True,True,Pharmacy,12.0,28.2,26.5,62815,19297,1,19,877.9,1165330.0
1679241699,"LITON RX, INC.",TIMOTHY WHALEN,PRESCOTT,AZ,86305,9289233131,"LITON RX, INC.",9289233131,True,True,"Pharmacy, Community/Retail Pharmacy",11.6,24.7,44.2,78802,19430,1,19,877.9,1165330.0
1548408230,"COMMUNITY DRUG STORE, LLC",JEFFREY GUBERNICK,PRESCOTT VALLEY,AZ,86314,4805751103,"COMMUNITY DRUG STORE, LLC",4805751103,True,True,"Pharmacy, Community/Retail Pharmacy",11.2,28.1,24.8,67263,40109,1,19,877.9,1165330.0
1235437914,HSP INC,MOHAMED ELMISSIREY,PRESCOTT VALLEY,AZ,86314,9283501500,HSP INC,9283501500,True,True,"Pharmacy, Community/Retail Pharmacy",11.2,28.1,24.8,67263,40109,1,19,877.9,1165330.0
1073709119,AVE MARIA PHARMACY P.L.L.C.,PATRICK MCNERNEY,PRESCOTT,AZ,86301,9287728674,AVE MARIA PHARMACY P.L.L.C.,9287728674,True,True,"Pharmacy, Compounding Pharmacy",11.0,24.6,38.5,71962,26204,1,19,877.9,1165330.0
1538680269,THUMB BUTTE PHARMACY LLC,PEDRAM PEZESHKI,PRESCOTT,AZ,86301,9282374006,THUMB BUTTE PHARMACY LLC,9282374006,True,True,"Pharmacy, Community/Retail Pharmacy",11.0,24.6,38.5,71962,26204,1,19,877.9,1165330.0
1003458332,BEE'S MARKETPLACE CORPORATION,RICHARD TIMPSON,COLORADO CITY,AZ,86021,9288137110,BEE'S MARKETPLACE CORPORATION,9288137110,True,True,"Pharmacy, Community/Retail Pharmacy",6.7,32.0,1.1,75781,4619,1,19,877.9,1165330.0
1811090160,HAPPY VALLEY PHARMACY LLC,HOWARD PULVER,QUARTZSITE,AZ,85346,9289275300,HAPPY VALLEY PHARMACY LLC,9289275300,True,True,"Pharmacy, Community/Retail Pharmacy",20.7,34.2,69.6,31179,2358,1,18,877.9,1165330.0
1932290517,ECKERT DRUG,STEPHEN ECKERT,YUMA,AZ,85367,9283422388,ECKERT DRUG,9283422388,True,True,"Pharmacy, Community/Retail Pharmacy",17.1,34.2,50.8,55766,21356,1,18,877.9,1165330.0
1851604524,SANTA TERESA PHARMACY LLC,RAJ SHAH,SAN LUIS,AZ,85336,9283281000,SANTA TERESA PHARMACY LLC,9283281000,True,True,"Pharmacy, Community/Retail Pharmacy",16.9,42.5,8.7,58314,7884,1,18,877.9,1165330.0
1467463034,JOHN E MCCLELLAN,JOHN MCCLELLAN,PARKER,AZ,85344,9286692147,JOHN E MCCLELLAN,9286692147,True,True,"Pharmacy, Community/Retail Pharmacy",15.1,36.2,25.6,54872,9069,1,18,877.9,1165330.0
1780798678,SUNSET COMMUNITY HEALTH CENTER,MICHAEL WYMAN,YUMA,AZ,85364,9288198941,SUNSET COMMUNITY HEALTH CENTER,9288198941,True,True,"Pharmacy, Community/Retail Pharmacy",14.9,39.2,16.4,57497,72125,1,18,877.9,1165330.0
1881732287,KACHINA PHARMACY,DAVID PLATT,YUMA,AZ,85364,9287264081,KACHINA PHARMACY,9287264081,True,True,"Pharmacy, Community/Retail Pharmacy",14.9,39.2,16.4,57497,72125,1,18,877.9,1165330.0
1093827073,SANT DRUG INC,THOMAS BURRELL,YUMA,AZ,85364,9287837856,SANT DRUG INC,9287837856,True,True,"Pharmacy, Community/Retail Pharmacy",14.9,39.2,16.4,57497,72125,1,18,877.9,1165330.0
1194028605,SHRI SAI LLC,CHETAN KHATRI,YUMA,AZ,85364,9282764693,SHRI SAI LLC,9282764693,True,True,"Pharmacy, Community/Retail Pharmacy",14.9,39.2,16.4,57497,72125,1,18,877.9,1165330.0
1386244861,CANYONLANDS COMMUNITY HEALTHCARE,JODI TATE,DUNCAN,AZ,85534,9286459675,CANYONLANDS COMMUNITY HEALTHCARE,9286459675,True,True,"Pharmacy, Community/Retail Pharmacy",13.1,33.8,20.6,63929,3088,1,18,877.9,1165330.0
1326695545,LIFECARE PHARMACY YUMA LLC,PREM KALIDINDI,YUMA,AZ,85365,2108810890,LIFECARE PHARMACY YUMA LLC,2108810890,True,True,"Pharmacy, Community/Retail Pharmacy",12.6,35.0,22.6,68358,53149,1,18,877.9,1165330.0
1275589616,WALTON & WALTON INC.,DEBBIE WALTON,MORENCI,AZ,85540,9288659946,WALTON & WALTON INC.,9288659946,True,True,"Pharmacy, Community/Retail Pharmacy",7.5,32.3,0.7,80000,3887,1,18,877.9,1165330.0
1043314776,FLORENCE DRUG,GAYLE DAVIS,FLORENCE,AZ,85232,5208685722,FLORENCE DRUG,5208685722,True,True,"Pharmacy, Community/Retail Pharmacy",0,0,0,0,0,0,0,877.9,1165330.0
1235938416,"SAM'S WEST, INC.",KIMBERLY CANONIC,TEMPE,AZ,85288,4793712827,"SAM'S WEST, INC.",4793712827,True,True,"Pharmacy, Community/Retail Pharmacy",0,0,0,0,0,0,0,877.9,1165330.0
