npi,display_name,owner_name,city,state,zip,phone,cms_org_name,cms_phone,address_matches,phone_matches,primary_taxonomy_desc,zip_diabetes_pct,zip_obesity_pct,zip_pct_65_plus,zip_median_income,zip_population,hpsa_designated,hpsa_score,state_glp1_claims_per_pharmacy,state_glp1_cost_per_pharmacy
1801854047,"GEORGE'S FAMILY PHARMACY, INC.",BLAKE GILLMAN,INDIANAPOLIS,IN,46219,3173598278,"GEORGE'S FAMILY PHARMACY, INC.",3173598278,True,True,Pharmacy,14.5,39.5,13.1,57811,38246,1,23,1573.3,2002843.0
1215940895,ONCOLOGY & HEMATOLOGY ASSOC INC,ANDREW GREENSPAN,INDIANAPOLIS,IN,46219,3179645267,ONCOLOGY & HEMATOLOGY ASSOC INC,3179645267,True,True,"Pharmacy, Community/Retail Pharmacy",14.5,39.5,13.1,57811,38246,1,23,1573.3,2002843.0
1265931638,INDY SCRIPTS INC,LESLIE ATEM,INDIANAPOLIS,IN,46254,3178205454,INDY SCRIPTS INC,3178205454,True,True,"Pharmacy, Community/Retail Pharmacy",14.5,42.9,11.3,57825,40263,1,23,1573.3,2002843.0
1497963540,CUSTOM MED APOTHECARY,JEFF JACKSON,INDIANAPOLIS,IN,46254,3178033436,CUSTOM MED APOTHECARY,3178033436,True,True,"Pharmacy, Community/Retail Pharmacy",14.5,42.9,11.3,57825,40263,1,23,1573.3,2002843.0
1164390274,HEALTHNET PHARMACY LLC,VARON CANTRELL,INDIANAPOLIS,IN,46201,3176439424,HEALTHNET PHARMACY LLC,3176439424,True,True,"Pharmacy, Community/Retail Pharmacy",14.1,41.9,10.6,43183,31650,1,23,1573.3,2002843.0
1700413721,DAMAR PHARMACY SERVICES,JIM DALTON,INDIANAPOLIS,IN,46241,3178565201,DAMAR PHARMACY SERVICES,3178565201,True,True,"Pharmacy, Community/Retail Pharmacy",14.0,41.0,8.9,51598,32943,1,23,1573.3,2002843.0
1982197463,360 PHARMACY CARE LLC,STEVE HUYNH,INDIANAPOLIS,IN,46241,3176691093,360 PHARMACY CARE LLC,3176691093,True,True,"Pharmacy, Community/Retail Pharmacy",14.0,41.0,8.9,51598,32943,1,23,1573.3,2002843.0
1124567565,EAST WASHINGTON PHARMACY LLC,KIRAN JAMES,INDIANAPOLIS,IN,46229,3175919393,EAST WASHINGTON PHARMACY LLC,3175919393,True,True,"Pharmacy, Community/Retail Pharmacy",13.8,41.1,14.3,62982,28284,1,23,1573.3,2002843.0
1811074438,"KISCH, P.C.",GLENN KISCH,SPEEDWAY,IN,46224,3173479929,"KISCH, P.C.",3173479929,True,True,"Pharmacy, Community/Retail Pharmacy",13.6,41.5,9.4,53731,39858,1,23,1573.3,2002843.0
1871084798,SD&J LLC T A MADE-IN INDIANAPOLIS PHARMACY & MEDICAL EQUIPMENT,JACK WELLS,INDIANAPOLIS,IN,46224,3174385236,SD&J LLC T A MADE-IN INDIANAPOLIS PHARMACY & MEDICAL EQUIPMENT,3174385236,True,True,"Pharmacy, Community/Retail Pharmacy",13.6,41.5,9.4,53731,39858,1,23,1573.3,2002843.0
1851306765,MARSH DRUGS LLC,BETH BROWN,INDIANAPOLIS,IN,46224,3172482427,MARSH DRUGS LLC,3172482427,True,True,"Pharmacy, Community/Retail Pharmacy",13.6,41.5,9.4,53731,39858,1,23,1573.3,2002843.0
1811613870,HEALTHNET PHARMACY LLC,VARON CANTRELL,INDIANAPOLIS,IN,46203,3179572000,HEALTHNET PHARMACY LLC,3179572000,True,True,"Pharmacy, Community/Retail Pharmacy",13.4,39.7,12.3,55375,37297,1,23,1573.3,2002843.0
1700321312,"CROSSWIND PHARMACEUTICALS, LLC",ELIZABETH BIGLER,INDIANAPOLIS,IN,46203,3172889762,"CROSSWIND PHARMACEUTICALS, LLC",3172889762,True,True,"Pharmacy, Community/Retail Pharmacy",13.4,39.7,12.3,55375,37297,1,23,1573.3,2002843.0
1396138814,"H3 PHARMACY, INC",HONGXING ZHANG,INDIANAPOLIS,IN,46268,3175046592,"H3 PHARMACY, INC",3175046592,True,True,"Pharmacy, Community/Retail Pharmacy",13.2,37.8,14.9,63322,25623,1,23,1573.3,2002843.0
1063811339,"HEALTHSCRIPTS OF AMERICA-INDIANAPOLIS, LLC",PAUL HENRIKSEN,INDIANAPOLIS,IN,46268,3175225489,"HEALTHSCRIPTS OF AMERICA-INDIANAPOLIS, LLC",3175225489,True,True,"Pharmacy, Community/Retail Pharmacy",13.2,37.8,14.9,63322,25623,1,23,1573.3,2002843.0
1194582221,"RAPHAEL HEALTH CENTER, INC",MEGAN CONKLIN,INDIANAPOLIS,IN,46205,3179261507,"RAPHAEL HEALTH CENTER, INC",3179261507,True,True,Pharmacy,12.8,39.5,9.6,65756,29196,1,23,1573.3,2002843.0
1922884071,"INDIANA BLOODWORX, LLC",ERIC GRAY,INDIANAPOLIS,IN,46260,3178710000,"INDIANA BLOODWORX, LLC",3178710000,True,True,"Pharmacy, Specialty Pharmacy",12.7,36.6,16.7,70642,35102,1,23,1573.3,2002843.0
1003973314,MERIDIAN NORTH PHARMACY,CHRISTINA JAMES,INDIANAPOLIS,IN,46260,3178466654,MERIDIAN NORTH PHARMACY,3178466654,True,True,"Pharmacy, Community/Retail Pharmacy",12.7,36.6,16.7,70642,35102,1,23,1573.3,2002843.0
1427051176,"BIOSCRIP PHARMACY, INC.",JAMES MELANCON,INDIANAPOLIS,IN,46260,3179267828,"BIOSCRIP PHARMACY, INC.",3179267828,True,True,"Pharmacy, Community/Retail Pharmacy",12.7,36.6,16.7,70642,35102,1,23,1573.3,2002843.0
1831529288,PROSCRIPT LLC,ZIAD KHADER,INDIANAPOLIS,IN,46260,8557006001,PROSCRIPT LLC,8557006001,True,True,"Pharmacy, Community/Retail Pharmacy",12.7,36.6,16.7,70642,35102,1,23,1573.3,2002843.0
1669095261,ABI WESTEND PHARMACY,ABIMBOLA AKIWOWO,INDIANAPOLIS,IN,46214,3174141377,ABI WESTEND PHARMACY,3174141377,True,True,"Pharmacy, Community/Retail Pharmacy",12.6,39.0,13.8,58863,24645,1,23,1573.3,2002843.0
1235384827,MARWOOD LOW COST PHARMACY,METHQAL ABU-MAHFOUZ,INDIANAPOLIS,IN,46221,3172466700,MARWOOD LOW COST PHARMACY,3172466700,True,True,Pharmacy,12.6,38.9,11.5,58316,26255,1,23,1573.3,2002843.0
1376816744,AFFORDABLE RX HEALTHMART & HOME MEDICAL EQUIPMENTS LLC,OPE ISMAIL,INDIANAPOLIS,IN,46227,3178795514,AFFORDABLE RX HEALTHMART & HOME MEDICAL EQUIPMENTS LLC,3178795514,True,True,"Pharmacy, Community/Retail Pharmacy",12.3,35.1,14.1,50993,57164,1,23,1573.3,2002843.0
1548865314,"WINDROSE FAMILY PHARMACIES, LLC",SCOTT ROLLETT,INDIANAPOLIS,IN,46227,3177394895,"WINDROSE FAMILY PHARMACIES, LLC",3177394895,True,True,"Pharmacy, Community/Retail Pharmacy",12.3,35.1,14.1,50993,57164,1,23,1573.3,2002843.0
1407867914,LOW COST RX 2 INC,TERRY COLE,INDIANAPOLIS,IN,46227,3178818262,LOW COST RX 2 INC,3178818262,True,True,"Pharmacy, Community/Retail Pharmacy",12.3,35.1,14.1,50993,57164,1,23,1573.3,2002843.0
1194876094,LOW COST RX INC,BILL SHINKLE,INDIANAPOLIS,IN,46227,3177876912,LOW COST RX INC,3177876912,True,True,"Pharmacy, Community/Retail Pharmacy",12.3,35.1,14.1,50993,57164,1,23,1573.3,2002843.0
1801762919,NOBLESCRIPT PHARMACY AND COMPOUNDING INC,MANAN PATEL,INDIANAPOLIS,IN,46278,9105146244,NOBLESCRIPT PHARMACY AND COMPOUNDING INC,9105146244,True,True,Pharmacy,11.3,33.4,16.2,153930,8733,1,23,1573.3,2002843.0
1609940816,ABBASPOUR INC,SAUMIIN CALCUTTAWALA,INDIANAPOLIS,IN,46256,3178425771,ABBASPOUR INC,3178425771,True,True,"Pharmacy, Community/Retail Pharmacy",11.2,33.3,17.9,86529,21785,1,23,1573.3,2002843.0
1346711611,RX FOR LESS LLC,ANAS ALSOURI,INDIANAPOLIS,IN,46236,3177233614,RX FOR LESS LLC,3177233614,True,True,"Pharmacy, Community/Retail Pharmacy",11.0,34.1,15.5,117530,26049,1,23,1573.3,2002843.0
1699159491,FRANCISCAN HEALTH INDIANAPOLIS & MOORESVILLE,AMY HERRON,INDIANAPOLIS,IN,46237,3175286700,FRANCISCAN HEALTH INDIANAPOLIS & MOORESVILLE,3175286700,True,True,"Pharmacy, Community/Retail Pharmacy",10.7,32.9,16.4,76676,42747,1,23,1573.3,2002843.0
1235388356,PRAIRESTONE PHARMACY LLC,MATT MIDDENDORF,INDIANAPOLIS,IN,46240,3175730045,PRAIRESTONE PHARMACY LLC,3175730045,True,True,"Pharmacy, Community/Retail Pharmacy",10.5,31.7,17.9,70728,19632,1,23,1573.3,2002843.0
1003345703,CAREPOINT INDIANA LLC,PRITI PATEL,INDIANAPOLIS,IN,46250,8552379112,CAREPOINT INDIANA LLC,8552379112,True,True,"Pharmacy, Community/Retail Pharmacy",8.8,32.8,16.6,69591,17933,1,23,1573.3,2002843.0
1578713699,"CLARIAN HEALTH PARTNERS, INC.",MARVIN PEMBER,INDIANAPOLIS,IN,46220,3174756007,"CLARIAN HEALTH PARTNERS, INC.",3174756007,True,True,"Pharmacy, Community/Retail Pharmacy",8.8,31.9,14.4,103735,36159,1,23,1573.3,2002843.0
1346898889,MILAN PHARMACY INC,LESLIE ATEM,INDIANAPOLIS,IN,46202,3177552479,MILAN PHARMACY INC,3177552479,True,True,Pharmacy,8.3,33.0,8.8,61082,20331,1,23,1573.3,2002843.0
1558306779,HTC PHARMACY INC,JAMES RICHTER,INDIANAPOLIS,IN,46204,3179558770,HTC PHARMACY INC,3179558770,True,True,"Pharmacy, Community/Retail Pharmacy",6.7,31.5,5.1,88081,11022,1,23,1573.3,2002843.0
1316940380,"BIOSCRIP PHARMACY, INC.",JAMES MELANCON,INDIANAPOLIS,IN,46204,3176316000,"BIOSCRIP PHARMACY, INC.",3176316000,True,True,"Pharmacy, Community/Retail Pharmacy",6.7,31.5,5.1,88081,11022,1,23,1573.3,2002843.0
1659145852,SILVER LLC,RAMI AHMED,PORTAGE,IN,46368,2197063784,SILVER LLC,2197063784,True,True,"Pharmacy, Community/Retail Pharmacy",13.7,42.4,17.2,72638,40237,1,21,1573.3,2002843.0
1154389302,"PHARMA-CARD, INC",RICHARD BRYCHELL,PORTAGE,IN,46368,2197633466,"PHARMA-CARD, INC",2197633466,True,True,"Pharmacy, Community/Retail Pharmacy",13.7,42.4,17.2,72638,40237,1,21,1573.3,2002843.0
1396791828,AMERICAN PARTNERS LP,KATHY GIANNAKOPOULOS,CHESTERTON,IN,46304,2199268723,AMERICAN PARTNERS LP,2199268723,True,True,"Pharmacy, Community/Retail Pharmacy",12.2,39.5,18.9,88551,27402,1,21,1573.3,2002843.0
1437117686,PHARMA - CARD INC,RICHARD BRYCHELL,VALPARAISO,IN,46383,2194640404,PHARMA - CARD INC,2194640404,True,True,"Pharmacy, Community/Retail Pharmacy",11.5,38.8,15.6,75575,42464,1,21,1573.3,2002843.0
1184736027,"VALPARASIO PROFESSIONAL PHARMACY, P.C.",ELTON VANDERTUIN,VALPARAISO,IN,46383,2194621484,"VALPARASIO PROFESSIONAL PHARMACY, P.C.",2194621484,True,True,"Pharmacy, Community/Retail Pharmacy",11.5,38.8,15.6,75575,42464,1,21,1573.3,2002843.0
1407144777,CUSTOM DOSING NORTH PC,JEFF BARTON,VALPARAISO,IN,46383,2194652181,CUSTOM DOSING NORTH PC,2194652181,True,True,"Pharmacy, Compounding Pharmacy",11.5,38.8,15.6,75575,42464,1,21,1573.3,2002843.0
1710420153,"VALPARAISO PROFESSIONAL PHARMACY,P.C.",ELTON VANDER TUIN,VALPARAISO,IN,46383,2194621485,"VALPARAISO PROFESSIONAL PHARMACY,P.C.",2194621485,True,True,"Pharmacy, Community/Retail Pharmacy",11.5,38.8,15.6,75575,42464,1,21,1573.3,2002843.0
1356232169,MERIDIAN HEALTH RX LLC,SCOTT RIGGS,FORT WAYNE,IN,46806,2603993809,MERIDIAN HEALTH RX LLC,2603993809,True,True,"Pharmacy, Community/Retail Pharmacy",19.2,48.1,9.7,44601,26060,1,20,1573.3,2002843.0
1285438622,"NEIGHBORHOOD HEALTH CLINICS, INC",ANGELA ZAEGEL,FORT WAYNE,IN,46806,2604582641,"NEIGHBORHOOD HEALTH CLINICS, INC",2604582641,True,True,"Pharmacy, Community/Retail Pharmacy",19.2,48.1,9.7,44601,26060,1,20,1573.3,2002843.0
1588342216,"NEIGHBORHOOD HEALTH CLINICS, INC",ANGELA ZAEGEL,FORT WAYNE,IN,46802,2604582571,"NEIGHBORHOOD HEALTH CLINICS, INC",2604582571,True,True,"Pharmacy, Community/Retail Pharmacy",14.3,44.7,8.5,40903,10360,1,20,1573.3,2002843.0
1093606808,MERIDIAN HEALTH RX LLC,SCOTT RIGGS,FORT WAYNE,IN,46805,2603993809,MERIDIAN HEALTH RX LLC,2603993809,True,True,"Pharmacy, Community/Retail Pharmacy",13.7,41.1,14.6,50099,21851,1,20,1573.3,2002843.0
1538934237,"PARKVIEW HOSPITALS, INC.",JEANNE WICKENS,FORT WAYNE,IN,46805,2603733456,"PARKVIEW HOSPITALS, INC.",2603733456,True,True,"Pharmacy, Community/Retail Pharmacy",13.7,41.1,14.6,50099,21851,1,20,1573.3,2002843.0
1811401052,"RX HOLDINGS, LLC",SHEILA WALKER,FORT WAYNE,IN,46805,2603731083,"RX HOLDINGS, LLC",2603731083,True,True,"Pharmacy, Community/Retail Pharmacy",13.7,41.1,14.6,50099,21851,1,20,1573.3,2002843.0
1306210943,B&B HOLDINGS LLC,BRYAN MERIWETHER,FORT WAYNE,IN,46805,2607396069,B&B HOLDINGS LLC,2607396069,True,True,"Pharmacy, Community/Retail Pharmacy",13.7,41.1,14.6,50099,21851,1,20,1573.3,2002843.0
1124170014,CREATIVE COMPOUNDING SOLUTIONS LLC,ANDREW CAMPBELL,FORT WAYNE,IN,46805,2604833169,CREATIVE COMPOUNDING SOLUTIONS LLC,2604833169,True,True,"Pharmacy, Compounding Pharmacy",13.7,41.1,14.6,50099,21851,1,20,1573.3,2002843.0
1043414121,KROSER LIMITED PHARTNERSHIP I,KARLA LANGWORTHY,FORT WAYNE,IN,46805,2604832174,KROSER LIMITED PHARTNERSHIP I,2604832174,True,True,"Pharmacy, Community/Retail Pharmacy",13.7,41.1,14.6,50099,21851,1,20,1573.3,2002843.0
1265795082,JAY SHREE GANESH INC,BHARAT PATEL,FORT WAYNE,IN,46825,2607397160,JAY SHREE GANESH INC,2607397160,True,True,"Pharmacy, Community/Retail Pharmacy",12.6,37.9,17.9,68890,29071,1,20,1573.3,2002843.0
1063565695,"IOM HEALTH SYSTEMS, LP",MICHAEL SIEVERS,FORT WAYNE,IN,46804,2604357390,"IOM HEALTH SYSTEMS, LP",2604357390,True,True,"Pharmacy, Community/Retail Pharmacy",11.5,35.9,19.2,84778,29177,1,20,1573.3,2002843.0
1497989743,"HOOK- SUPERX, L.L.C.",SUSAN COLBERT,FORT WAYNE,IN,46804,2604366021,"HOOK- SUPERX, L.L.C.",2604366021,True,True,Pharmacy,11.5,35.9,19.2,84778,29177,1,20,1573.3,2002843.0
1467285304,PROFESSIONAL PHARMACY SERVICES LLC,MUSA MUSLEH,GARY,IN,46402,7088333177,PROFESSIONAL PHARMACY SERVICES LLC,7088333177,True,True,"Pharmacy, Community/Retail Pharmacy",27.8,54.4,17.6,29125,5636,1,19,1573.3,2002843.0
1457496192,TOTAL HEALTH PARTNERS INC,LOUIS WILLIAMS,GARY,IN,46402,2198851615,TOTAL HEALTH PARTNERS INC,2198851615,True,True,"Pharmacy, Community/Retail Pharmacy",27.8,54.4,17.6,29125,5636,1,19,1573.3,2002843.0
1932672888,"THE METHODIST HOSPITALS, INC",RAYMOND GRADY,GARY,IN,46402,2198831710,"THE METHODIST HOSPITALS, INC",2198831710,True,True,Pharmacy,27.8,54.4,17.6,29125,5636,1,19,1573.3,2002843.0
1073654687,"BROAD-RIDGE DRUG,INC",CHUKWUDI ONWUKA,GARY,IN,46408,2198844445,"BROAD-RIDGE DRUG,INC",2198844445,True,True,"Pharmacy, Community/Retail Pharmacy",21.4,48.2,16.1,47063,15571,1,19,1573.3,2002843.0
1689685182,RANBURN DRUGS INC,ANTHONY RIGA,GARY,IN,46408,2199804898,RANBURN DRUGS INC,2199804898,True,True,"Pharmacy, Community/Retail Pharmacy",21.4,48.2,16.1,47063,15571,1,19,1573.3,2002843.0
1033403191,DAMASIUS INC,NATHAN DAMASIUS,HAMMOND,IN,46320,2199371600,DAMASIUS INC,2199371600,True,True,"Pharmacy, Community/Retail Pharmacy",19.6,47.9,11.9,35706,14097,1,19,1573.3,2002843.0
1235197773,"PHARMA-CARD WEST, INC",RICHARD BRYCHELL,HAMMOND,IN,46320,2199322920,"PHARMA-CARD WEST, INC",2199322920,True,True,"Pharmacy, Community/Retail Pharmacy",19.6,47.9,11.9,35706,14097,1,19,1573.3,2002843.0
1508297615,VIGO HEALTH PHARMACY INC,ALPESH PATEL,TERRE HAUTE,IN,47804,8122311040,VIGO HEALTH PHARMACY INC,8122311040,True,True,"Pharmacy, Community/Retail Pharmacy",16.8,44.7,20.2,38036,10642,1,19,1573.3,2002843.0
1508287111,MAAR INDIANA INC.,MAHENDRA KHATAU,MERRILLVILLE,IN,46410,2198842640,MAAR INDIANA INC.,2198842640,True,True,"Pharmacy, Community/Retail Pharmacy",16.3,42.7,19.9,61735,38803,1,19,1573.3,2002843.0
1275637225,JR PHARMACY POPLAR LLC,TERRY WARREN,TERRE HAUTE,IN,47807,8122357373,JR PHARMACY POPLAR LLC,8122357373,True,True,"Pharmacy, Community/Retail Pharmacy",15.6,47.3,9.2,24389,13028,1,19,1573.3,2002843.0
1457366098,UNION ASSOCIATED PHYSICIANS CLINIC LLC,STEVE HOLMAN,TERRE HAUTE,IN,47807,8122423855,UNION ASSOCIATED PHYSICIANS CLINIC LLC,8122423855,True,True,"Pharmacy, Community/Retail Pharmacy",15.6,47.3,9.2,24389,13028,1,19,1573.3,2002843.0
1093819328,UNION ASSOCIATED PHYSICIANS CLINIC LLC,MICHAEL FOUTY,TERRE HAUTE,IN,47807,8122423855,UNION ASSOCIATED PHYSICIANS CLINIC LLC,8122423855,True,True,"Pharmacy, Community/Retail Pharmacy",15.6,47.3,9.2,24389,13028,1,19,1573.3,2002843.0
1568457901,PHILLIPS DRUGS INC,RAY ZALESKI,RICHMOND,IN,47374,7659665544,PHILLIPS DRUGS INC,7659665544,True,True,"Pharmacy, Community/Retail Pharmacy",15.4,38.6,20.2,52566,45186,1,19,1573.3,2002843.0
1760193692,"MERIDIAN HEALTH RX, LLC",SCOTT RIGGS,RICHMOND,IN,47374,7652545347,"MERIDIAN HEALTH RX, LLC",7652545347,True,True,"Pharmacy, Community/Retail Pharmacy",15.4,38.6,20.2,52566,45186,1,19,1573.3,2002843.0
1598765075,PHILLIPS DRUGS INC,RAY ZALESKI,RICHMOND,IN,47374,7659662225,PHILLIPS DRUGS INC,7659662225,True,True,"Pharmacy, Community/Retail Pharmacy",15.4,38.6,20.2,52566,45186,1,19,1573.3,2002843.0
1508043092,PHILLIPS DRUGS INC,RAY ZALESKI,RICHMOND,IN,47374,7659665546,PHILLIPS DRUGS INC,7659665546,True,True,"Pharmacy, Community/Retail Pharmacy",15.4,38.6,20.2,52566,45186,1,19,1573.3,2002843.0
1902057698,"AMKAS LABORATORIES, INC.",USHA RAY,WHITING,IN,46394,2196595029,"AMKAS LABORATORIES, INC.",2196595029,True,True,"Pharmacy, Community/Retail Pharmacy",15.3,40.2,17.5,66386,12141,1,19,1573.3,2002843.0
1750697645,IBP PHARMACY INC,NATASHA BANKS,WHITING,IN,46394,2196595047,IBP PHARMACY INC,2196595047,True,True,"Pharmacy, Community/Retail Pharmacy",15.3,40.2,17.5,66386,12141,1,19,1573.3,2002843.0
1699854497,"MSM HOLDCO, LLC",AMY ELLIS,ELKHART,IN,46517,5748759423,"MSM HOLDCO, LLC",5748759423,True,True,"Pharmacy, Community/Retail Pharmacy",15.2,46.4,15.0,53263,25438,1,19,1573.3,2002843.0
1033186192,"WILLIAMS BROS. HEALTH CARE PHARMACY, INC.",CHARLES WILLIAMS,PAOLI,IN,47454,8127233907,"WILLIAMS BROS. HEALTH CARE PHARMACY, INC.",8127233907,True,True,"Pharmacy, Community/Retail Pharmacy",15.0,40.6,22.2,53931,7529,1,19,1573.3,2002843.0
1316958820,DAMASIUS INC,NATHAN DAMASIUS,HAMMOND,IN,46323,2198452900,DAMASIUS INC,2198452900,True,True,"Pharmacy, Community/Retail Pharmacy",14.9,42.0,13.7,56906,23184,1,19,1573.3,2002843.0
1447438239,NRS PHARMACIES OF INDIANA LLC,STEPHEN SOMMER,CAMBRIDGE CITY,IN,47327,7653348331,NRS PHARMACIES OF INDIANA LLC,7653348331,True,True,"Pharmacy, Community/Retail Pharmacy",14.8,37.9,18.0,58988,4384,1,19,1573.3,2002843.0
1093765315,GRANDVIEW PHARMACY 11,RHONDA ELDRIDGE,CAMBRIDGE CITY,IN,47327,7654789978,GRANDVIEW PHARMACY 11,7654789978,True,True,"Pharmacy, Community/Retail Pharmacy",14.8,37.9,18.0,58988,4384,1,19,1573.3,2002843.0
1548206345,SEIFERT HEALTHCARE LLC,JEFFREY CLEMENTS,ELKHART,IN,46516,5742954333,SEIFERT HEALTHCARE LLC,5742954333,True,True,"Pharmacy, Community/Retail Pharmacy",14.7,47.2,13.6,54934,31959,1,19,1573.3,2002843.0
1275601072,JR PHARMACY LLC 2,TERRY WARREN,TERRE HAUTE,IN,47802,8122326655,JR PHARMACY LLC 2,8122326655,True,True,"Pharmacy, Community/Retail Pharmacy",14.4,41.9,18.0,58880,33192,1,19,1573.3,2002843.0
1437183456,MED-A-CARE LLC,ELIAS KABOUS,TERRE HAUTE,IN,47802,8122322086,MED-A-CARE LLC,8122322086,True,True,"Pharmacy, Community/Retail Pharmacy",14.4,41.9,18.0,58880,33192,1,19,1573.3,2002843.0
1124316260,AMRUT JAL LLC,ASHOK PATEL,TERRE HAUTE,IN,47802,8122329646,AMRUT JAL LLC,8122329646,True,True,Pharmacy,14.4,41.9,18.0,58880,33192,1,19,1573.3,2002843.0
1437127305,WILLIAMS BROS HEALTH CARE PHARMACY INC,CHARLES WILLIAMS,PRINCETON,IN,47670,8123865194,WILLIAMS BROS HEALTH CARE PHARMACY INC,8123865194,True,True,"Pharmacy, Community/Retail Pharmacy",14.4,40.9,17.4,65873,11638,1,19,1573.3,2002843.0
1730212366,BUEHLER'S BUY LOW,MICHEAL KERMODE,PRINCETON,IN,47670,8123867672,BUEHLER'S BUY LOW,8123867672,True,True,"Pharmacy, Community/Retail Pharmacy",14.4,40.9,17.4,65873,11638,1,19,1573.3,2002843.0
1063141372,JR PHARMACY LLC 6,TERRY WARREN,WEST TERRE HAUTE,IN,47885,8122348305,JR PHARMACY LLC 6,8122348305,True,True,"Pharmacy, Community/Retail Pharmacy",14.3,41.0,17.3,66203,9287,1,19,1573.3,2002843.0
1366521171,MARTIN'S SUPER MARKETS OF ELKHART EAST LLC,AMY ELLIS,ELKHART,IN,46514,5749700004,MARTIN'S SUPER MARKETS OF ELKHART EAST LLC,5749700004,True,True,"Pharmacy, Community/Retail Pharmacy",14.1,44.3,18.2,61784,41480,1,19,1573.3,2002843.0
1528397643,"MSM HOLDCO, LLC",AMY ELLIS,ELKHART,IN,46514,5749706470,"MSM HOLDCO, LLC",5749706470,True,True,"Pharmacy, Community/Retail Pharmacy",14.1,44.3,18.2,61784,41480,1,19,1573.3,2002843.0
1295839462,LOCAL HEALTH INDIANA INC.,SELMA DZELIL,BRISTOL,IN,46507,8157158502,LOCAL HEALTH INDIANA INC.,8157158502,True,True,"Pharmacy, Community/Retail Pharmacy",13.9,43.6,16.4,88510,9799,1,19,1573.3,2002843.0
1720046279,"PHARMA-CARD WEST, INC",RICHARD BRYCHELL,HOBART,IN,46342,2199421159,"PHARMA-CARD WEST, INC",2199421159,True,True,"Pharmacy, Community/Retail Pharmacy",13.4,38.4,15.2,72163,32525,1,19,1573.3,2002843.0
1528706785,"MERIDIAN HEALTH RX, LLC",SCOTT RIGGS,MUNCIE,IN,47304,7652152029,"MERIDIAN HEALTH RX, LLC",7652152029,True,True,"Pharmacy, Community/Retail Pharmacy",13.3,34.6,21.5,67756,31432,1,19,1573.3,2002843.0
1821954124,"MERIDIAN HEALTH RX, LLC",SCOTT RIGGS,MUNCIE,IN,47304,7652881928,"MERIDIAN HEALTH RX, LLC",7652881928,True,True,"Pharmacy, Community/Retail Pharmacy",13.3,34.6,21.5,67756,31432,1,19,1573.3,2002843.0
1942217963,MARSH DRUGS LLC,JAMES CARTER,MUNCIE,IN,47304,7657411326,MARSH DRUGS LLC,7657411326,True,True,"Pharmacy, Community/Retail Pharmacy",13.3,34.6,21.5,67756,31432,1,19,1573.3,2002843.0
1518079466,THOMAS J FURNISH,THOMAS FURNISH,MUNCIE,IN,47304,7652826739,THOMAS J FURNISH,7652826739,True,True,"Pharmacy, Community/Retail Pharmacy",13.3,34.6,21.5,67756,31432,1,19,1573.3,2002843.0
1164972212,NEPHEW PHARMACY PC,GARY NEPHEW,GOSHEN,IN,46526,5745371111,NEPHEW PHARMACY PC,5745371111,True,True,"Pharmacy, Community/Retail Pharmacy",13.3,42.2,18.3,65864,33527,1,19,1573.3,2002843.0
1407624257,"RIGGS COMMUNITY HEALTH CENTER PHARMACY, LLC",BAMBI MCQUADE-JONES,LAFAYETTE,IN,47904,6576630200,"RIGGS COMMUNITY HEALTH CENTER PHARMACY, LLC",6576630200,True,True,"Pharmacy, Community/Retail Pharmacy",13.2,34.0,13.9,46841,16340,1,19,1573.3,2002843.0
1366546319,JR SCRIPTS PHARMACY NO 1 LLC,TERRY WARREN,TERRE HAUTE,IN,47803,8124781006,JR SCRIPTS PHARMACY NO 1 LLC,8124781006,True,True,"Pharmacy, Community/Retail Pharmacy",12.9,39.0,19.0,59306,21702,1,19,1573.3,2002843.0
1134130644,CHS COMMUNITY PHARMACY NETWORK LLC,MAX BARNHART,MUNCIE,IN,47303,7657515316,CHS COMMUNITY PHARMACY NETWORK LLC,7657515316,True,True,"Pharmacy, Community/Retail Pharmacy",12.9,37.8,15.1,42556,24115,1,19,1573.3,2002843.0
1801934898,DAMASIUS INC,NATHAN DAMASIUS,HIGHLAND,IN,46322,2199721700,DAMASIUS INC,2199721700,True,True,"Pharmacy, Community/Retail Pharmacy",12.6,36.0,20.8,76219,23749,1,19,1573.3,2002843.0
1376219030,RYAN PLUS PHARMACY,KHOLOUD ABU ZAID,HIGHLAND,IN,46322,2195138570,RYAN PLUS PHARMACY,2195138570,True,True,"Pharmacy, Community/Retail Pharmacy",12.6,36.0,20.8,76219,23749,1,19,1573.3,2002843.0
1992976211,DRUGSTORE MAX LLC,TALITHA BANGALAN,HIGHLAND,IN,46322,2195950437,DRUGSTORE MAX LLC,2195950437,True,True,"Pharmacy, Community/Retail Pharmacy",12.6,36.0,20.8,76219,23749,1,19,1573.3,2002843.0
1134645146,"ELLA COMMUNITY PHARMACY 2, LLC",LINDSEY ANGELOTTI,SHERIDAN,IN,46069,3177584171,"ELLA COMMUNITY PHARMACY 2, LLC",3177584171,True,True,"Pharmacy, Community/Retail Pharmacy",12.5,36.7,21.9,70784,6924,1,19,1573.3,2002843.0
1710905625,SHERIDAN-ELLIOTT PHARMACY INC,DAVID WEISS,SHERIDAN,IN,46069,3177584171,SHERIDAN-ELLIOTT PHARMACY INC,3177584171,True,True,"Pharmacy, Community/Retail Pharmacy",12.5,36.7,21.9,70784,6924,1,19,1573.3,2002843.0
1871986596,N&M INVESTMENTS,ANDREW MURRAY,FRANKLIN,IN,46131,3177393257,N&M INVESTMENTS,3177393257,True,True,"Pharmacy, Community/Retail Pharmacy",12.3,39.6,15.5,81914,35502,1,19,1573.3,2002843.0
1295840221,HENDERSON DRUGS LLC,TRAVIS RICHEY,FRANKLIN,IN,46131,3177365631,HENDERSON DRUGS LLC,3177365631,True,True,"Pharmacy, Community/Retail Pharmacy",12.3,39.6,15.5,81914,35502,1,19,1573.3,2002843.0
1144603382,FRANCISCAN HEALTH MUNSTER,RAYMOND GRADY,MUNSTER,IN,46321,2198521521,FRANCISCAN HEALTH MUNSTER,2198521521,True,True,"Pharmacy, Community/Retail Pharmacy",12.2,33.1,20.7,105764,23733,1,19,1573.3,2002843.0
1093543340,JAY SHRI RAM INC,NARENDRAKUMAR PATEL,MUNSTER,IN,46321,2199169770,JAY SHRI RAM INC,2199169770,True,True,Pharmacy,12.2,33.1,20.7,105764,23733,1,19,1573.3,2002843.0
1235209826,"MUNSTER MEDICAL RESEARCH FOUNDATION, INC.",CHAR KULLERSTRAND,MUNSTER,IN,46321,2198362480,"MUNSTER MEDICAL RESEARCH FOUNDATION, INC.",2198362480,True,True,"Pharmacy, Community/Retail Pharmacy",12.2,33.1,20.7,105764,23733,1,19,1573.3,2002843.0
1679529101,AMERICAN PARTNERS LP,KATHY GIANNAKOPOULOS,MUNSTER,IN,46321,2198367978,AMERICAN PARTNERS LP,2198367978,True,True,"Pharmacy, Community/Retail Pharmacy",12.2,33.1,20.7,105764,23733,1,19,1573.3,2002843.0
1073259818,"MYCARE EXPRESS PHARMACY, LLC",SHITAL PATEL,MUNSTER,IN,46321,8473473907,"MYCARE EXPRESS PHARMACY, LLC",8473473907,True,True,"Pharmacy, Community/Retail Pharmacy",12.2,33.1,20.7,105764,23733,1,19,1573.3,2002843.0
1336923515,QUIK SCRIPTS OF MUNSTER LLC,DARIJA DAVILA,MUNSTER,IN,46321,2192372662,QUIK SCRIPTS OF MUNSTER LLC,2192372662,True,True,"Pharmacy, Community/Retail Pharmacy",12.2,33.1,20.7,105764,23733,1,19,1573.3,2002843.0
1255924650,WE CARE PHARMACY LLC,SAMUEL ARZUMANIAN,MUNSTER,IN,46321,2199459911,WE CARE PHARMACY LLC,2199459911,True,True,"Pharmacy, Community/Retail Pharmacy",12.2,33.1,20.7,105764,23733,1,19,1573.3,2002843.0
1992229249,PILLS 4 LESS LLC,OMAR HASSAD,MUNSTER,IN,46321,8447455748,PILLS 4 LESS LLC,8447455748,True,True,"Pharmacy, Community/Retail Pharmacy",12.2,33.1,20.7,105764,23733,1,19,1573.3,2002843.0
1114300340,FRANCISCAN HEALTH LAFAYETTE,TERRANCE WILSON,LAFAYETTE,IN,47905,7654283550,FRANCISCAN HEALTH LAFAYETTE,7654283550,True,True,"Pharmacy, Community/Retail Pharmacy",12.1,30.4,15.8,63115,42109,1,19,1573.3,2002843.0
1700385663,"GGII INDIANA, LLC",JOANNA BERGUM,LAFAYETTE,IN,47905,7656377455,"GGII INDIANA, LLC",7656377455,True,True,"Pharmacy, Community/Retail Pharmacy",12.1,30.4,15.8,63115,42109,1,19,1573.3,2002843.0
1215944236,MARSH DRUGS LLC,SUZANNE HENK,LAFAYETTE,IN,47905,7654491902,MARSH DRUGS LLC,7654491902,True,True,"Pharmacy, Community/Retail Pharmacy",12.1,30.4,15.8,63115,42109,1,19,1573.3,2002843.0
1710490206,NATALIES APOTHECARY INC,NATALIE SCHWARTZEL,LAFAYETTE,IN,47905,7652373060,NATALIES APOTHECARY INC,7652373060,True,True,"Pharmacy, Community/Retail Pharmacy",12.1,30.4,15.8,63115,42109,1,19,1573.3,2002843.0
1346319290,"MSM HOLDCO, LLC",AMY ELLIS,GOSHEN,IN,46528,5745335600,"MSM HOLDCO, LLC",5745335600,True,True,"Pharmacy, Community/Retail Pharmacy",12.0,42.8,12.4,77620,26356,1,19,1573.3,2002843.0
1588610018,AMERICAN PARTNERS LP,KATHY GIANNAKOPOULOS,DYER,IN,46311,2198644314,AMERICAN PARTNERS LP,2198644314,True,True,"Pharmacy, Community/Retail Pharmacy",11.9,34.3,21.9,109167,23405,1,19,1573.3,2002843.0
1073698023,WALTER LAGESTEE INCORPORATED,PATRICK EGAN,DYER,IN,46311,2198654363,WALTER LAGESTEE INCORPORATED,2198654363,True,True,"Pharmacy, Community/Retail Pharmacy",11.9,34.3,21.9,109167,23405,1,19,1573.3,2002843.0
1306124136,QUIK SCRIPTS LLC,DAVID DAVILA,GRIFFITH,IN,46319,2199249540,QUIK SCRIPTS LLC,2199249540,True,True,"Pharmacy, Community/Retail Pharmacy",11.9,37.4,16.8,75976,17683,1,19,1573.3,2002843.0
1851791529,QUIK SCRIPTS LLC,DAVID DAVILA,GRIFFITH,IN,46319,2199249540,QUIK SCRIPTS LLC,2199249540,True,True,"Pharmacy, Community/Retail Pharmacy",11.9,37.4,16.8,75976,17683,1,19,1573.3,2002843.0
1689753493,MARTIN'S SUPERMARKETS OF NAPPANEE LLC,AMY ELLIS,NAPPANEE,IN,46550,5747737873,MARTIN'S SUPERMARKETS OF NAPPANEE LLC,5747737873,True,True,"Pharmacy, Community/Retail Pharmacy",11.8,41.4,11.7,80403,12442,1,19,1573.3,2002843.0
1619355294,NEPHEW PHARMACY PC,GARY NEPHEW,NAPPANEE,IN,46550,5747732404,NEPHEW PHARMACY PC,5747732404,True,True,"Pharmacy, Community/Retail Pharmacy",11.8,41.4,11.7,80403,12442,1,19,1573.3,2002843.0
1861645061,DAYS HEALTHY LIVING PHARMACY LLC,STEPHEN DAY,CICERO,IN,46034,3179842121,DAYS HEALTHY LIVING PHARMACY LLC,3179842121,True,True,"Pharmacy, Community/Retail Pharmacy",11.7,35.6,17.6,90795,7263,1,19,1573.3,2002843.0
1093031577,SEIFERT HEALTHCARE LLC,JEFFREY CLEMENTS,WAKARUSA,IN,46573,5748621454,SEIFERT HEALTHCARE LLC,5748621454,True,True,"Pharmacy, Community/Retail Pharmacy",11.7,39.0,17.3,79375,3943,1,19,1573.3,2002843.0
1851816763,QUIK SCRIPTS OF NORTHWEST INDIANA LLC,DAVID DAVILA,SAINT JOHN,IN,46373,2193659701,QUIK SCRIPTS OF NORTHWEST INDIANA LLC,2193659701,True,True,"Pharmacy, Community/Retail Pharmacy",11.4,33.7,19.3,123203,18509,1,19,1573.3,2002843.0
1679594998,HORIZON PHARMACY OF LOWELL LLC,ERIK NELSON,LOWELL,IN,46356,2196960212,HORIZON PHARMACY OF LOWELL LLC,2196960212,True,True,"Pharmacy, Community/Retail Pharmacy",11.4,35.5,17.3,87535,19396,1,19,1573.3,2002843.0
1366457905,GREENWOOD 65 LOW COST RX,STEVE HARTMAN,GREENWOOD,IN,46143,3178885373,GREENWOOD 65 LOW COST RX,3178885373,True,True,"Pharmacy, Community/Retail Pharmacy",11.4,37.9,14.8,89401,58238,1,19,1573.3,2002843.0
1366753899,GREENWOOD 65 LOW COST RX INC,STEVEN HARTMAN,GREENWOOD,IN,46143,3178885373,GREENWOOD 65 LOW COST RX INC,3178885373,True,True,"Pharmacy, Community/Retail Pharmacy",11.4,37.9,14.8,89401,58238,1,19,1573.3,2002843.0
1184250623,FRANCISCAN HEALTH CROWN POINT,RAYMOND GRADY,CROWN POINT,IN,46307,2196816814,FRANCISCAN HEALTH CROWN POINT,2196816814,True,True,"Pharmacy, Community/Retail Pharmacy",11.3,34.9,17.6,102118,71418,1,19,1573.3,2002843.0
1245286632,AMERICAN PARTNERS LP,KATHY GIANNAKOPOULOS,CROWN POINT,IN,46307,2196620200,AMERICAN PARTNERS LP,2196620200,True,True,"Pharmacy, Community/Retail Pharmacy",11.3,34.9,17.6,102118,71418,1,19,1573.3,2002843.0
1730571258,CROWN POINT PHARMACY LLC,ALPESH PATEL,CROWN POINT,IN,46307,2194881461,CROWN POINT PHARMACY LLC,2194881461,True,True,"Pharmacy, Community/Retail Pharmacy",11.3,34.9,17.6,102118,71418,1,19,1573.3,2002843.0
1760552871,CUSTOM DOSING PHARMACY,JEFF BARTON,CROWN POINT,IN,46307,2192269019,CUSTOM DOSING PHARMACY,2192269019,True,True,"Pharmacy, Community/Retail Pharmacy",11.3,34.9,17.6,102118,71418,1,19,1573.3,2002843.0
1245977701,CROWNPOINT PHARMACY RX LLC,HEMA PATEL,CROWNPOINT,IN,46307,2194881461,CROWNPOINT PHARMACY RX LLC,2194881461,True,True,"Pharmacy, Community/Retail Pharmacy",11.3,34.9,17.6,102118,71418,1,19,1573.3,2002843.0
1588354518,CROWNPOINT PHARMACY RX LLC,HEMA PATEL,CROWNPOINT,IN,46307,2194881461,CROWNPOINT PHARMACY RX LLC,2194881461,True,True,"Pharmacy, Community/Retail Pharmacy",11.3,34.9,17.6,102118,71418,1,19,1573.3,2002843.0
1649369299,CATOZZI CORPORATION,KENDRA WELLS,BLOOMINGTON,IN,47403,8123317979,CATOZZI CORPORATION,8123317979,True,True,"Pharmacy, Community/Retail Pharmacy",10.8,35.3,13.3,68703,34410,1,19,1573.3,2002843.0
1548353196,"TOWN & COUNTRY PHARMACIES, INC.",DONALD SCHREIBER,BLOOMINGTON,IN,47403,8123362191,"TOWN & COUNTRY PHARMACIES, INC.",8123362191,True,True,"Pharmacy, Community/Retail Pharmacy",10.8,35.3,13.3,68703,34410,1,19,1573.3,2002843.0
1679588586,MARSH DRUGS LLC,ANDREA MARTIN,BLOOMINGTON,IN,47401,8123319569,MARSH DRUGS LLC,8123319569,True,True,"Pharmacy, Community/Retail Pharmacy",10.2,32.5,17.9,65643,40084,1,19,1573.3,2002843.0
1265823926,PANACEA PHARMACY INC,JOSHUA ANDERSON,BLOOMINGTON,IN,47401,8122878884,PANACEA PHARMACY INC,8122878884,True,True,"Pharmacy, Community/Retail Pharmacy",10.2,32.5,17.9,65643,40084,1,19,1573.3,2002843.0
1033124946,MARSH DRUGS LLC,DENISE GARNER,BLOOMINGTON,IN,47404,8123322882,MARSH DRUGS LLC,8123322882,True,True,"Pharmacy, Community/Retail Pharmacy",10.1,35.1,14.1,54674,23614,1,19,1573.3,2002843.0
1801279005,NOBLESVILLE LOW COST PHARMACY,AKRAM ABUMAHFOUZ,NOBLESVILLE,IN,46062,3172315252,NOBLESVILLE LOW COST PHARMACY,3172315252,True,True,"Pharmacy, Community/Retail Pharmacy",9.6,33.7,14.5,116834,39348,1,19,1573.3,2002843.0
1982224911,APOTHECO PHARMACY CARMEL LLC,ANUSH AMIN,CARMEL,IN,46032,4633338855,APOTHECO PHARMACY CARMEL LLC,4633338855,True,True,"Pharmacy, Community/Retail Pharmacy",9.6,31.1,14.5,123438,51181,1,19,1573.3,2002843.0
1952951162,LOCAL HEALTH SPECIALTY,STEVEN DONNELLY,CARMEL,IN,46032,4633337100,LOCAL HEALTH SPECIALTY,4633337100,True,True,"Pharmacy, Community/Retail Pharmacy",9.6,31.1,14.5,123438,51181,1,19,1573.3,2002843.0
1922850536,NIEMANN FOODS INC,ARTHUR AWERKAMP,CARMEL,IN,46032,3172498572,NIEMANN FOODS INC,3172498572,True,True,"Pharmacy, Community/Retail Pharmacy",9.6,31.1,14.5,123438,51181,1,19,1573.3,2002843.0
1164705968,KHADER DAVID PHARMACY & SERVICES LLC,DELFIN DAVID,CARMEL,IN,46032,3175734004,KHADER DAVID PHARMACY & SERVICES LLC,3175734004,True,True,Pharmacy,9.6,31.1,14.5,123438,51181,1,19,1573.3,2002843.0
1902695802,"ASPIRE INDIANA PHARMACY, LLC",TIMOTHY CROCKETT,NOBLESVILLE,IN,46060,3172685319,"ASPIRE INDIANA PHARMACY, LLC",3172685319,True,True,"Pharmacy, Community/Retail Pharmacy",9.6,34.9,12.8,91141,47514,1,19,1573.3,2002843.0
1659706745,"GREENLEAF APOTHECARY, LLC",SINA SEMSARZADEH,FISHERS,IN,46037,3178508583,"GREENLEAF APOTHECARY, LLC",3178508583,True,True,"Pharmacy, Compounding Pharmacy",9.2,32.2,13.2,137969,46976,1,19,1573.3,2002843.0
1679090195,"ELLA COMMUNITY PHARMACY 1, LLC",ERIK ANGELOTTI,WESTFIELD,IN,46074,3178969378,"ELLA COMMUNITY PHARMACY 1, LLC",3178969378,True,True,"Pharmacy, Community/Retail Pharmacy",9.2,32.8,11.5,123580,46042,1,19,1573.3,2002843.0
1487672390,"WESTFIELD PHARMACY, INC.",DAVID WEISS,WESTFIELD,IN,46074,3178969378,"WESTFIELD PHARMACY, INC.",3178969378,True,True,"Pharmacy, Community/Retail Pharmacy",9.2,32.8,11.5,123580,46042,1,19,1573.3,2002843.0
1396750204,MARSH DRUGS LLC,CORINNE MILBURN,FISHERS,IN,46038,3175775329,MARSH DRUGS LLC,3175775329,True,True,"Pharmacy, Community/Retail Pharmacy",8.8,32.8,10.9,105092,43245,1,19,1573.3,2002843.0
1063817161,"INNOVATIVE RX, LLC",AKRAM ABUMAHFOUZ,FISHERS,IN,46038,3178459820,"INNOVATIVE RX, LLC",3178459820,True,True,"Pharmacy, Community/Retail Pharmacy",8.8,32.8,10.9,105092,43245,1,19,1573.3,2002843.0
1396011888,CUSTOMPP LLC,MATTHEW HUTERA,WEST LAFAYETTE,IN,47906,7654632600,CUSTOMPP LLC,7654632600,True,True,"Pharmacy, Community/Retail Pharmacy",7.3,26.1,9.4,51736,74283,1,19,1573.3,2002843.0
1558311639,"FAMILY PHARMACARE CENTER, INC",CHAD SHEDRON,WEST LAFAYETTE,IN,47906,7654977000,"FAMILY PHARMACARE CENTER, INC",7654977000,True,True,"Pharmacy, Community/Retail Pharmacy",7.3,26.1,9.4,51736,74283,1,19,1573.3,2002843.0
1477813970,CUSTOM PLUS PHARMACY LLC,BENJAMIN RACHWAL,WEST LAFAYETTE,IN,47906,7654632600,CUSTOM PLUS PHARMACY LLC,7654632600,True,True,"Pharmacy, Community/Retail Pharmacy",7.3,26.1,9.4,51736,74283,1,19,1573.3,2002843.0
1477815868,SHAKAMAK HEALTH INC,TRAVER WOLF,JASONVILLE,IN,47438,8126659760,SHAKAMAK HEALTH INC,8126659760,True,True,"Pharmacy, Community/Retail Pharmacy",17.1,44.5,12.3,45313,4203,1,18,1573.3,2002843.0
1528016136,LINTON FAMILY PHARMACY INC,JEFFREY DORIS,LINTON,IN,47441,8128471978,LINTON FAMILY PHARMACY INC,8128471978,True,True,"Pharmacy, Community/Retail Pharmacy",16.0,42.1,22.7,49496,8755,1,18,1573.3,2002843.0
1487607461,TCS INC,TOM SCHWARTZ,EVANSVILLE,IN,47710,8124649083,TCS INC,8124649083,True,True,"Pharmacy, Community/Retail Pharmacy",15.7,41.3,19.3,45324,18802,1,18,1573.3,2002843.0
1871267575,JPM PHARMACIES,JACOB MAYER,EVANSVILLE,IN,47710,8124228255,JPM PHARMACIES,8124228255,True,True,"Pharmacy, Community/Retail Pharmacy",15.7,41.3,19.3,45324,18802,1,18,1573.3,2002843.0
1427382688,TRI-STATE RX LLC,DAVID NATION,EVANSVILLE,IN,47710,8124228255,TRI-STATE RX LLC,8124228255,True,True,"Pharmacy, Community/Retail Pharmacy",15.7,41.3,19.3,45324,18802,1,18,1573.3,2002843.0
1497316038,WORTHINGTON PHARMACY LLC,JEFFREY DORIS,WORTHINGTON,IN,47471,8128751000,WORTHINGTON PHARMACY LLC,8128751000,True,True,"Pharmacy, Community/Retail Pharmacy",14.4,40.1,17.7,62569,3116,1,18,1573.3,2002843.0
1689810822,HOUCHENS NORRTH FOODS LLC,LESLIE BIDWELL,EVANSVILLE,IN,47714,8124717575,HOUCHENS NORRTH FOODS LLC,8124717575,True,True,"Pharmacy, Community/Retail Pharmacy",13.6,40.4,14.4,54614,33148,1,18,1573.3,2002843.0
1568576536,PILLO BOX PHARMACIES INC,WILLIAM WINN,MENTONE,IN,46539,5743537835,PILLO BOX PHARMACIES INC,5743537835,True,True,"Pharmacy, Community/Retail Pharmacy",13.3,39.5,16.6,76750,2570,1,18,1573.3,2002843.0
1891003661,"MSM HOLDCO, LLC",AMY ELLIS,WARSAW,IN,46582,5743719080,"MSM HOLDCO, LLC",5743719080,True,True,"Pharmacy, Community/Retail Pharmacy",13.3,39.4,14.8,67161,14490,1,18,1573.3,2002843.0
1760570030,PAULS PHARMACY INC,JACOB MAYER,EVANSVILLE,IN,47715,8129623500,PAULS PHARMACY INC,8129623500,True,True,"Pharmacy, Community/Retail Pharmacy",12.8,37.3,20.8,59821,28476,1,18,1573.3,2002843.0
1598315400,EVVRX LLC,MARK HAYWOOD,EVANSVILLE,IN,47715,8129624664,EVVRX LLC,8129624664,True,True,"Pharmacy, Community/Retail Pharmacy",12.8,37.3,20.8,59821,28476,1,18,1573.3,2002843.0
1184728131,TRI-STATE RX LLC,DAVID NATION,EVANSVILLE,IN,47715,8129624664,TRI-STATE RX LLC,8129624664,True,True,"Pharmacy, Community/Retail Pharmacy",12.8,37.3,20.8,59821,28476,1,18,1573.3,2002843.0
1639578024,PAULS PHARMACY,SCOTT HODGES,EVANSVILLE,IN,47715,8129623500,PAULS PHARMACY,8129623500,True,True,"Pharmacy, Community/Retail Pharmacy",12.8,37.3,20.8,59821,28476,1,18,1573.3,2002843.0
1982731766,"PILLBOX PHARMACIES, INC.",CAROL SISK,MILFORD,IN,46580,5746584156,"PILLBOX PHARMACIES, INC.",5746584156,True,True,"Pharmacy, Community/Retail Pharmacy",12.6,38.6,15.8,70978,21812,1,18,1573.3,2002843.0
1578558979,PILL BOX PHARMACY INC,GREGORY WINN,WARSAW,IN,46580,5742674900,PILL BOX PHARMACY INC,5742674900,True,True,"Pharmacy, Community/Retail Pharmacy",12.6,38.6,15.8,70978,21812,1,18,1573.3,2002843.0
1598531691,MATTHEW 25 AIDS SERVICES INC,COURTNEY WOOLFORK,EVANSVILLE,IN,47708,8666076590,MATTHEW 25 AIDS SERVICES INC,8666076590,True,True,"Pharmacy, Community/Retail Pharmacy",11.7,38.2,13.5,55436,636,1,18,1573.3,2002843.0
1811945645,STRATMANS PHARMACY INC,JOHN STRATMAN,EVANSVILLE,IN,47708,8124364619,STRATMANS PHARMACY INC,8124364619,True,True,"Pharmacy, Community/Retail Pharmacy",11.7,38.2,13.5,55436,636,1,18,1573.3,2002843.0
1083615603,PAULS PHARMACY INC,JACOB MAYER,EVANSVILLE,IN,47712,8124254364,PAULS PHARMACY INC,8124254364,True,True,"Pharmacy, Community/Retail Pharmacy",10.5,35.7,15.9,64285,24999,1,18,1573.3,2002843.0
1932907557,"ASPIRE INDIANA PHARMACY, LLC",TIMOTHY CROCKETT,ANDERSON,IN,46016,3172685319,"ASPIRE INDIANA PHARMACY, LLC",3172685319,True,True,"Pharmacy, Community/Retail Pharmacy",17.6,42.8,10.6,35543,18380,1,17,1573.3,2002843.0
1174694848,GWINNS DRUG STORES INC,JAMES HOFFMAN,ANDERSON,IN,46016,7656433716,GWINNS DRUG STORES INC,7656433716,True,True,"Pharmacy, Community/Retail Pharmacy",17.6,42.8,10.6,35543,18380,1,17,1573.3,2002843.0
1316658248,"MERIDIAN HEALTH RX, LLC",SCOTT RIGGS,ANDERSON,IN,46016,7652545347,"MERIDIAN HEALTH RX, LLC",7652545347,True,True,"Pharmacy, Community/Retail Pharmacy",17.6,42.8,10.6,35543,18380,1,17,1573.3,2002843.0
1598215626,PHARMASAVE RX,GAMAL OKAB,ANDERSON,IN,46013,7653743444,PHARMASAVE RX,7653743444,True,True,Pharmacy,16.0,37.7,23.8,49557,17616,1,17,1573.3,2002843.0
1750753471,CONNERSVILLE PHARMACY LLC,DONALD SCHREIBER,CONNERSVILLE,IN,47331,7658271934,CONNERSVILLE PHARMACY LLC,7658271934,True,True,"Pharmacy, Community/Retail Pharmacy",15.9,45.3,20.6,56530,22769,1,17,1573.3,2002843.0
1033614557,"GEORGE'S FAMILY PHARMACY, INC.",BLAKE GILLMAN,CONNERSVILLE,IN,47331,7658256386,"GEORGE'S FAMILY PHARMACY, INC.",7658256386,True,True,Pharmacy,15.9,45.3,20.6,56530,22769,1,17,1573.3,2002843.0
1407714306,"GG II INDIANA, LLC",AMY ELLIS,ANDERSON,IN,46011,7657890157,"GG II INDIANA, LLC",7657890157,True,True,"Pharmacy, Community/Retail Pharmacy",14.5,35.0,23.0,77618,17115,1,17,1573.3,2002843.0
1215914700,HOLLONS PANORAMA PHARMACY INC,SANDRE BUTLER,ANDERSON,IN,46012,7656448851,HOLLONS PANORAMA PHARMACY INC,7656448851,True,True,"Pharmacy, Community/Retail Pharmacy",14.3,35.0,22.9,58538,20248,1,17,1573.3,2002843.0
1235201021,J CHESTER LONG II,J LONG,ALEXANDRIA,IN,46001,7657242355,J CHESTER LONG II,7657242355,True,True,"Pharmacy, Community/Retail Pharmacy",13.5,34.8,18.2,66379,10481,1,17,1573.3,2002843.0
1558422626,"ONB MEDS, INC.",LANCE IDLEMAN,JEFFERSONVILLE,IN,47130,8122833591,"ONB MEDS, INC.",8122833591,True,True,"Pharmacy, Community/Retail Pharmacy",13.1,45.0,17.2,68412,49192,1,17,1573.3,2002843.0
1003150426,"WESTMORELAND PHARMACY, INC.",ANTHONY WESTMORELAND,JEFFERSONVILLE,IN,47130,8122846500,"WESTMORELAND PHARMACY, INC.",8122846500,True,True,"Pharmacy, Community/Retail Pharmacy",13.1,45.0,17.2,68412,49192,1,17,1573.3,2002843.0
1750795563,"PHYSICIANS PRIMARY CARE, PLLC",JEFFREY CAMPBELL,JEFFERSONVILLE,IN,47130,8122882488,"PHYSICIANS PRIMARY CARE, PLLC",8122882488,True,True,"Pharmacy, Community/Retail Pharmacy",13.1,45.0,17.2,68412,49192,1,17,1573.3,2002843.0
1306820246,COOPER DRUGS INC,KURT VOSKUHL,CHARLESTOWN,IN,47111,8122562500,COOPER DRUGS INC,8122562500,True,True,"Pharmacy, Community/Retail Pharmacy",11.8,43.1,13.0,93418,17899,1,17,1573.3,2002843.0
1083494348,"GG II INDIANA, LLC",JOANNA BERGUM,PENDLETON,IN,46064,7652217100,"GG II INDIANA, LLC",7652217100,True,True,"Pharmacy, Community/Retail Pharmacy",11.1,34.5,14.8,92012,17730,1,17,1573.3,2002843.0
1467467373,MARSH DRUGS LLC,DENISE GARNER,PENDLETON,IN,46064,7652217110,MARSH DRUGS LLC,7652217110,True,True,"Pharmacy, Community/Retail Pharmacy",11.1,34.5,14.8,92012,17730,1,17,1573.3,2002843.0
1659897114,"WESTMORELAND PHARMACY, INC.",ANTHONY WESTMORELAND,SELLERSBURG,IN,47172,8124610025,"WESTMORELAND PHARMACY, INC.",8124610025,True,True,"Pharmacy, Community/Retail Pharmacy",11.0,40.9,16.8,80525,20423,1,17,1573.3,2002843.0
1063524908,W & B DRUGS INC,SHIRLEY WATTS,MARION,IN,46952,7656647463,W & B DRUGS INC,7656647463,True,True,Pharmacy,16.8,41.7,21.7,53481,17825,1,16,1573.3,2002843.0
1548151400,"INDIANA HEALTH CENTERS, INC. PHARMACY LLC",ANN LUNDY,MARION,IN,46953,7652638577,"INDIANA HEALTH CENTERS, INC. PHARMACY LLC",7652638577,True,True,"Pharmacy, Community/Retail Pharmacy",16.7,43.2,16.7,46224,23570,1,16,1573.3,2002843.0
1023012044,UCH PHARMACEUTICAL SERVICES INC,URBIN HARVEY,MARION,IN,46953,7656646100,UCH PHARMACEUTICAL SERVICES INC,7656646100,True,True,"Pharmacy, Community/Retail Pharmacy",16.7,43.2,16.7,46224,23570,1,16,1573.3,2002843.0
1295830578,JR PHARMACY ROCKVILLE LLC 4,TERRY WARREN,ROCKVILLE,IN,47872,7655696900,JR PHARMACY ROCKVILLE LLC 4,7655696900,True,True,"Pharmacy, Community/Retail Pharmacy",15.2,43.5,19.8,66508,8641,1,16,1573.3,2002843.0
1629145321,"DAYWALT PHARMACIES, INC",STEVEN DAYWALT,WABASH,IN,46992,2605634155,"DAYWALT PHARMACIES, INC",2605634155,True,True,"Pharmacy, Community/Retail Pharmacy",14.5,38.8,21.4,65500,16475,1,16,1573.3,2002843.0
1447655139,KAUP PHARMACY INC,JASON ANDREWS,BERNE,IN,46711,2605893330,KAUP PHARMACY INC,2605893330,True,True,"Pharmacy, Community/Retail Pharmacy",14.5,41.2,12.8,59817,8211,1,16,1573.3,2002843.0
1093960437,WILLIAMS BROS HEALTH CARE PHARMACY INC,CHARLES WILLIAMS,LOOGOOTEE,IN,47553,8122954370,WILLIAMS BROS HEALTH CARE PHARMACY INC,8122954370,True,True,"Pharmacy, Community/Retail Pharmacy",14.2,40.2,17.3,74533,8613,1,16,1573.3,2002843.0
1548389117,GAS CITY DISTRIBUTORS INC,TERRY CHENEY,GAS CITY,IN,46933,7656746976,GAS CITY DISTRIBUTORS INC,7656746976,True,True,"Pharmacy, Community/Retail Pharmacy",14.1,40.0,21.6,59398,6469,1,16,1573.3,2002843.0
1487365839,ADAMS COMMUNITY HEALTH INC.,KYLE SPRUNGER,DECATUR,IN,46733,2607242145,ADAMS COMMUNITY HEALTH INC.,2607242145,True,True,"Pharmacy, Community/Retail Pharmacy",14.1,41.4,18.9,63804,19246,1,16,1573.3,2002843.0
1821453341,HOLDEN PHARMACY INC,ALLISON HOLDEN,FRANKFORT,IN,46041,7656544300,HOLDEN PHARMACY INC,7656544300,True,True,"Pharmacy, Community/Retail Pharmacy",13.9,40.9,16.3,60716,23359,1,16,1573.3,2002843.0
1366475113,WILLIAMS BROS HEALTH CARE PHARMACY INC,CHARLES WILLIAMS,VINCENNES,IN,47591,8128821800,WILLIAMS BROS HEALTH CARE PHARMACY INC,8128821800,True,True,"Pharmacy, Community/Retail Pharmacy",13.4,37.3,18.2,57862,25191,1,16,1573.3,2002843.0
1780022780,RUSCH RX INC,TRAVIS RUSCH,VINCENNES,IN,47591,8123160079,RUSCH RX INC,8123160079,True,True,"Pharmacy, Community/Retail Pharmacy",13.4,37.3,18.2,57862,25191,1,16,1573.3,2002843.0
1104896752,DUESTERBERG DRUG CO INC,CLIFTON CLEVELAND,VINCENNES,IN,47591,8128826193,DUESTERBERG DRUG CO INC,8128826193,True,True,"Pharmacy, Community/Retail Pharmacy",13.4,37.3,18.2,57862,25191,1,16,1573.3,2002843.0
1285738237,NORTHSIDE PHARMACY INC,ROBERT PALMER,VINCENNES,IN,47591,8128821064,NORTHSIDE PHARMACY INC,8128821064,True,True,"Pharmacy, Community/Retail Pharmacy",13.4,37.3,18.2,57862,25191,1,16,1573.3,2002843.0
1437636404,WEBBS FAMILY PHARMACY 3 LLC,HARRY WEBB,NORTH MANCHESTER,IN,46962,2609821000,WEBBS FAMILY PHARMACY 3 LLC,2609821000,True,True,"Pharmacy, Community/Retail Pharmacy",13.2,36.2,20.8,71863,8994,1,16,1573.3,2002843.0
1801873625,"J ACRA, INC",JULIE ACRA,GREENSBURG,IN,47240,8126628550,"J ACRA, INC",8126628550,True,True,"Pharmacy, Community/Retail Pharmacy",12.5,37.8,18.7,74373,21514,1,16,1573.3,2002843.0
1609241629,UPLAND FAMILY PHARMACY LLC,SUSAN RALSTON,UPLAND,IN,46989,7659988072,UPLAND FAMILY PHARMACY LLC,7659988072,True,True,"Pharmacy, Community/Retail Pharmacy",9.2,33.2,13.2,73679,5403,1,16,1573.3,2002843.0
1851774095,FRANCISCAN HEALTH MICHIGAN CITY,DEAN MAZZONI,MICHIGAN CITY,IN,46360,2198788300,FRANCISCAN HEALTH MICHIGAN CITY,2198788300,True,True,"Pharmacy, Community/Retail Pharmacy",16.4,39.2,20.4,59641,43997,1,15,1573.3,2002843.0
1306180559,ROBBINS INC,MARK ROBBINS,MICHIGAN CITY,IN,46360,2198747445,ROBBINS INC,2198747445,True,True,"Pharmacy, Community/Retail Pharmacy",16.4,39.2,20.4,59641,43997,1,15,1573.3,2002843.0
1962055186,CUSTOM DOSING EAST,BRITTANY CAUDILL,MICHIGAN CITY,IN,46360,2192216958,CUSTOM DOSING EAST,2192216958,True,True,"Pharmacy, Compounding Pharmacy",16.4,39.2,20.4,59641,43997,1,15,1573.3,2002843.0
1821056359,"PHARMA-CARD EAST, INC.",RICHARD BRYCHELL,MICHIGAN CITY,IN,46360,2198795869,"PHARMA-CARD EAST, INC.",2198795869,True,True,"Pharmacy, Community/Retail Pharmacy",16.4,39.2,20.4,59641,43997,1,15,1573.3,2002843.0
1548342397,KAUP PHARMACY INC,JASON ANDREWS,UNION CITY,IN,47390,7659643098,KAUP PHARMACY INC,7659643098,True,True,"Pharmacy, Community/Retail Pharmacy",16.3,40.8,20.2,44752,5084,1,15,1573.3,2002843.0
1902900962,WINCHESTER COMMUNITY PHARMACY,MAX BARNHART,WINCHESTER,IN,47394,7655845410,WINCHESTER COMMUNITY PHARMACY,7655845410,True,True,Pharmacy,14.5,38.3,21.0,66335,8137,1,15,1573.3,2002843.0
1437287901,"HILBISH DRUG, INC.",THOMAS HILBISH,LA PORTE,IN,46350,2193622247,"HILBISH DRUG, INC.",2193622247,True,True,"Pharmacy, Community/Retail Pharmacy",14.4,36.1,19.2,75311,45152,1,15,1573.3,2002843.0
1508892852,ROBBINS INC,MARK ROBBINS,LA PORTE,IN,46350,2193627133,ROBBINS INC,2193627133,True,True,"Pharmacy, Community/Retail Pharmacy",14.4,36.1,19.2,75311,45152,1,15,1573.3,2002843.0
1033301338,MARTIN'S SUPER MARKETS OF LOGANSPORT LLC,AMY ELLIS,LOGANSPORT,IN,46947,5747532518,MARTIN'S SUPER MARKETS OF LOGANSPORT LLC,5747532518,True,True,"Pharmacy, Community/Retail Pharmacy",15.5,47.7,16.9,55088,28830,1,14,1573.3,2002843.0
1275513707,HEALTH PROFESSIONAL RESOURCES INC,ANGELA BOWEN,LOGANSPORT,IN,46947,5747320418,HEALTH PROFESSIONAL RESOURCES INC,5747320418,True,True,Pharmacy,15.5,47.7,16.9,55088,28830,1,14,1573.3,2002843.0
1922160605,NATIONAL DRUG STORE INC,LYNN HOSTETLER,BRAZIL,IN,47834,8124462381,NATIONAL DRUG STORE INC,8124462381,True,True,"Pharmacy, Community/Retail Pharmacy",14.3,43.3,18.9,66677,18773,1,14,1573.3,2002843.0
1285095331,"JANKI PHARMACY, INC",ALPESH PATEL,CLAY CITY,IN,47841,8129392173,"JANKI PHARMACY, INC",8129392173,True,True,"Pharmacy, Community/Retail Pharmacy",14.2,42.1,18.0,61307,2546,1,14,1573.3,2002843.0
1841339892,CLAY CITY PHARMACY THOMAS H RIDENOUR,THOMAS RIDENOUR,CLAY CITY,IN,47841,8129392173,CLAY CITY PHARMACY THOMAS H RIDENOUR,8129392173,True,True,"Pharmacy, Community/Retail Pharmacy",14.2,42.1,18.0,61307,2546,1,14,1573.3,2002843.0
1508859414,A & GRX INC,GAIL MINNICK,NORTH VERNON,IN,47265,8123529700,A & GRX INC,8123529700,True,True,"Pharmacy, Community/Retail Pharmacy",14.2,41.5,15.8,65877,20981,1,14,1573.3,2002843.0
1669568283,"JENNINGS PHARMACY, INC.",PAUL CRUZAN,NORTH VERNON,IN,47265,8123528282,"JENNINGS PHARMACY, INC.",8123528282,True,True,"Pharmacy, Community/Retail Pharmacy",14.2,41.5,15.8,65877,20981,1,14,1573.3,2002843.0
1861413817,HCMH DIVERSIFIED MANAGEMENT CORP,RACHEL BURNS,NEW CASTLE,IN,47362,7655293313,HCMH DIVERSIFIED MANAGEMENT CORP,7655293313,True,True,"Pharmacy, Community/Retail Pharmacy",14.1,44.3,19.1,56564,29442,1,14,1573.3,2002843.0
1194893214,MCGRADY FAMILY PHARMACY INC,RANDALL COX,NEW CASTLE,IN,47362,7655299600,MCGRADY FAMILY PHARMACY INC,7655299600,True,True,"Pharmacy, Community/Retail Pharmacy",14.1,44.3,19.1,56564,29442,1,14,1573.3,2002843.0
1710064886,HCMH DIVERSIFIED MANAGEMENT CORP,RACHEL BURNS,NEW CASTLE,IN,47362,7655993540,HCMH DIVERSIFIED MANAGEMENT CORP,7655993540,True,True,"Pharmacy, Community/Retail Pharmacy",14.1,44.3,19.1,56564,29442,1,14,1573.3,2002843.0
1558434738,HCMH DIVERSIFIED MANAGEMENT CORP,JAMES RAZOR,NEW CASTLE,IN,47362,7655211483,HCMH DIVERSIFIED MANAGEMENT CORP,7655211483,True,True,"Pharmacy, Community/Retail Pharmacy",14.1,44.3,19.1,56564,29442,1,14,1573.3,2002843.0
1326998055,NEIGHBORHOOD HEALTH CENTER PHARMACY LLC,ERIC BLAKE,LIBERTY,IN,47353,7404527685,NEIGHBORHOOD HEALTH CENTER PHARMACY LLC,7404527685,True,True,"Pharmacy, Community/Retail Pharmacy",12.6,37.4,21.3,80391,5111,1,14,1573.3,2002843.0
1578015103,"MSM HOLDCO, LLC",AMY ELLIS,SOUTH BEND,IN,46619,5743345200,"MSM HOLDCO, LLC",5743345200,True,True,"Pharmacy, Community/Retail Pharmacy",17.9,41.8,16.1,46679,21179,1,12,1573.3,2002843.0
1629014857,WOOD PHARMACY,GEORGE WOOD,MONON,IN,47959,2192538050,WOOD PHARMACY,2192538050,True,True,"Pharmacy, Community/Retail Pharmacy",15.3,47.4,11.8,60469,2557,1,12,1573.3,2002843.0
1487771564,JTW INC,EDWARD WALKER,SULLIVAN,IN,47882,8122684737,JTW INC,8122684737,True,True,"Pharmacy, Compounding Pharmacy",14.7,42.8,23.5,53522,8494,1,12,1573.3,2002843.0
1831289974,WEBB'S FAMILY PHARMACY INC,HARRY WEBB,ROCHESTER,IN,46975,5742232216,WEBB'S FAMILY PHARMACY INC,5742232216,True,True,"Pharmacy, Community/Retail Pharmacy",14.4,41.5,21.4,64009,13985,1,12,1573.3,2002843.0
1407946536,WEBB'S FAMILY PHARMACY LLC,HARRY WEBB,AKRON,IN,46910,5748934413,WEBB'S FAMILY PHARMACY LLC,5748934413,True,True,"Pharmacy, Community/Retail Pharmacy",13.7,41.9,18.1,67045,3125,1,12,1573.3,2002843.0
1851000285,HEALTHY U RX INC.,JADA BUSH,SOUTH BEND,IN,46614,5743939650,HEALTHY U RX INC.,5743939650,True,True,"Pharmacy, Community/Retail Pharmacy",13.3,34.6,22.1,70998,29339,1,12,1573.3,2002843.0
1396824108,"MSM HOLDCO, LLC",AMY ELLIS,SOUTH BEND,IN,46614,5742998844,"MSM HOLDCO, LLC",5742998844,True,True,"Pharmacy, Community/Retail Pharmacy",13.3,34.6,22.1,70998,29339,1,12,1573.3,2002843.0
1366693665,"MSM HOLDCO, LLC",AMY ELLIS,MISHAWAKA,IN,46544,5742542323,"MSM HOLDCO, LLC",5742542323,True,True,"Pharmacy, Community/Retail Pharmacy",13.2,36.4,15.1,57873,31138,1,12,1573.3,2002843.0
1457803074,"MSM HOLDCO, LLC",AMY ELLIS,MISHAWAKA,IN,46544,5749681313,"MSM HOLDCO, LLC",5749681313,True,True,"Pharmacy, Community/Retail Pharmacy",13.2,36.4,15.1,57873,31138,1,12,1573.3,2002843.0
1376941344,SOUTH BEND SPECIALTY PHARMACY LLC,ELAINE ALMEIDA,SOUTH BEND,IN,46635,5749683717,SOUTH BEND SPECIALTY PHARMACY LLC,5749683717,True,True,"Pharmacy, Community/Retail Pharmacy",12.8,32.1,23.2,79416,6552,1,12,1573.3,2002843.0
1992741359,"FISCHER PHARMACARE, LLC",THOMAS FEICHTER,ALBION,IN,46701,2606362944,"FISCHER PHARMACARE, LLC",2606362944,True,True,"Pharmacy, Community/Retail Pharmacy",12.7,38.6,17.5,76813,8186,1,12,1573.3,2002843.0
1154805125,"PILL BOX PHARMACY, INC.",GREGORY WINN,ALBION,IN,46701,2605080240,"PILL BOX PHARMACY, INC.",2605080240,True,True,"Pharmacy, Community/Retail Pharmacy",12.7,38.6,17.5,76813,8186,1,12,1573.3,2002843.0
1750128401,"LIFETIME PHARMACY, LLC",HASSAN FAKIH,MISHAWAKA,IN,46545,3138282794,"LIFETIME PHARMACY, LLC",3138282794,True,True,"Pharmacy, Community/Retail Pharmacy",12.2,34.6,19.6,55889,26581,1,12,1573.3,2002843.0
1629525738,"MSM HOLDCO, LLC",AMY ELLIS,MISHAWAKA,IN,46545,5742471000,"MSM HOLDCO, LLC",5742471000,True,True,"Pharmacy, Community/Retail Pharmacy",12.2,34.6,19.6,55889,26581,1,12,1573.3,2002843.0
1972800068,CANCER CARE PARTNERS LLC,MONICA RIVERS,MISHAWAKA,IN,46545,5742047300,CANCER CARE PARTNERS LLC,5742047300,True,True,"Pharmacy, Community/Retail Pharmacy",12.2,34.6,19.6,55889,26581,1,12,1573.3,2002843.0
1902832124,"FISCHER PHARMACARE, LLC",THOMAS FEICHTER,AVILLA,IN,46710,2608972400,"FISCHER PHARMACARE, LLC",2608972400,True,True,"Pharmacy, Community/Retail Pharmacy",11.9,38.3,18.8,81927,4486,1,12,1573.3,2002843.0
1720778038,HEALTHY U RX INC.,JADA BUSH,SOUTH BEND,IN,46617,5744727881,HEALTHY U RX INC.,5744727881,True,True,"Pharmacy, Community/Retail Pharmacy",11.3,33.5,19.2,73700,10402,1,12,1573.3,2002843.0
1225220528,"MSM HOLDCO, LLC",AMY ELLIS,GRANGER,IN,46530,5748078234,"MSM HOLDCO, LLC",5748078234,True,True,"Pharmacy, Community/Retail Pharmacy",11.1,31.7,17.0,114684,31907,1,12,1573.3,2002843.0
1427137751,"MSM HOLDCO, LLC",AMY ELLIS,GRANGER,IN,46530,5748078222,"MSM HOLDCO, LLC",5748078222,True,True,"Pharmacy, Community/Retail Pharmacy",11.1,31.7,17.0,114684,31907,1,12,1573.3,2002843.0
1437136942,JOYCE ARMES PHCY INC,JAMES NORTON,WASHINGTON,IN,47501,8122545141,JOYCE ARMES PHCY INC,8122545141,True,True,"Pharmacy, Community/Retail Pharmacy",14.8,42.6,17.9,60476,18335,1,11,1573.3,2002843.0
1134163256,PRESCRIPTION SHOPPE LLC,KENNETH HOLLAND,WASHINGTON,IN,47501,8122547666,PRESCRIPTION SHOPPE LLC,8122547666,True,True,"Pharmacy, Community/Retail Pharmacy",14.8,42.6,17.9,60476,18335,1,11,1573.3,2002843.0
1457978439,ENGLEKING RX MARENGO LLC,RYAN ENGLEKING,MARENGO,IN,47140,8123650001,ENGLEKING RX MARENGO LLC,8123650001,True,True,"Pharmacy, Community/Retail Pharmacy",14.7,41.8,22.4,63651,2458,1,11,1573.3,2002843.0
1285784058,HOUCHENS EXPRESS PHARMACY LLC,LESLIE BIDWELL,ROCKPORT,IN,47635,8126492227,HOUCHENS EXPRESS PHARMACY LLC,8126492227,True,True,"Pharmacy, Community/Retail Pharmacy",14.5,41.2,17.6,63490,5578,1,11,1573.3,2002843.0
1598845547,FAULKENBERG HARTH INC,GARLAND FAULKENBERG,ROCKPORT,IN,47635,8126499181,FAULKENBERG HARTH INC,8126499181,True,True,"Pharmacy, Community/Retail Pharmacy",14.5,41.2,17.6,63490,5578,1,11,1573.3,2002843.0
1760403083,MOROCCO DRUGS INC,CONNIE COFFER,MOROCCO,IN,47963,2192852670,MOROCCO DRUGS INC,2192852670,True,True,Pharmacy,13.6,42.0,16.5,74318,2362,1,11,1573.3,2002843.0
1952345159,ODON PHARMACY LLC,KENNETH HOLLAND,ODON,IN,47562,8126364600,ODON PHARMACY LLC,8126364600,True,True,"Pharmacy, Community/Retail Pharmacy",13.1,39.9,16.0,70896,5332,1,11,1573.3,2002843.0
1386090793,GOOD LIVING INC,J DAVISSON,SALEM,IN,47167,8124044153,GOOD LIVING INC,8124044153,True,True,"Pharmacy, Community/Retail Pharmacy",15.1,41.9,18.8,57697,15573,1,10,1573.3,2002843.0
1114984473,"SALEM APOTHECARY, INC",REBECCA MARSHALL,SALEM,IN,47167,8128834500,"SALEM APOTHECARY, INC",8128834500,True,True,"Pharmacy, Community/Retail Pharmacy",15.1,41.9,18.8,57697,15573,1,10,1573.3,2002843.0
1750373064,HERBST APOTHECARY INC,HEIDI TANNER,KOKOMO,IN,46901,7654571191,HERBST APOTHECARY INC,7654571191,True,True,"Pharmacy, Community/Retail Pharmacy",15.1,37.9,18.5,61041,38254,1,10,1573.3,2002843.0
1982647285,HERBST APOTHECARY INC,HEIDI TANNER,KOKOMO,IN,46901,7654529000,HERBST APOTHECARY INC,7654529000,True,True,"Pharmacy, Compounding Pharmacy",15.1,37.9,18.5,61041,38254,1,10,1573.3,2002843.0
1295727501,HERBST APOTHECARY INC,HEIDI TANNER,KOKOMO,IN,46902,7654555418,HERBST APOTHECARY INC,7654555418,True,True,"Pharmacy, Community/Retail Pharmacy",14.7,36.5,20.2,59548,36640,1,10,1573.3,2002843.0
1912050907,MCKAY FAMILY PHARMACY,KEVIN MCKAY,SPENCER,IN,47460,8128294821,MCKAY FAMILY PHARMACY,8128294821,True,True,"Pharmacy, Community/Retail Pharmacy",14.2,41.1,22.7,67688,11395,1,10,1573.3,2002843.0
1902883994,DAVIS DRUGS LLC,LESLIE DAVIS,ATTICA,IN,47918,7657623287,DAVIS DRUGS LLC,7657623287,True,True,"Pharmacy, Community/Retail Pharmacy",14.2,42.4,19.3,64804,5159,1,10,1573.3,2002843.0
1043381825,MADISON APOTHECARY INC.,ERIK GROVE,MADISON,IN,47250,8122654621,MADISON APOTHECARY INC.,8122654621,True,True,"Pharmacy, Community/Retail Pharmacy",13.7,37.1,19.4,56667,23013,1,10,1573.3,2002843.0
1740272053,HERBST APOTHECARY INC,HEIDI TANNER,GREENTOWN,IN,46936,7656283446,HERBST APOTHECARY INC,7656283446,True,True,"Pharmacy, Community/Retail Pharmacy",13.1,33.6,22.2,79345,5956,1,10,1573.3,2002843.0
1780632059,WERNER DRUG CO. INC.,BRAD HARTH,TELL CITY,IN,47586,8125475586,WERNER DRUG CO. INC.,8125475586,True,True,"Pharmacy, Community/Retail Pharmacy",14.4,37.5,22.2,58641,10994,1,9,1573.3,2002843.0
1003332495,CROSSROADS CARE PHARMACY LLC,AMANDA LANEY,BAINBRIDGE,IN,46105,7655224300,CROSSROADS CARE PHARMACY LLC,7655224300,True,True,"Pharmacy, Community/Retail Pharmacy",13.6,39.4,18.1,92946,1694,1,9,1573.3,2002843.0
1750307609,DENNYS PHARMACY,KENT STEMBEL,OTTERBEIN,IN,47970,7655834395,DENNYS PHARMACY,7655834395,True,True,"Pharmacy, Community/Retail Pharmacy",12.7,39.4,14.5,72468,2634,1,9,1573.3,2002843.0
1841732757,"ENGLEKING RX, LLC",RYAN ENGLEKING,MITCHELL,IN,47446,8128653266,"ENGLEKING RX, LLC",8128653266,True,True,"Pharmacy, Community/Retail Pharmacy",14.9,43.2,20.1,53182,9259,1,8,1573.3,2002843.0
1770586141,CROWDERS NEIGHBORHOOD DRUG STORE INC,STEVEN ANDERSON,BEDFORD,IN,47421,8122755949,CROWDERS NEIGHBORHOOD DRUG STORE INC,8122755949,True,True,"Pharmacy, Community/Retail Pharmacy",14.3,42.3,21.7,66588,27610,1,8,1573.3,2002843.0
1457442626,ENGLEKING RX LINCOLN PLAZA LLC,RYAN ENGLEKING,BEDFORD,IN,47421,8122771702,ENGLEKING RX LINCOLN PLAZA LLC,8122771702,True,True,"Pharmacy, Community/Retail Pharmacy",14.3,42.3,21.7,66588,27610,1,8,1573.3,2002843.0
1831194588,MED-SHOPPE PHARMACY INC,STEVEN ANDERSON,BEDFORD,IN,47421,8122751340,MED-SHOPPE PHARMACY INC,8122751340,True,True,"Pharmacy, Community/Retail Pharmacy",14.3,42.3,21.7,66588,27610,1,8,1573.3,2002843.0
1598776007,J & B SCHUCKMAN INC,JADE SCHUCKMAN,BEDFORD,IN,47421,8122753383,J & B SCHUCKMAN INC,8122753383,True,True,"Pharmacy, Community/Retail Pharmacy",14.3,42.3,21.7,66588,27610,1,8,1573.3,2002843.0
1093361867,"CAMERON MEDICAL OUTREACH, INC",HANNAH DENNEY,ANGOLA,IN,46703,2606675645,"CAMERON MEDICAL OUTREACH, INC",2606675645,True,True,"Pharmacy, Community/Retail Pharmacy",12.5,34.4,20.1,69940,18907,1,8,1573.3,2002843.0
1972672822,SKICO INC,BRADLEY CRAWFORD,LAGRANGE,IN,46761,2604637464,SKICO INC,2604637464,True,True,"Pharmacy, Community/Retail Pharmacy",12.7,39.8,16.7,72088,11985,1,7,1573.3,2002843.0
1891199295,ANDERSON HEALTHCARE INC,DAVID ANDERSON,SHIPSHEWANA,IN,46565,2607684433,ANDERSON HEALTHCARE INC,2607684433,True,True,"Pharmacy, Community/Retail Pharmacy",11.0,38.7,10.5,95578,8718,1,7,1573.3,2002843.0
1427114651,EAGLE HIGHLAND PHARMACY INC,RYAN BARTON,INDIANAPOLIS,IN,46234,3172993771,EAGLE HIGHLAND PHARMACY INC,3172993771,True,True,"Pharmacy, Community/Retail Pharmacy",11.6,36.5,16.7,83137,27941,1,6,1573.3,2002843.0
1588015010,CORDANT PHARMACY INDIANA LLC,BRADLEY ECKMANN,AVON,IN,46123,7652939211,CORDANT PHARMACY INDIANA LLC,7652939211,True,True,"Pharmacy, Community/Retail Pharmacy",10.9,35.8,14.5,102989,42395,1,6,1573.3,2002843.0
1023268703,BLUE RIVER PHARMACY INC,JULIE ACRA,BROWNSBURG,IN,46112,3172863506,BLUE RIVER PHARMACY INC,3172863506,True,True,"Pharmacy, Community/Retail Pharmacy",10.3,35.5,12.8,113293,42491,1,6,1573.3,2002843.0
1164090825,BLUE RIVER PHARMACY INC,PAUL CRUZAN,BROWNSBURG,IN,46112,3172863506,BLUE RIVER PHARMACY INC,3172863506,True,True,"Pharmacy, Community/Retail Pharmacy",10.3,35.5,12.8,113293,42491,1,6,1573.3,2002843.0
1538373691,GRANDVIEW PHARMACY # 3,GLENN ELDRIDGE,BROWNSBURG,IN,46112,8668277575,GRANDVIEW PHARMACY # 3,8668277575,True,True,"Pharmacy, Community/Retail Pharmacy",10.3,35.5,12.8,113293,42491,1,6,1573.3,2002843.0
1154346385,C-J PHARMACIES INC,CHRISTOPHER KISSEL,NEW HARMONY,IN,47631,8126823044,C-J PHARMACIES INC,8126823044,True,True,"Pharmacy, Community/Retail Pharmacy",15.3,41.1,29.5,60509,2085,0,0,1573.3,2002843.0
1336457555,CHARLES KENT STEMBEL ESTATE,SHARI STEMBEL,FOWLER,IN,47944,7658841520,CHARLES KENT STEMBEL ESTATE,7658841520,True,True,Pharmacy,15.1,42.7,20.6,53563,3492,0,0,1573.3,2002843.0
1306122171,"STEMBEL PHARMACY, LLC",SHARI STEMBEL,FOWLER,IN,47944,7658841520,"STEMBEL PHARMACY, LLC",7658841520,True,True,"Pharmacy, Community/Retail Pharmacy",15.1,42.7,20.6,53563,3492,0,0,1573.3,2002843.0
1356332787,CRAIG-WEST INC,EVAN WEST,SCOTTSBURG,IN,47170,8127522021,CRAIG-WEST INC,8127522021,True,True,"Pharmacy, Community/Retail Pharmacy",14.7,42.5,19.3,57661,15279,0,0,1573.3,2002843.0
1790402204,SHREE SWAMINARAYAN LLC,BRIJESHKUMAR PATEL,SCOTTSBURG,IN,47170,9179305427,SHREE SWAMINARAYAN LLC,9179305427,True,True,"Pharmacy, Community/Retail Pharmacy",14.7,42.5,19.3,57661,15279,0,0,1573.3,2002843.0
1629053905,SCOTT COUNTY MEDICAL ARTS PHARMACY INC,STEVEN JOHNSON,SCOTTSBURG,IN,47170,8127524226,SCOTT COUNTY MEDICAL ARTS PHARMACY INC,8127524226,True,True,"Pharmacy, Community/Retail Pharmacy",14.7,42.5,19.3,57661,15279,0,0,1573.3,2002843.0
1720098122,"RUSHVILLE PHARMACY, INC.",KIPLAND BURKETT,RUSHVILLE,IN,46173,7659323328,"RUSHVILLE PHARMACY, INC.",7659323328,True,True,"Pharmacy, Community/Retail Pharmacy",14.3,39.3,17.4,65708,10544,0,0,1573.3,2002843.0
1871465211,"WELL CARE COMMUNITY HEALTH RX, LLC",ERIC COULTER,AUSTIN,IN,47102,7659145115,"WELL CARE COMMUNITY HEALTH RX, LLC",7659145115,True,True,"Pharmacy, Community/Retail Pharmacy",14.2,43.0,19.6,47617,6647,0,0,1573.3,2002843.0
1265403828,"WILLIAMS BROS. HEALTH CARE PHARMACY, INC.",MARK WILLIAMS,AUSTIN,IN,47102,8127944311,"WILLIAMS BROS. HEALTH CARE PHARMACY, INC.",8127944311,True,True,"Pharmacy, Community/Retail Pharmacy",14.2,43.0,19.6,47617,6647,0,0,1573.3,2002843.0
1336450154,HOUCHENS EXPRESS PHARMACY LLC,LESLIE BIDWELL,HUNTINGBURG,IN,47542,8126839600,HOUCHENS EXPRESS PHARMACY LLC,8126839600,True,True,"Pharmacy, Community/Retail Pharmacy",14.0,41.9,14.1,74205,10034,0,0,1573.3,2002843.0
1366521189,"MSM HOLDCO, LLC",AMY ELLIS,PLYMOUTH,IN,46563,5749367334,"MSM HOLDCO, LLC",5749367334,True,True,"Pharmacy, Community/Retail Pharmacy",13.9,43.2,17.9,69205,23869,0,0,1573.3,2002843.0
1396744496,PLYMOUTH TOWNE CARE PHARMACY INC,JESSICA BURGESS,PLYMOUTH,IN,46563,5749363167,PLYMOUTH TOWNE CARE PHARMACY INC,5749363167,True,True,"Pharmacy, Community/Retail Pharmacy",13.9,43.2,17.9,69205,23869,0,0,1573.3,2002843.0
1972794816,PLYMOUTH TOWNE CARE PHARMACY INC,JAMES ORENDOR,PLYMOUTH,IN,46563,5749411067,PLYMOUTH TOWNE CARE PHARMACY INC,5749411067,True,True,"Pharmacy, Community/Retail Pharmacy",13.9,43.2,17.9,69205,23869,0,0,1573.3,2002843.0
1710070156,MEDWORKS INC,JANA BETH DORSEY,SHELBYVILLE,IN,46176,3174212020,MEDWORKS INC,3174212020,True,True,"Pharmacy, Community/Retail Pharmacy",13.9,42.0,17.1,66045,28581,0,0,1573.3,2002843.0
1013900083,MILEE INC.,MAHENDRAKUMAR PATEL,MARTINSVILLE,IN,46151,7653421801,MILEE INC.,7653421801,True,True,"Pharmacy, Community/Retail Pharmacy",13.9,38.2,16.3,77724,32339,0,0,1573.3,2002843.0
1932167103,"DAYSRX, INC.",STEPHEN DAY,TIPTON,IN,46072,7656752626,"DAYSRX, INC.",7656752626,True,True,"Pharmacy, Community/Retail Pharmacy",13.8,37.0,23.5,75295,8751,0,0,1573.3,2002843.0
1265027536,"GG II INDIANA, LLC",JOANNA BERGUM,TIPTON,IN,46072,7655514477,"GG II INDIANA, LLC",7655514477,True,True,"Pharmacy, Community/Retail Pharmacy",13.8,37.0,23.5,75295,8751,0,0,1573.3,2002843.0
1093283624,KBB SERVICES LLC,DAVID BUSH,MORRISTOWN,IN,46161,7658181288,KBB SERVICES LLC,7658181288,True,True,"Pharmacy, Community/Retail Pharmacy",13.7,39.8,24.3,70337,2263,0,0,1573.3,2002843.0
1043170541,BLOOM RX PHARMACY,MUSTAFA AHMED,MOORESVILLE,IN,46158,3172890326,BLOOM RX PHARMACY,3172890326,True,True,"Pharmacy, Community/Retail Pharmacy",13.5,37.6,20.6,79877,24622,0,0,1573.3,2002843.0
1386659290,MARSH DRUGS LLC,KELLI STROUD,MOORESVILLE,IN,46158,3178344570,MARSH DRUGS LLC,3178344570,True,True,"Pharmacy, Community/Retail Pharmacy",13.5,37.6,20.6,79877,24622,0,0,1573.3,2002843.0
1205998804,FLOYD PHYSICIANS CORPORATION,JACK HARMON,NEW ALBANY,IN,47150,8129446725,FLOYD PHYSICIANS CORPORATION,8129446725,True,True,"Pharmacy, Community/Retail Pharmacy",13.5,39.3,18.2,62212,49606,0,0,1573.3,2002843.0
1457397259,"WESTMORELAND PHARMACY, INC.",ANTHONY WESTMORELAND,NEW ALBANY,IN,47150,8129446500,"WESTMORELAND PHARMACY, INC.",8129446500,True,True,"Pharmacy, Compounding Pharmacy",13.5,39.3,18.2,62212,49606,0,0,1573.3,2002843.0
1356032692,"WESTMORELAND PHARMACY, INC.",ANTHONY WESTMORELAND,NEW ALBANY,IN,47150,8129446500,"WESTMORELAND PHARMACY, INC.",8129446500,True,True,"Pharmacy, Community/Retail Pharmacy",13.5,39.3,18.2,62212,49606,0,0,1573.3,2002843.0
1376537902,M D J INC,CHARLES BEYER,AURORA,IN,47001,8129260552,M D J INC,8129260552,True,True,"Pharmacy, Community/Retail Pharmacy",13.5,37.9,16.8,72560,10374,0,0,1573.3,2002843.0
1164960688,ANDERSON BURRIS INC,LESTER BURRIS,HOPE,IN,47246,8122878884,ANDERSON BURRIS INC,8122878884,True,True,"Pharmacy, Community/Retail Pharmacy",13.2,41.2,12.0,88106,4142,0,0,1573.3,2002843.0
1487944294,"GEORGE'S FAMILY PHARMACY, INC.",BLAKE GILLMAN,VERSAILLES,IN,47042,8126890200,"GEORGE'S FAMILY PHARMACY, INC.",8126890200,True,True,"Pharmacy, Community/Retail Pharmacy",13.1,36.5,20.5,74401,3867,0,0,1573.3,2002843.0
1912964297,"PHARMACIST GROUP SERVICES, INC",JON STRAUTMAN,VERSAILLES,IN,47042,8126895955,"PHARMACIST GROUP SERVICES, INC",8126895955,True,True,"Pharmacy, Community/Retail Pharmacy",13.1,36.5,20.5,74401,3867,0,0,1573.3,2002843.0
1811855166,"INDIANA HEALTH CENTERS, INC. PHARMACY LLC",ANN LUNDY,SEYMOUR,IN,47274,8124074419,"INDIANA HEALTH CENTERS, INC. PHARMACY LLC",8124074419,True,True,"Pharmacy, Community/Retail Pharmacy",13.1,40.1,14.0,72186,32786,0,0,1573.3,2002843.0
1720561491,"FAMILY DRUGS, INC",SCOTT BUTT,SEYMOUR,IN,47274,8125224502,"FAMILY DRUGS, INC",8125224502,True,True,"Pharmacy, Community/Retail Pharmacy",13.1,40.1,14.0,72186,32786,0,0,1573.3,2002843.0
1962562199,HOUCHENS EXPRESS PHARMACY LLC,LESLIE BIDWELL,JASPER,IN,47546,8126347379,HOUCHENS EXPRESS PHARMACY LLC,8126347379,True,True,"Pharmacy, Community/Retail Pharmacy",13.0,39.9,18.9,67806,22376,0,0,1573.3,2002843.0
1295142412,GEORGES FAMILY PHARMACY INC,BLAKE GILLMAN,MILAN,IN,47031,8126546251,GEORGES FAMILY PHARMACY INC,8126546251,True,True,"Pharmacy, Community/Retail Pharmacy",13.0,36.1,18.2,67520,5179,0,0,1573.3,2002843.0
1134226970,"PHARMACY CARE SOLUTIONS, INC",CATHERINE MCCRACKEN,COLUMBUS,IN,47203,8123769650,"PHARMACY CARE SOLUTIONS, INC",8123769650,True,True,"Pharmacy, Community/Retail Pharmacy",12.9,38.7,20.7,73595,25106,0,0,1573.3,2002843.0
1720126295,DEKALB MEMORIAL PHARMACARE LLC,STANTON RISSER,AUBURN,IN,46706,2609258000,DEKALB MEMORIAL PHARMACARE LLC,2609258000,True,True,"Pharmacy, Community/Retail Pharmacy",12.9,43.2,17.0,76288,20277,0,0,1573.3,2002843.0
1720191299,RANDEL PHARMACY,JOHN RANDEL,THORNTOWN,IN,46071,7654367333,RANDEL PHARMACY,7654367333,True,True,Pharmacy,12.8,35.4,20.6,81755,3229,0,0,1573.3,2002843.0
1013542356,VIRAG,SAUMIIN CALCUTTAWALA,THORNTOWN,IN,46071,7658894735,VIRAG,7658894735,True,True,"Pharmacy, Community/Retail Pharmacy",12.8,35.4,20.6,81755,3229,0,0,1573.3,2002843.0
1659364487,"BUTT DRUGS, INC.",KATIE BUTT BECKORT,CORYDON,IN,47112,8127383272,"BUTT DRUGS, INC.",8127383272,True,True,"Pharmacy, Community/Retail Pharmacy",12.7,42.7,22.5,66943,17123,0,0,1573.3,2002843.0
1801289673,GEORGES FAMILY PHARMACY INC,BLAKE GILLMAN,BATESVILLE,IN,47006,8129326251,GEORGES FAMILY PHARMACY INC,8129326251,True,True,"Pharmacy, Community/Retail Pharmacy",12.7,37.3,19.7,76220,12607,0,0,1573.3,2002843.0
1518914043,NOLTE'S PHARMACY INC,ROBERT WALSMAN,BATESVILLE,IN,47006,8129342414,NOLTE'S PHARMACY INC,8129342414,True,True,"Pharmacy, Community/Retail Pharmacy",12.7,37.3,19.7,76220,12607,0,0,1573.3,2002843.0
1558463992,COWAN DRUGS INC,LUANN ROBERTSON,LEBANON,IN,46052,7654821600,COWAN DRUGS INC,7654821600,True,True,"Pharmacy, Community/Retail Pharmacy",12.7,36.0,16.7,66828,23455,0,0,1573.3,2002843.0
1487755781,COWAN DRUGS INC,LUANN ROBERTSON,LEBANON,IN,46052,7654820180,COWAN DRUGS INC,7654820180,True,True,"Pharmacy, Community/Retail Pharmacy",12.7,36.0,16.7,66828,23455,0,0,1573.3,2002843.0
1861960353,INDIANA PHARMACY ALLIANCE,MICHAEL SWART,DEMOTTE,IN,46310,5742862259,INDIANA PHARMACY ALLIANCE,5742862259,True,True,"Pharmacy, Community/Retail Pharmacy",12.6,40.2,23.0,81083,13914,0,0,1573.3,2002843.0
1245342187,PAYNES PRESCRIPTION PHARMACY INC,JIM PAYNE,FLORA,IN,46929,5749673762,PAYNES PRESCRIPTION PHARMACY INC,5749673762,True,True,"Pharmacy, Community/Retail Pharmacy",12.4,39.9,19.7,61667,3029,0,0,1573.3,2002843.0
1639620669,DEKALB MEMORIAL PHARMACARE LLC,STANTON RISSER,GARRETT,IN,46738,2605539200,DEKALB MEMORIAL PHARMACARE LLC,2605539200,True,True,"Pharmacy, Community/Retail Pharmacy",12.3,44.1,17.8,62212,8462,0,0,1573.3,2002843.0
1215963962,"GARRETT PHARMACARE, LLC",THOMAS FEICHTER,GARRETT,IN,46738,2603574022,"GARRETT PHARMACARE, LLC",2603574022,True,True,"Pharmacy, Community/Retail Pharmacy",12.3,44.1,17.8,62212,8462,0,0,1573.3,2002843.0
1528479946,MA UMIYA LLC,BHARAT PATEL,GARRETT,IN,46738,2603570111,MA UMIYA LLC,2603570111,True,True,"Pharmacy, Community/Retail Pharmacy",12.3,44.1,17.8,62212,8462,0,0,1573.3,2002843.0
1801980214,BUSH DRUGS INC,DAVID BUSH,GREENFIELD,IN,46140,3174627877,BUSH DRUGS INC,3174627877,True,True,"Pharmacy, Community/Retail Pharmacy",11.7,40.2,18.2,82850,42927,0,0,1573.3,2002843.0
1689624157,VALUE RX BLUEGRASS LLC,TODD WALTERS,CHANDLER,IN,47610,8129253347,VALUE RX BLUEGRASS LLC,8129253347,True,True,"Pharmacy, Community/Retail Pharmacy",11.7,35.8,11.3,74556,5695,0,0,1573.3,2002843.0
1750623351,"GEORGE'S FAMILY PHARMACY, INC.",BLAKE GILLMAN,LAWRENCEBURG,IN,47025,7656476251,"GEORGE'S FAMILY PHARMACY, INC.",7656476251,True,True,"Pharmacy, Community/Retail Pharmacy",11.6,35.0,17.7,89986,23713,0,0,1573.3,2002843.0
1942332119,BUEHLER'S BUY LOW PHARMACY,LESLIE BIDWELL,NEWBURGH,IN,47630,8128583210,BUEHLER'S BUY LOW PHARMACY,8128583210,True,True,"Pharmacy, Community/Retail Pharmacy",11.2,33.2,19.4,101462,39461,0,0,1573.3,2002843.0
1366082695,ST MARYS HEALTH INC,DANIEL PAROD,NEWBURGH,IN,47630,8124854695,ST MARYS HEALTH INC,8124854695,True,True,"Pharmacy, Community/Retail Pharmacy",11.2,33.2,19.4,101462,39461,0,0,1573.3,2002843.0
1811360100,HAYWOOD RX LLC,MARK HAYWOOD,NEWBURGH,IN,47630,8125183428,HAYWOOD RX LLC,8125183428,True,True,Pharmacy,11.2,33.2,19.4,101462,39461,0,0,1573.3,2002843.0
1609953611,THE DRUG STORE INC,JOYCE FREIBERGER,GEORGETOWN,IN,47122,8129238845,THE DRUG STORE INC,8129238845,True,True,"Pharmacy, Community/Retail Pharmacy",11.0,36.4,14.9,106034,11230,0,0,1573.3,2002843.0
1790142255,CAMBY LOW COST PHARMACY,AKRAM ABUMAHFOUZ,CAMBY,IN,46113,3175488015,CAMBY LOW COST PHARMACY,3175488015,True,True,Pharmacy,10.1,36.0,12.4,85510,17367,0,0,1573.3,2002843.0
1982315388,PRICELESS RX LLC,MAHMOUD KHATTAB,FISHERS,IN,46040,3177623333,PRICELESS RX LLC,3177623333,True,True,"Pharmacy, Community/Retail Pharmacy",10.0,36.6,6.5,144834,17891,0,0,1573.3,2002843.0
1598158016,GARST RX LLC,ERIC GARST,FORTVILLE,IN,46040,3174855555,GARST RX LLC,3174855555,True,True,"Pharmacy, Community/Retail Pharmacy",10.0,36.6,6.5,144834,17891,0,0,1573.3,2002843.0
1629176375,"ST. MARY'S HEALTH, INC.",DENNIS JEWELL,EVANSVILLE,IN,47750,8124854000,"ST. MARY'S HEALTH, INC.",8124854000,True,True,"Pharmacy, Community/Retail Pharmacy",0,0,0,0,0,0,0,1573.3,2002843.0
