npi,display_name,owner_name,city,state,zip,phone,cms_org_name,cms_phone,address_matches,phone_matches,primary_taxonomy_desc,zip_diabetes_pct,zip_obesity_pct,zip_pct_65_plus,zip_median_income,zip_population,hpsa_designated,hpsa_score,state_glp1_claims_per_pharmacy,state_glp1_cost_per_pharmacy
1477213031,"LYNN COMMUNITY HEALTH, INC.",RYAN SULLIVAN,LYNN,MA,01901,7815813900,"LYNN COMMUNITY HEALTH, INC.",7815813900,True,True,"Pharmacy, Community/Retail Pharmacy",20.1,41.6,24.2,27561,1934,1,21,1570.8,1914821.0
1891803060,WILLOW PHARMACY,BRIAN STRASNICK,LYNN,MA,01901,7815924350,WILLOW PHARMACY,7815924350,True,True,"Pharmacy, Community/Retail Pharmacy",20.1,41.6,24.2,27561,1934,1,21,1570.8,1914821.0
1205853223,"SUPERPHARM, INC.",OLEG URIM,LYNN,MA,01901,7815995900,"SUPERPHARM, INC.",7815995900,True,True,"Pharmacy, Community/Retail Pharmacy",20.1,41.6,24.2,27561,1934,1,21,1570.8,1914821.0
1134587397,CURE-AID PHARMACY INC,JOANNE ORTIZ READ,LAWRENCE,MA,01840,9789845285,CURE-AID PHARMACY INC,9789845285,True,True,"Pharmacy, Community/Retail Pharmacy",17.9,39.7,13.3,34630,7092,1,21,1570.8,1914821.0
1053819482,ALLIED PHARMACY INC.,JASON HASHEN,LAWRENCE,MA,01840,9789845769,ALLIED PHARMACY INC.,9789845769,True,True,"Pharmacy, Community/Retail Pharmacy",17.9,39.7,13.3,34630,7092,1,21,1570.8,1914821.0
1679715643,GREATER LAWRENCE FAMILY HEALTH CENTER INC,ZANDRA KELLEY,LAWRENCE,MA,01841,9786864453,GREATER LAWRENCE FAMILY HEALTH CENTER INC,9786864453,True,True,Pharmacy,14.5,37.9,10.0,54525,52761,1,21,1570.8,1914821.0
1326275926,GREATER LAWRENCE FAMILY HEALTH CENTER INC,ZANDRA KELLEY,LAWRENCE,MA,01841,9786916248,GREATER LAWRENCE FAMILY HEALTH CENTER INC,9786916248,True,True,"Pharmacy, Community/Retail Pharmacy",14.5,37.9,10.0,54525,52761,1,21,1570.8,1914821.0
1306989702,"GREATER LAWRENCE FAMILY HEALTH CENTER, INC.",ZANDRA KELLEY,LAWRENCE,MA,01841,9786881567,"GREATER LAWRENCE FAMILY HEALTH CENTER, INC.",9786881567,True,True,"Pharmacy, Community/Retail Pharmacy",14.5,37.9,10.0,54525,52761,1,21,1570.8,1914821.0
1235239252,PERROTTA'S PHARMACY,THOMAS PERROTTA,LAWRENCE,MA,01841,9786822557,PERROTTA'S PHARMACY,9786822557,True,True,"Pharmacy, Community/Retail Pharmacy",14.5,37.9,10.0,54525,52761,1,21,1570.8,1914821.0
1386322956,PHARMAHEALTH PHARMACY INC,SHAHID BASHIR,NEW BEDFORD,MA,02740,5089987888,PHARMAHEALTH PHARMACY INC,5089987888,True,True,"Pharmacy, Community/Retail Pharmacy",14.0,36.8,16.9,54563,46336,1,21,1570.8,1914821.0
1437234556,"RPB PHARMACY, INC.",RICHARD BRISSON,NEW BEDFORD,MA,02740,5089963778,"RPB PHARMACY, INC.",5089963778,True,True,"Pharmacy, Community/Retail Pharmacy",14.0,36.8,16.9,54563,46336,1,21,1570.8,1914821.0
1376565366,SOUTHCOAST HOSPITALS GROUP INC,SCOTT FLANAGAN,NEW BEDFORD,MA,02740,5089735449,SOUTHCOAST HOSPITALS GROUP INC,5089735449,True,True,"Pharmacy, Community/Retail Pharmacy",14.0,36.8,16.9,54563,46336,1,21,1570.8,1914821.0
1184194276,PHARMA SERVICE LLC,FELIX BAEZ,NEW BEDFORD,MA,02746,5088175044,PHARMA SERVICE LLC,5088175044,True,True,"Pharmacy, Community/Retail Pharmacy",14.0,39.3,13.0,41023,16791,1,21,1570.8,1914821.0
1699056820,TOMS NEW PLACE LLC,THOMAS CORY,FALL RIVER,MA,02723,7743221335,TOMS NEW PLACE LLC,7743221335,True,True,"Pharmacy, Community/Retail Pharmacy",13.3,37.0,12.9,41789,17111,1,21,1570.8,1914821.0
1104837749,TOMS PLACE NOW INC,THOMAS CORY,FALL RIVER,MA,02724,5086726911,TOMS PLACE NOW INC,5086726911,True,True,"Pharmacy, Community/Retail Pharmacy",13.2,36.6,15.4,49809,18758,1,21,1570.8,1914821.0
1285103804,"DOSTERT AND DOVE,LLC",EVAN DOSTERT,LYNN,MA,01902,6172570321,"DOSTERT AND DOVE,LLC",6172570321,True,True,"Pharmacy, Community/Retail Pharmacy",12.9,34.9,14.0,66755,51680,1,21,1570.8,1914821.0
1235292863,PPF INC,PETER FRASSICA,LYNN,MA,01902,7815924172,PPF INC,7815924172,True,True,"Pharmacy, Community/Retail Pharmacy",12.9,34.9,14.0,66755,51680,1,21,1570.8,1914821.0
1194856294,BALL PHARMACY CORP,EDWARD BALL,LYNN,MA,01902,7815989400,BALL PHARMACY CORP,7815989400,True,True,"Pharmacy, Community/Retail Pharmacy",12.9,34.9,14.0,66755,51680,1,21,1570.8,1914821.0
1891865812,SPECTOR DRUG INC,ARNOLD SPECTOR,LYNN,MA,01902,7815923179,SPECTOR DRUG INC,7815923179,True,True,"Pharmacy, Community/Retail Pharmacy",12.9,34.9,14.0,66755,51680,1,21,1570.8,1914821.0
1164967659,GREATER LAWRENCE FAMILY HEALTH CENTER INC,ZANDRA KELLEY,LAWRENCE,MA,01843,9786896790,GREATER LAWRENCE FAMILY HEALTH CENTER INC,9786896790,True,True,"Pharmacy, Community/Retail Pharmacy",12.8,35.3,9.2,72163,28444,1,21,1570.8,1914821.0
1487756664,"PACKARD MEDICAL PHARMACY, INC.",ROBIN DESMET,LAWRENCE,MA,01843,9786825122,"PACKARD MEDICAL PHARMACY, INC.",9786825122,True,True,"Pharmacy, Community/Retail Pharmacy",12.8,35.3,9.2,72163,28444,1,21,1570.8,1914821.0
1881799716,DEVILLERS PHARMACY INC.,ANDRE DEVILLERS,FALL RIVER,MA,02721,5086791944,DEVILLERS PHARMACY INC.,5086791944,True,True,"Pharmacy, Community/Retail Pharmacy",12.7,35.3,16.9,50666,25922,1,21,1570.8,1914821.0
1467463976,SPECIALTY SCRIPTS LLC,DENNIS BURTON,FALL RIVER,MA,02721,8008335002,SPECIALTY SCRIPTS LLC,8008335002,True,True,"Pharmacy, Specialty Pharmacy",12.7,35.3,16.9,50666,25922,1,21,1570.8,1914821.0
1356440986,HEALTH CARE PHARMACY INC,HARSH PATEL,FALL RIVER,MA,02720,5086755858,HEALTH CARE PHARMACY INC,5086755858,True,True,"Pharmacy, Community/Retail Pharmacy",11.6,33.7,17.1,62907,31063,1,21,1570.8,1914821.0
1336499581,SOUTHCOAST HOSPITALS GROUP INC,SCOTT FLANAGAN,FALL RIVER,MA,02720,5089737375,SOUTHCOAST HOSPITALS GROUP INC,5089737375,True,True,"Pharmacy, Community/Retail Pharmacy",11.6,33.7,17.1,62907,31063,1,21,1570.8,1914821.0
1649361361,WALSH PHARMACY OF ROCK STREET INC,THOMAS PASTERNAK,FALL RIVER,MA,02720,5086791300,WALSH PHARMACY OF ROCK STREET INC,5086791300,True,True,"Pharmacy, Community/Retail Pharmacy",11.6,33.7,17.1,62907,31063,1,21,1570.8,1914821.0
1154431138,"RPB PHARMACY INC,",RICHARD BRISSON,NEW BEDFORD,MA,02745,5089981121,"RPB PHARMACY INC,",5089981121,True,True,"Pharmacy, Community/Retail Pharmacy",11.6,33.6,16.7,73154,25013,1,21,1570.8,1914821.0
1790893170,VICTORY DISTRIBUTORS LLC,MICHAEL VAIL,TAUNTON,MA,02780,5088241057,VICTORY DISTRIBUTORS LLC,5088241057,True,True,"Pharmacy, Community/Retail Pharmacy",11.3,33.7,14.8,75054,52530,1,21,1570.8,1914821.0
1245463876,"VICTORY DISTRIBUTORS, LLC",ELWEN EATON,TAUNTON,MA,02780,5808241057,"VICTORY DISTRIBUTORS, LLC",5808241057,True,True,"Pharmacy, Community/Retail Pharmacy",11.3,33.7,14.8,75054,52530,1,21,1570.8,1914821.0
1982215117,GREATER LAWRENCE FAMILY HEALTH CENTER INC,ZANDRA KELLEY,HAVERHILL,MA,01830,9785572399,GREATER LAWRENCE FAMILY HEALTH CENTER INC,9785572399,True,True,"Pharmacy, Community/Retail Pharmacy",11.2,32.6,17.1,79784,26685,1,21,1570.8,1914821.0
1013220607,CONLEYS DRUG STORE INC,ALEXANDER DOYLE,GLOUCESTER,MA,01930,9782833131,CONLEYS DRUG STORE INC,9782833131,True,True,"Pharmacy, Community/Retail Pharmacy",11.0,30.2,25.5,87898,29862,1,21,1570.8,1914821.0
1326615758,"FAIRHAVEN PHARMACY, INC",BRIAN MENESES,FAIRHAVEN,MA,02719,5085254455,"FAIRHAVEN PHARMACY, INC",5085254455,True,True,"Pharmacy, Community/Retail Pharmacy",10.9,30.5,25.6,92500,15878,1,21,1570.8,1914821.0
1568876589,"SOUTHCOAST HOSPITALS GROUP, INC",WADE BROUGHMAN,FAIRHAVEN,MA,02719,5089733320,"SOUTHCOAST HOSPITALS GROUP, INC",5089733320,True,True,"Pharmacy, Community/Retail Pharmacy",10.9,30.5,25.6,92500,15878,1,21,1570.8,1914821.0
1790713378,PHARMAHEALTH LONGTERM CARE INC,JESSICA TAVARES,FAIRHAVEN,MA,02719,5089988000,PHARMAHEALTH LONGTERM CARE INC,5089988000,True,True,"Pharmacy, Specialty Pharmacy",10.9,30.5,25.6,92500,15878,1,21,1570.8,1914821.0
1922349604,SOUTHCOAST HOSPITALS GROUP INC,SCOTT FLANAGAN,FAIRHAVEN,MA,02719,5089732420,SOUTHCOAST HOSPITALS GROUP INC,5089732420,True,True,"Pharmacy, Community/Retail Pharmacy",10.9,30.5,25.6,92500,15878,1,21,1570.8,1914821.0
1528429982,GREATER LAWRENCE FAMILY HEALTH CENTER INC,ZANDRA KELLEY,METHUEN,MA,01844,9786555731,GREATER LAWRENCE FAMILY HEALTH CENTER INC,9786555731,True,True,"Pharmacy, Community/Retail Pharmacy",10.7,30.9,17.0,103292,53015,1,21,1570.8,1914821.0
1992356315,BETTERLIFE PHARMACY INC,LOC DO,METHUEN,MA,01844,9782585828,BETTERLIFE PHARMACY INC,9782585828,True,True,"Pharmacy, Community/Retail Pharmacy",10.7,30.9,17.0,103292,53015,1,21,1570.8,1914821.0
1225398399,ERAJ RX CORP,JITENDRA PATEL,METHEUN,MA,01844,9787941111,ERAJ RX CORP,9787941111,True,True,"Pharmacy, Community/Retail Pharmacy",10.7,30.9,17.0,103292,53015,1,21,1570.8,1914821.0
1417380841,PROGRESSIVE PHARMACY SOLUTIONS,PETER EDGERLY,METHUEN,MA,01844,9786555731,PROGRESSIVE PHARMACY SOLUTIONS,9786555731,True,True,"Pharmacy, Community/Retail Pharmacy",10.7,30.9,17.0,103292,53015,1,21,1570.8,1914821.0
1538201264,"CONLIN'S PHARMACY, INC.",DENNIS CONLIN,METHUEN,MA,01844,9785521700,"CONLIN'S PHARMACY, INC.",9785521700,True,True,"Pharmacy, Community/Retail Pharmacy",10.7,30.9,17.0,103292,53015,1,21,1570.8,1914821.0
1942308317,WESTPORT APOTHECARY INC,LYNNE BARKER,WESTPORT,MA,02790,5086365957,WESTPORT APOTHECARY INC,5086365957,True,True,"Pharmacy, Community/Retail Pharmacy",10.6,30.1,25.1,100617,16725,1,21,1570.8,1914821.0
1073900577,PHARMBLUE MASSACHUSETTS LLC,KRISTEN GURLEY,ATTLEBORO,MA,02703,8557794720,PHARMBLUE MASSACHUSETTS LLC,8557794720,True,True,"Pharmacy, Community/Retail Pharmacy",10.4,31.7,15.5,93352,46479,1,21,1570.8,1914821.0
1215034921,COUNTY SQUARE PHARMACY INC,ABRAM AGAYBY,ATTLEBORO,MA,02703,5082227620,COUNTY SQUARE PHARMACY INC,5082227620,True,True,"Pharmacy, Community/Retail Pharmacy",10.4,31.7,15.5,93352,46479,1,21,1570.8,1914821.0
1255757639,NORTH SHORE HOME MEDICAL SUPPLY INC,NEIL WELCH,PEABODY,MA,01960,9785353893,NORTH SHORE HOME MEDICAL SUPPLY INC,9785353893,True,True,"Pharmacy, Community/Retail Pharmacy",10.3,29.0,24.2,95173,53961,1,21,1570.8,1914821.0
1598137275,"NWJ CORP, INC",NEIL WELCH,PEABODY,MA,01960,9785353893,"NWJ CORP, INC",9785353893,True,True,"Pharmacy, Community/Retail Pharmacy",10.3,29.0,24.2,95173,53961,1,21,1570.8,1914821.0
1437267812,VICTORY DISTRIBUTORS LLC,ELWEN EATON,PEABODY,MA,01960,9785363222,VICTORY DISTRIBUTORS LLC,9785363222,True,True,"Pharmacy, Community/Retail Pharmacy",10.3,29.0,24.2,95173,53961,1,21,1570.8,1914821.0
1366452328,TREMONT DRUG CO INC,STEPHEN KALIVAS,PEABODY,MA,01960,9785311853,TREMONT DRUG CO INC,9785311853,True,True,"Pharmacy, Community/Retail Pharmacy",10.3,29.0,24.2,95173,53961,1,21,1570.8,1914821.0
1003049131,"VICTORY DISTRIBUTORS, LLC",ELWEN EATON,PEABODY,MA,01960,9785363222,"VICTORY DISTRIBUTORS, LLC",9785363222,True,True,"Pharmacy, Community/Retail Pharmacy",10.3,29.0,24.2,95173,53961,1,21,1570.8,1914821.0
1235580887,ANAWAN PHARMACY LLC,RICHARD PLOUDE,REHOBOTH,MA,02769,7749012445,ANAWAN PHARMACY LLC,7749012445,True,True,"Pharmacy, Community/Retail Pharmacy",9.5,29.4,19.3,126161,12809,1,21,1570.8,1914821.0
1124988498,"ASTHENIS, LLC",EUGENIO FERNANDEZ,SEEKONK,MA,02771,4016603248,"ASTHENIS, LLC",4016603248,True,True,"Pharmacy, Community/Retail Pharmacy",9.3,29.0,17.4,116310,15573,1,21,1570.8,1914821.0
1568272789,V-CARE PHARMACY OF DANVERS LLC,YUNG-EN FUNG,DANVERS,MA,01923,9787050007,V-CARE PHARMACY OF DANVERS LLC,9787050007,True,True,"Pharmacy, Community/Retail Pharmacy",9.2,27.8,22.2,117072,27778,1,21,1570.8,1914821.0
1982712360,VICTORY DISTRIBUTORS LLC,ELWEN EATON,SOUTH EASTON,MA,02375,5082384067,VICTORY DISTRIBUTORS LLC,5082384067,True,True,"Pharmacy, Community/Retail Pharmacy",9.2,29.5,18.3,117717,11205,1,21,1570.8,1914821.0
1396978433,"VICTORY DISTRIBUTORS, LLC",ELWEN EATON,SOUTH EASTON,MA,02375,5082384067,"VICTORY DISTRIBUTORS, LLC",5082384067,True,True,"Pharmacy, Community/Retail Pharmacy",9.2,29.5,18.3,117717,11205,1,21,1570.8,1914821.0
1093537490,"NORTH SHORE COMMUNITY HEALTH, INC",JOHN AWAD,SALEM,MA,01970,6034936537,"NORTH SHORE COMMUNITY HEALTH, INC",6034936537,True,True,"Pharmacy, Community/Retail Pharmacy",9.2,29.7,16.4,85189,44115,1,21,1570.8,1914821.0
1922110410,DANIEL L LYNCH PHARMACY,LOUIS ANDRIOTAKIS,NEWBURYPORT,MA,01950,9784622232,DANIEL L LYNCH PHARMACY,9784622232,True,True,"Pharmacy, Community/Retail Pharmacy",8.9,26.8,22.9,144259,18444,1,21,1570.8,1914821.0
1932207917,PHARMAHEALTH HAWTHORNE INC,JESSICA TAVARES,NORTH DARTMOUTH,MA,02747,5089987888,PHARMAHEALTH HAWTHORNE INC,5089987888,True,True,"Pharmacy, Community/Retail Pharmacy",8.9,28.8,15.0,97665,21500,1,21,1570.8,1914821.0
1407880008,PHARMACEUTICALLY ELEGANT INC,BRIAN AMBREFE,LYNNFIELD,MA,01940,7813343133,PHARMACEUTICALLY ELEGANT INC,7813343133,True,True,"Pharmacy, Community/Retail Pharmacy",8.7,26.3,18.8,171044,13183,1,21,1570.8,1914821.0
1356841662,PHARMACEUTICALLY ELEGANT INC,BRIAN AMBREFE,LYNNFIELD,MA,01940,7813343133,PHARMACEUTICALLY ELEGANT INC,7813343133,True,True,"Pharmacy, Community/Retail Pharmacy",8.7,26.3,18.8,171044,13183,1,21,1570.8,1914821.0
1740826908,RPH LLC,SABINO RUSSO,MARBLEHEAD,MA,01945,7816318100,RPH LLC,7816318100,True,True,"Pharmacy, Community/Retail Pharmacy",8.6,26.1,22.8,164325,20390,1,21,1570.8,1914821.0
1184631749,VILLAGE PHARMACY OF MARBLEHEAD INC.,ELLIOT STRASNICK,MARBLEHEAD,MA,01945,7816318100,VILLAGE PHARMACY OF MARBLEHEAD INC.,7816318100,True,True,"Pharmacy, Community/Retail Pharmacy",8.6,26.1,22.8,164325,20390,1,21,1570.8,1914821.0
1720195332,"ROWLEY PHARMACY, INC",WILLIAM MACDONALD,ROWLEY,MA,01969,9789482208,"ROWLEY PHARMACY, INC",9789482208,True,True,"Pharmacy, Community/Retail Pharmacy",8.6,27.4,21.0,117177,6214,1,21,1570.8,1914821.0
1528818150,NORTH ATTLEBORO PHARMACY INC,ABRAM AGAYBY,NORTH ATTLEBORO,MA,02760,5087272323,NORTH ATTLEBORO PHARMACY INC,5087272323,True,True,"Pharmacy, Community/Retail Pharmacy",8.6,28.9,16.2,109350,29078,1,21,1570.8,1914821.0
1407952831,CAPE ANN STORES INC,JAY SIBULKIN,MANCHESTER,MA,01944,9785261321,CAPE ANN STORES INC,9785261321,True,True,"Pharmacy, Community/Retail Pharmacy",8.5,25.3,25.5,197875,5368,1,21,1570.8,1914821.0
1922605344,"ANCHOR HOME MEDICAL, INC",WALTER CIAMPA,BEVERLY,MA,01915,9787208170,"ANCHOR HOME MEDICAL, INC",9787208170,True,True,"Pharmacy, Community/Retail Pharmacy",8.5,28.0,18.1,102347,41656,1,21,1570.8,1914821.0
1053366898,CUSTOM MEDICINE PHARMACY INC,WILLIAM BECKMAN,BEVERLY,MA,01915,9785244800,CUSTOM MEDICINE PHARMACY INC,9785244800,True,True,"Pharmacy, Compounding Pharmacy",8.5,28.0,18.1,102347,41656,1,21,1570.8,1914821.0
1194824599,HASKINS PHARMACY INC.,MALCOLM HASKINS,NORTON,MA,02766,5082854481,HASKINS PHARMACY INC.,5082854481,True,True,"Pharmacy, Community/Retail Pharmacy",8.2,28.0,15.9,127404,19155,1,21,1570.8,1914821.0
1841449691,"RBRX, INC.",DALE SHORES,NORTON,MA,02766,5082855293,"RBRX, INC.",5082855293,True,True,"Pharmacy, Community/Retail Pharmacy",8.2,28.0,15.9,127404,19155,1,21,1570.8,1914821.0
1053972463,AR PHARMACEUTICALS LLC,HASHIM AZAM,NORTH ANDOVER,MA,01845,9785523390,AR PHARMACEUTICALS LLC,9785523390,True,True,"Pharmacy, Community/Retail Pharmacy",8.2,26.5,15.5,134319,31881,1,21,1570.8,1914821.0
1720305303,HARVARD NEIGHBORHOOD PHARMACY INC,LAURETTA OKOYE,DORCHESTER,MA,02121,6172650171,HARVARD NEIGHBORHOOD PHARMACY INC,6172650171,True,True,"Pharmacy, Community/Retail Pharmacy",15.9,34.6,12.4,38565,28298,1,19,1570.8,1914821.0
1760828149,BLUE HILL PHARMACY LLC,VICTORIA OKEKE,BOSTON,MA,02121,3399870167,BLUE HILL PHARMACY LLC,3399870167,True,True,"Pharmacy, Community/Retail Pharmacy",15.9,34.6,12.4,38565,28298,1,19,1570.8,1914821.0
1740615251,NKANYIMUO REAL ESTATE LLC,VICTORIA OKEKE,DORCHESTER,MA,02121,6176527546,NKANYIMUO REAL ESTATE LLC,6176527546,True,True,"Pharmacy, Community/Retail Pharmacy",15.9,34.6,12.4,38565,28298,1,19,1570.8,1914821.0
1578240552,NKANYIMUO REAL ESTATE LLC,VICTORIA OKEKE,DORCHESTER,MA,02121,1617652754,NKANYIMUO REAL ESTATE LLC,1617652754,True,True,"Pharmacy, Community/Retail Pharmacy",15.9,34.6,12.4,38565,28298,1,19,1570.8,1914821.0
1558704718,GET WELL PHARMACY LLC,DONNA NEVAREZ,DORCHESTER,MA,02121,6175337232,GET WELL PHARMACY LLC,6175337232,True,True,"Pharmacy, Community/Retail Pharmacy",15.9,34.6,12.4,38565,28298,1,19,1570.8,1914821.0
1023850120,"DIMOCK COMMUNITY HEALTH CENTER, INC",JOHN AWAD,ROXBURY,MA,02119,6179891022,"DIMOCK COMMUNITY HEALTH CENTER, INC",6179891022,True,True,"Pharmacy, Community/Retail Pharmacy",15.0,32.0,15.6,43255,26851,1,19,1570.8,1914821.0
1861551699,I AND H INC,ESTHER EGESIONU,ROXBURY,MA,02119,6174278950,I AND H INC,6174278950,True,True,"Pharmacy, Community/Retail Pharmacy",15.0,32.0,15.6,43255,26851,1,19,1570.8,1914821.0
1790271294,PHARMALUXE INC,MICHAEL MCNAMARA,ROXBURY,MA,02119,9789443903,PHARMALUXE INC,9789443903,True,True,"Pharmacy, Community/Retail Pharmacy",15.0,32.0,15.6,43255,26851,1,19,1570.8,1914821.0
1871847137,"PHARMAHEALTH SPECIALTY/LONGTERM CARE, INC.",PHILIP FALZARANO,BOSTON,MA,02119,8777370047,"PHARMAHEALTH SPECIALTY/LONGTERM CARE, INC.",8777370047,True,True,"Pharmacy, Community/Retail Pharmacy",15.0,32.0,15.6,43255,26851,1,19,1570.8,1914821.0
1720484470,COMMUNITY CARE PHARMACY II INC.,LAURETTA OKOYE,ROXBURY,MA,02119,7816261955,COMMUNITY CARE PHARMACY II INC.,7816261955,True,True,"Pharmacy, Community/Retail Pharmacy",15.0,32.0,15.6,43255,26851,1,19,1570.8,1914821.0
1821379298,"MOMS PHARMACY, INC.",GLENN SCHABEL,ROXBURY,MA,02119,6177083922,"MOMS PHARMACY, INC.",6177083922,True,True,"Pharmacy, Community/Retail Pharmacy",15.0,32.0,15.6,43255,26851,1,19,1570.8,1914821.0
1427926567,"APEX PHARMACY SOLUTIONS, INC.",TUAN DANG,DORCHESTER,MA,02124,6173221933,"APEX PHARMACY SOLUTIONS, INC.",6173221933,True,True,"Pharmacy, Community/Retail Pharmacy",12.8,29.3,13.2,79168,55897,1,19,1570.8,1914821.0
1427118611,SOUTH END PHARMACY - ANJO,JOSEPH ONUJIOGU,DORCHESTER CENTER,MA,02124,6172886070,SOUTH END PHARMACY - ANJO,6172886070,True,True,"Pharmacy, Community/Retail Pharmacy",12.8,29.3,13.2,79168,55897,1,19,1570.8,1914821.0
1811058985,CRAWFORD DRUG LLC,STEPHEN KINAN,DORCHESTER CENTER,MA,02124,6174363400,CRAWFORD DRUG LLC,6174363400,True,True,"Pharmacy, Community/Retail Pharmacy",12.8,29.3,13.2,79168,55897,1,19,1570.8,1914821.0
1013340884,VIETAZ INC,CHRISTINE PHAN,BOSTON,MA,02124,6173221933,VIETAZ INC,6173221933,True,True,"Pharmacy, Community/Retail Pharmacy",12.8,29.3,13.2,79168,55897,1,19,1570.8,1914821.0
1689942757,QUALITY RX PHARMACY INC,PAUL GARBARINI,HYDE PARK,MA,02136,6173613030,QUALITY RX PHARMACY INC,6173613030,True,True,"Pharmacy, Community/Retail Pharmacy",11.9,28.2,17.0,96862,38071,1,19,1570.8,1914821.0
1730489493,CHELSEA PHARM INC,OLEG URIM,CHELSEA,MA,02150,6178843524,CHELSEA PHARM INC,6178843524,True,True,"Pharmacy, Community/Retail Pharmacy",11.5,28.7,11.2,72122,39444,1,19,1570.8,1914821.0
1952405458,MARGOLIS PHARMACY INC,STEVEN SHRAIAR,CHELSEA,MA,02150,6178843524,MARGOLIS PHARMACY INC,6178843524,True,True,"Pharmacy, Community/Retail Pharmacy",11.5,28.7,11.2,72122,39444,1,19,1570.8,1914821.0
1285906313,SACRED POWER USA LLC,VASHKAR KARIM,CHELSEA,MA,02150,6178840404,SACRED POWER USA LLC,6178840404,True,True,"Pharmacy, Community/Retail Pharmacy",11.5,28.7,11.2,72122,39444,1,19,1570.8,1914821.0
1598105397,"COMMUNITY CARE PHARMACY, INC",JUNGHWA LEE,DORCHESTER,MA,02122,6173229265,"COMMUNITY CARE PHARMACY, INC",6173229265,True,True,"Pharmacy, Community/Retail Pharmacy",11.2,24.9,13.5,82945,23471,1,19,1570.8,1914821.0
1477125847,"BETH ISRAEL LAHEY HEALTH PHARMACY, INC.",JOSENOR DE JESUS,DORCHESTER,MA,02122,6177540160,"BETH ISRAEL LAHEY HEALTH PHARMACY, INC.",6177540160,True,True,"Pharmacy, Community/Retail Pharmacy",11.2,24.9,13.5,82945,23471,1,19,1570.8,1914821.0
1841695814,DORCHESTER HOUSE MULTI-SERVICE,SEBASTIAN HAMILTON,DORCHESTER,MA,02122,6177402544,DORCHESTER HOUSE MULTI-SERVICE,6177402544,True,True,"Pharmacy, Community/Retail Pharmacy",11.2,24.9,13.5,82945,23471,1,19,1570.8,1914821.0
1962117820,HAMILTON PHARMACY SERVICES LLC,MICHAEL WILSON,DORCHESTER,MA,02122,6174759600,HAMILTON PHARMACY SERVICES LLC,6174759600,True,True,"Pharmacy, Community/Retail Pharmacy",11.2,24.9,13.5,82945,23471,1,19,1570.8,1914821.0
1255364386,VINHS BROTHERS INC,HIEU VINH,DORCHESTER,MA,02122,6172829800,VINHS BROTHERS INC,6172829800,True,True,"Pharmacy, Community/Retail Pharmacy",11.2,24.9,13.5,82945,23471,1,19,1570.8,1914821.0
1760591234,PROCARE PHARMACY LLC,BRANDON AYCOCK,BOSTON,MA,02111,8007171006,PROCARE PHARMACY LLC,8007171006,True,True,Pharmacy,10.6,19.4,16.8,70865,8067,1,19,1570.8,1914821.0
1235985193,"SOUTH COVE COMMUNITY HEALTH CENTER, INC.",ERIC TIBERI,BOSTON,MA,02111,6174827419,"SOUTH COVE COMMUNITY HEALTH CENTER, INC.",6174827419,True,True,"Pharmacy, Community/Retail Pharmacy",10.6,19.4,16.8,70865,8067,1,19,1570.8,1914821.0
1619982253,TAI TUNG PHARMACY INC,EVA CHAU,BOSTON,MA,02111,6174827419,TAI TUNG PHARMACY INC,6174827419,True,True,"Pharmacy, Community/Retail Pharmacy",10.6,19.4,16.8,70865,8067,1,19,1570.8,1914821.0
1356009336,TUFTS MEDICINE PHARMACY LLC,KEITH THOMASSET,BOSTON,MA,02111,8669186848,TUFTS MEDICINE PHARMACY LLC,8669186848,True,True,"Pharmacy, Community/Retail Pharmacy",10.6,19.4,16.8,70865,8067,1,19,1570.8,1914821.0
1134812647,CAMBRIDGE PUBLIC HEALTH COMMISSION,MARIA KOSSILOS,REVERE,MA,02151,7814858272,CAMBRIDGE PUBLIC HEALTH COMMISSION,7814858272,True,True,"Pharmacy, Community/Retail Pharmacy",10.3,25.7,15.4,80948,59949,1,19,1570.8,1914821.0
1760804397,SEASIDE PHARMACY INC.,TU-ANH VO,REVERE,MA,02151,7812846525,SEASIDE PHARMACY INC.,7812846525,True,True,"Pharmacy, Community/Retail Pharmacy",10.3,25.7,15.4,80948,59949,1,19,1570.8,1914821.0
1659051795,"UPHAM'S CORNER HEALTH COMMITTEE, INC.",JAGDEEP TRIVEDI,DORCHESTER,MA,02125,6172878000,"UPHAM'S CORNER HEALTH COMMITTEE, INC.",6172878000,True,True,"Pharmacy, Community/Retail Pharmacy",10.3,26.0,12.0,71810,33069,1,19,1570.8,1914821.0
1932610375,SAIGON PHARMACY INC,UYEN PHAM,DORCHESTER,MA,02125,6172829134,SAIGON PHARMACY INC,6172829134,True,True,"Pharmacy, Community/Retail Pharmacy",10.3,26.0,12.0,71810,33069,1,19,1570.8,1914821.0
1558443341,EDLINE GROUP INCORPORATED,EDWARD OBI,DORCHESTER,MA,02125,6172881616,EDLINE GROUP INCORPORATED,6172881616,True,True,"Pharmacy, Community/Retail Pharmacy",10.3,26.0,12.0,71810,33069,1,19,1570.8,1914821.0
1194443531,"BOSTON HEALTH CARE FOR THE HOMELESS PROGRAM, INC.",AGNES LEUNG,BOSTON,MA,02118,8576541790,"BOSTON HEALTH CARE FOR THE HOMELESS PROGRAM, INC.",8576541790,True,True,"Pharmacy, Community/Retail Pharmacy",9.9,24.3,13.6,90142,28522,1,19,1570.8,1914821.0
1710047014,J&G EINSIDLER CORPORATION,GARY EINSIDLER,BOSTON,MA,02118,6172623389,J&G EINSIDLER CORPORATION,6172623389,True,True,"Pharmacy, Community/Retail Pharmacy",9.9,24.3,13.6,90142,28522,1,19,1570.8,1914821.0
1427153626,"SULLIVAN'S PHARMACY, INC",LISA ROGERS,ROSLINDALE,MA,02131,6173236544,"SULLIVAN'S PHARMACY, INC",6173236544,True,True,"Pharmacy, Community/Retail Pharmacy",9.4,24.4,14.5,109237,31564,1,19,1570.8,1914821.0
1881781078,ROSLINDALE PHARMACY LTD,PETER OKWESILI,ROSLINDALE,MA,02131,6173250300,ROSLINDALE PHARMACY LTD,6173250300,True,True,"Pharmacy, Community/Retail Pharmacy",9.4,24.4,14.5,109237,31564,1,19,1570.8,1914821.0
1629111554,BROWN'S REXALL DRUG STORE,HARRY OFILOS,WINTHROP,MA,02152,6178461500,BROWN'S REXALL DRUG STORE,6178461500,True,True,"Pharmacy, Community/Retail Pharmacy",8.8,22.9,19.7,106357,18807,1,19,1570.8,1914821.0
1861543845,SAMUELS PHARMACY INC,PETER LYONS,WINTHROP,MA,02152,6178462200,SAMUELS PHARMACY INC,6178462200,True,True,"Pharmacy, Community/Retail Pharmacy",8.8,22.9,19.7,106357,18807,1,19,1570.8,1914821.0
1700931532,"D & M POWERS, INC.",MICHAEL WESSENBERG,WEST ROXBURY,MA,02132,6173250017,"D & M POWERS, INC.",6173250017,True,True,"Pharmacy, Community/Retail Pharmacy",8.6,21.1,20.0,139545,27069,1,19,1570.8,1914821.0
1255949327,NEIGHBORHEALTH CORPORATION,JAMES HAZARD,EAST BOSTON,MA,02128,6175695800,NEIGHBORHEALTH CORPORATION,6175695800,True,True,Pharmacy,8.5,25.0,8.0,92079,44124,1,19,1570.8,1914821.0
1013621598,MAVERICK SPECIALTY RETAIL PHARMACY,GREGORY WILMOT,EAST BOSTON,MA,02128,6175684781,MAVERICK SPECIALTY RETAIL PHARMACY,6175684781,True,True,"Pharmacy, Specialty Pharmacy",8.5,25.0,8.0,92079,44124,1,19,1570.8,1914821.0
1184899957,FENWAY COMMUNITY HEALTH CENTER INC,RALPH MELE,BOSTON,MA,02116,6179276163,FENWAY COMMUNITY HEALTH CENTER INC,6179276163,True,True,"Pharmacy, Community/Retail Pharmacy",7.7,19.3,16.6,127309,22040,1,19,1570.8,1914821.0
1104820679,BIOSCRIP PHARAMCY INC,JAMES MELANCON,BOSTON,MA,02116,6173757969,BIOSCRIP PHARAMCY INC,6173757969,True,True,"Pharmacy, Community/Retail Pharmacy",7.7,19.3,16.6,127309,22040,1,19,1570.8,1914821.0
1285717264,WHITTIER HEALTH PHARMACY INC,LAURETTA OKOYE,ROXBURY CROSSING,MA,02120,6175416846,WHITTIER HEALTH PHARMACY INC,6175416846,True,True,"Pharmacy, Community/Retail Pharmacy",7.5,21.9,7.0,61472,15248,1,19,1570.8,1914821.0
1417232968,HRC CORP INC,PAUL GARBARINI,DORCHESTER,MA,02120,6174272222,HRC CORP INC,6174272222,True,True,"Pharmacy, Community/Retail Pharmacy",7.5,21.9,7.0,61472,15248,1,19,1570.8,1914821.0
1689957722,"HRD CORP, INC",PAUL GARBARINI,DORCHESTER,MA,02120,6174272222,"HRD CORP, INC",6174272222,True,True,"Pharmacy, Community/Retail Pharmacy",7.5,21.9,7.0,61472,15248,1,19,1570.8,1914821.0
1477272615,NORTH END COMMUNITY HEALTH COMMITTEE INC,DANIEL LEONARD,CHARLESTOWN,MA,02129,8572381100,NORTH END COMMUNITY HEALTH COMMITTEE INC,8572381100,True,True,"Pharmacy, Community/Retail Pharmacy",6.4,20.6,13.2,157192,19994,1,19,1570.8,1914821.0
1285681783,HIGH PHARMACY INC,CARMEN MERLINO,CHARLESTOWN,MA,02129,6172420415,HIGH PHARMACY INC,6172420415,True,True,"Pharmacy, Community/Retail Pharmacy",6.4,20.6,13.2,157192,19994,1,19,1570.8,1914821.0
1902641376,GREENLEAF PHARMACY LLC,UYEN LE-KONG,BRIGHTON,MA,02135,6175662281,GREENLEAF PHARMACY LLC,6175662281,True,True,"Pharmacy, Community/Retail Pharmacy",5.8,19.3,13.5,88208,43683,1,19,1570.8,1914821.0
1871687202,NEWTS PHARMACY LLC,NEWTON TREVENS,BRIGHTON,MA,02135,6175662281,NEWTS PHARMACY LLC,6175662281,True,True,"Pharmacy, Community/Retail Pharmacy",5.8,19.3,13.5,88208,43683,1,19,1570.8,1914821.0
1083849525,DAISYS PHARMACY CORP,NIRAV DESAI,BOSTON,MA,02135,6172063233,DAISYS PHARMACY CORP,6172063233,True,True,"Pharmacy, Community/Retail Pharmacy",5.8,19.3,13.5,88208,43683,1,19,1570.8,1914821.0
1710226923,GOOD HEALTH PHARM INC.,IGOR KUZMIN,BRIGHTON,MA,02135,6173220077,GOOD HEALTH PHARM INC.,6173220077,True,True,"Pharmacy, Community/Retail Pharmacy",5.8,19.3,13.5,88208,43683,1,19,1570.8,1914821.0
1891241816,CHARLES RIVER COMMUNITY HEALTH INC,HINAL PATEL,BRIGHTON,MA,02135,6178707448,CHARLES RIVER COMMUNITY HEALTH INC,6178707448,True,True,"Pharmacy, Community/Retail Pharmacy",5.8,19.3,13.5,88208,43683,1,19,1570.8,1914821.0
1932385440,MEI SERVICES INC,MICHAEL BOGACHEU,BRIGHTON,MA,02135,6177874700,MEI SERVICES INC,6177874700,True,True,"Pharmacy, Community/Retail Pharmacy",5.8,19.3,13.5,88208,43683,1,19,1570.8,1914821.0
1285216127,"BOSTON CHILDREN'S HEALTH SOLUTIONS RX, LLC",MICHELLE GARVIN,BOSTON,MA,02115,6173556810,"BOSTON CHILDREN'S HEALTH SOLUTIONS RX, LLC",6173556810,True,True,"Pharmacy, Community/Retail Pharmacy",5.5,19.2,9.5,53398,28621,1,19,1570.8,1914821.0
1669142725,"BOSTON CHILDREN'S HEALTH SOLUTIONS RX, LLC",MICHELE GARVIN,BOSTON,MA,02115,6179195330,"BOSTON CHILDREN'S HEALTH SOLUTIONS RX, LLC",6179195330,True,True,"Pharmacy, Community/Retail Pharmacy",5.5,19.2,9.5,53398,28621,1,19,1570.8,1914821.0
1588773055,"PROCARE PHARMACY, LLC",SUSAN COLBERT,BOSTON,MA,02115,8006175679,"PROCARE PHARMACY, LLC",8006175679,True,True,Pharmacy,5.5,19.2,9.5,53398,28621,1,19,1570.8,1914821.0
1043684582,GALAXY PHARMACY BOSTON INC,QUYEN TRAN,BOSTON,MA,02127,6172680800,GALAXY PHARMACY BOSTON INC,6172680800,True,True,"Pharmacy, Community/Retail Pharmacy",5.4,20.2,9.8,156373,36646,1,19,1570.8,1914821.0
1740615574,GALAXY PHARMACY LLC,HAI TRAN,BOSTON,MA,02127,6172680800,GALAXY PHARMACY LLC,6172680800,True,True,"Pharmacy, Community/Retail Pharmacy",5.4,20.2,9.8,156373,36646,1,19,1570.8,1914821.0
1902991573,MGH OUTPATIENT PHARMACY,KAREN RYLE,BOSTON,MA,02114,6177243100,MGH OUTPATIENT PHARMACY,6177243100,True,True,"Pharmacy, Community/Retail Pharmacy",4.8,18.3,13.5,135057,13853,1,19,1570.8,1914821.0
1336805761,ELYSIAN ENTERPRISES INC,SETH FREEDMAN,BOSTON,MA,02114,6172270023,ELYSIAN ENTERPRISES INC,6172270023,True,True,"Pharmacy, Community/Retail Pharmacy",4.8,18.3,13.5,135057,13853,1,19,1570.8,1914821.0
1902841430,GREENFIELD ENTERPRISES INC,DANIEL GREENFIELD,BOSTON,MA,02114,6172270023,GREENFIELD ENTERPRISES INC,6172270023,True,True,"Pharmacy, Community/Retail Pharmacy",4.8,18.3,13.5,135057,13853,1,19,1570.8,1914821.0
1912149493,MONA PHARMACY CORP,DIPESH CHAUDHARY,ALLSTON,MA,02134,6172545900,MONA PHARMACY CORP,6172545900,True,True,Pharmacy,4.3,18.2,6.5,75317,17637,1,19,1570.8,1914821.0
1437219466,GIANGREGORIO BROS INC.,JOSEPH GIANGREGORIO,BOSTON,MA,02113,6172273728,GIANGREGORIO BROS INC.,6172273728,True,True,"Pharmacy, Community/Retail Pharmacy",3.3,17.6,11.0,110321,6522,1,19,1570.8,1914821.0
1336635614,"BETH ISRAEL LAHEY HEALTH PHARMACY, INC.",JOSENOR DE JESUS,BOSTON,MA,02215,6176676200,"BETH ISRAEL LAHEY HEALTH PHARMACY, INC.",6176676200,True,True,"Pharmacy, Community/Retail Pharmacy",3.3,17.8,4.0,65827,24054,1,19,1570.8,1914821.0
1427873520,COMMUNITY HEALTH CENTER OF FRANKLIN COUNTY INCORPORATED,JOHN AWAD,ORANGE,MA,01364,6034936537,COMMUNITY HEALTH CENTER OF FRANKLIN COUNTY INCORPORATED,6034936537,True,True,"Pharmacy, Community/Retail Pharmacy",12.9,30.3,21.0,54061,7668,1,18,1570.8,1914821.0
1326122466,ANDERSON PHARMACY INC,ZACHARY BARRIEAU,SHELBURNE FALLS,MA,01370,4136256324,ANDERSON PHARMACY INC,4136256324,True,True,"Pharmacy, Community/Retail Pharmacy",10.9,25.7,33.2,76715,3641,1,18,1570.8,1914821.0
1619221322,RANDOLPH PHARMACY,TRIET NGO,RANDOLPH,MA,02368,6177502588,RANDOLPH PHARMACY,6177502588,True,True,"Pharmacy, Community/Retail Pharmacy",12.2,28.6,17.5,103321,34736,1,17,1570.8,1914821.0
1811233489,PHARMAHEALTH INC,CHRISTOPHER LE,RANDOLPH,MA,02368,7813522606,PHARMAHEALTH INC,7813522606,True,True,"Pharmacy, Community/Retail Pharmacy",12.2,28.6,17.5,103321,34736,1,17,1570.8,1914821.0
1063427672,GEORGE A MARRA DBA MEDICAL PHARMACY,GEORGE MARRA,STOUGHTON,MA,02072,7813442311,GEORGE A MARRA DBA MEDICAL PHARMACY,7813442311,True,True,"Pharmacy, Community/Retail Pharmacy",11.1,27.7,19.4,104164,29074,1,17,1570.8,1914821.0
1447660576,GALAXY PHARMACY LLC,HAI TRAN,QUINCY,MA,02170,6173024966,GALAXY PHARMACY LLC,6173024966,True,True,"Pharmacy, Community/Retail Pharmacy",10.3,20.9,16.7,101840,19685,1,17,1570.8,1914821.0
1578813143,"MEDI-SON SOLUTIONS, LLC",CHRISTOPHER LE,QUINCY,MA,02170,7813522602,"MEDI-SON SOLUTIONS, LLC",7813522602,True,True,"Pharmacy, Community/Retail Pharmacy",10.3,20.9,16.7,101840,19685,1,17,1570.8,1914821.0
1770373573,"MANET COMMUNITY HEALTH CENTER, INC.",JOHN AWAD,NORTH QUINCY,MA,02171,6176388140,"MANET COMMUNITY HEALTH CENTER, INC.",6176388140,True,True,"Pharmacy, Community/Retail Pharmacy",10.1,21.2,18.7,104992,20513,1,17,1570.8,1914821.0
1740527175,"SOUTH COVE COMMUNITY HEALTH CENTER, INC.",EUGENE WELCH,QUINCY,MA,02171,6173183300,"SOUTH COVE COMMUNITY HEALTH CENTER, INC.",6173183300,True,True,"Pharmacy, Community/Retail Pharmacy",10.1,21.2,18.7,104992,20513,1,17,1570.8,1914821.0
1831640408,"ATLAS PHARMAHEALTH, INC.",CHRISTOPHER LE,QUINCY,MA,02169,6174729000,"ATLAS PHARMAHEALTH, INC.",6174729000,True,True,"Pharmacy, Specialty Pharmacy",10.0,24.0,17.8,92080,60928,1,17,1570.8,1914821.0
1154166551,CROWN PHARMACY LLC,CHRISTOPHER LE,QUINCY,MA,02169,6174729000,CROWN PHARMACY LLC,6174729000,True,True,"Pharmacy, Community/Retail Pharmacy",10.0,24.0,17.8,92080,60928,1,17,1570.8,1914821.0
1760984017,CROWN COLONY PHARMACY INC,HUNG DOAN,QUINCY,MA,02169,6174729000,CROWN COLONY PHARMACY INC,6174729000,True,True,"Pharmacy, Community/Retail Pharmacy",10.0,24.0,17.8,92080,60928,1,17,1570.8,1914821.0
1851492078,"LIBUN APOTHECARY & SURGICAL SUPPLY, INC",THOMAS LIBBY,QUINCY,MA,02169,6177737733,"LIBUN APOTHECARY & SURGICAL SUPPLY, INC",6177737733,True,True,"Pharmacy, Community/Retail Pharmacy",10.0,24.0,17.8,92080,60928,1,17,1570.8,1914821.0
1497853428,BLACKWOOD PHARMACY INC,BONNIE SEELY,QUINCY,MA,02169,6174713300,BLACKWOOD PHARMACY INC,6174713300,True,True,"Pharmacy, Community/Retail Pharmacy",10.0,24.0,17.8,92080,60928,1,17,1570.8,1914821.0
1144103862,CAREPARTNERS PHARMACY LLC,KAMYAR GHAZVINI,BRAINTREE,MA,02184,8573450858,CAREPARTNERS PHARMACY LLC,8573450858,True,True,Pharmacy,9.5,23.5,17.8,125305,38762,1,17,1570.8,1914821.0
1073985941,MEDMINDER SYSTEMS INC,TROY HILSENROTH,NORWOOD,MA,02062,8886336463,MEDMINDER SYSTEMS INC,8886336463,True,True,"Pharmacy, Community/Retail Pharmacy",9.4,25.1,18.7,97110,31380,1,17,1570.8,1914821.0
1689221038,NORWOOD PHARMACY INC,SEJAL PATEL,NORWOOD,MA,02062,7813498895,NORWOOD PHARMACY INC,7813498895,True,True,"Pharmacy, Community/Retail Pharmacy",9.4,25.1,18.7,97110,31380,1,17,1570.8,1914821.0
1043527112,"MEDI-SON SOLUTIONS, LLC",SON DINH,NORWOOD,MA,02062,7813522606,"MEDI-SON SOLUTIONS, LLC",7813522606,True,True,"Pharmacy, Community/Retail Pharmacy",9.4,25.1,18.7,97110,31380,1,17,1570.8,1914821.0
1871699355,OLDEN'S PHARMACY INC.,WILLIAM MACARTHUR,SOUTH WEYMOUTH,MA,02190,7813370187,OLDEN'S PHARMACY INC.,7813370187,True,True,"Pharmacy, Community/Retail Pharmacy",9.1,25.1,18.6,99024,19029,1,17,1570.8,1914821.0
1295214104,SAVCARE HEALTH CO,AJAY SHARMA,FOXBOROUGH,MA,02035,7747651616,SAVCARE HEALTH CO,7747651616,True,True,"Pharmacy, Community/Retail Pharmacy",9.0,25.2,17.2,108559,18516,1,17,1570.8,1914821.0
1376083998,BRIGHAM AND WOMEN'S HEALTH CARE CENTER,AMRITA CHABRIA,FOXBOROUGH,MA,02035,6177326233,BRIGHAM AND WOMEN'S HEALTH CARE CENTER,6177326233,True,True,"Pharmacy, Community/Retail Pharmacy",9.0,25.2,17.2,108559,18516,1,17,1570.8,1914821.0
1316568330,WALDEN BEHAVIORAL CARE LLC,CHARLES ROSSIGNOL,DEDHAM,MA,02026,7816472922,WALDEN BEHAVIORAL CARE LLC,7816472922,True,True,"Pharmacy, Community/Retail Pharmacy",8.9,24.3,20.3,124375,25109,1,17,1570.8,1914821.0
1801253489,DEDHAM PHARMACY & MEDICAL SUPPLY,LEANNE JASSET,DEDHAM,MA,02026,7813267007,DEDHAM PHARMACY & MEDICAL SUPPLY,7813267007,True,True,"Pharmacy, Community/Retail Pharmacy",8.9,24.3,20.3,124375,25109,1,17,1570.8,1914821.0
1700891322,HL WARDLE DRUG CO INC,PETER LEVANGIE,DEDHAM,MA,02026,7813260061,HL WARDLE DRUG CO INC,7813260061,True,True,"Pharmacy, Community/Retail Pharmacy",8.9,24.3,20.3,124375,25109,1,17,1570.8,1914821.0
1346853728,"BETH ISRAEL LAHEY HEALTH PHARMACY, INC.",JOSENOR DE JESUS,WESTWOOD,MA,02090,7813526500,"BETH ISRAEL LAHEY HEALTH PHARMACY, INC.",7813526500,True,True,"Pharmacy, Community/Retail Pharmacy",8.5,22.0,18.3,205000,16213,1,17,1570.8,1914821.0
1649336918,BETRO PHARMACY INC,PETER BETRO,WALPOLE,MA,02081,5086680018,BETRO PHARMACY INC,5086680018,True,True,"Pharmacy, Community/Retail Pharmacy",8.1,23.4,17.8,150233,19703,1,17,1570.8,1914821.0
1336709567,WALPOLE PHARMACY,ELAINE BRUNELLE,WALPOLE,MA,02081,5089422466,WALPOLE PHARMACY,5089422466,True,True,"Pharmacy, Community/Retail Pharmacy",8.1,23.4,17.8,150233,19703,1,17,1570.8,1914821.0
1023875572,UNION PHARMACY NEEDHAM LLC,XIAOYAN QIN,NEEDHAM,MA,02492,7816753755,UNION PHARMACY NEEDHAM LLC,7816753755,True,True,"Pharmacy, Community/Retail Pharmacy",7.8,21.3,17.5,222063,21481,1,17,1570.8,1914821.0
1508904434,A & J RX INC,ANDREW STEIN,NEEDHAM,MA,02492,7814490550,A & J RX INC,7814490550,True,True,"Pharmacy, Community/Retail Pharmacy",7.8,21.3,17.5,222063,21481,1,17,1570.8,1914821.0
1366250482,"NEW ENGLAND PHARMACY, LLC",SEPIDEH AMIRIFELI,BROOKLINE,MA,02445,6178601080,"NEW ENGLAND PHARMACY, LLC",6178601080,True,True,"Pharmacy, Community/Retail Pharmacy",6.9,20.8,14.7,145878,22568,1,17,1570.8,1914821.0
1205980570,"VILLAGE FERTILITY PHARMACY, INC.",DONALD SILKES,BROOKLINE,MA,02445,6177359090,"VILLAGE FERTILITY PHARMACY, INC.",6177359090,True,True,"Pharmacy, Compounding Pharmacy",6.9,20.8,14.7,145878,22568,1,17,1570.8,1914821.0
1821154014,ANDERSON HOLDINGS,DERICK ANDERSON,BROOKLINE,MA,02446,6175664080,ANDERSON HOLDINGS,6175664080,True,True,"Pharmacy, Community/Retail Pharmacy",6.6,20.3,15.0,127519,31109,1,17,1570.8,1914821.0
1619270006,ANDERSON HOLDINGS,DERICK ANDERSON,BROOKLINE,MA,02446,6176083022,ANDERSON HOLDINGS,6176083022,True,True,"Pharmacy, Community/Retail Pharmacy",6.6,20.3,15.0,127519,31109,1,17,1570.8,1914821.0
1104437896,"DANA-FARBER CANCER INSTITUTE, INC.",JASON POQUETTE,CHESTNUT HILL,MA,02467,6176323878,"DANA-FARBER CANCER INSTITUTE, INC.",6176323878,True,True,"Pharmacy, Community/Retail Pharmacy",6.4,19.2,16.7,173854,22325,1,17,1570.8,1914821.0
1174156921,V-CARE PHARMACY OF CHESTNUT HILL LLC,VIPUL PATEL,CHESTNUT HILL,MA,02467,6174409622,V-CARE PHARMACY OF CHESTNUT HILL LLC,6174409622,True,True,"Pharmacy, Community/Retail Pharmacy",6.4,19.2,16.7,173854,22325,1,17,1570.8,1914821.0
1255832945,BRIGHAM AND WOMEN'S HEALTH CARE CENTER,AMRITA CHABRIA,CHESTNUT HILL,MA,02467,6177329040,BRIGHAM AND WOMEN'S HEALTH CARE CENTER,6177329040,True,True,"Pharmacy, Community/Retail Pharmacy",6.4,19.2,16.7,173854,22325,1,17,1570.8,1914821.0
1013336247,CARING HEALTH CENTER INC,CHETAN GOHIL,SPRINGFIELD,MA,01103,4136931005,CARING HEALTH CENTER INC,4136931005,True,True,"Pharmacy, Community/Retail Pharmacy",20.2,46.1,14.1,21458,2336,1,16,1570.8,1914821.0
1780741819,THE APOTHECARY CENTER INC.,MARCEL NUNES,SPRINGFIELD,MA,01103,4137342080,THE APOTHECARY CENTER INC.,4137342080,True,True,"Pharmacy, Community/Retail Pharmacy",20.2,46.1,14.1,21458,2336,1,16,1570.8,1914821.0
1245650225,BAYSTATE PHARMACY,GARY KERR,SPRINGFIELD,MA,01107,4137949009,BAYSTATE PHARMACY,4137949009,True,True,"Pharmacy, Community/Retail Pharmacy",19.1,44.5,9.6,31969,12270,1,16,1570.8,1914821.0
1457818981,SPRINGFIELD PHARMACY LLC,ALEXANDER WU,SPRINGFIELD,MA,01107,4132663426,SPRINGFIELD PHARMACY LLC,4132663426,True,True,"Pharmacy, Community/Retail Pharmacy",19.1,44.5,9.6,31969,12270,1,16,1570.8,1914821.0
1932165131,AIRLINE DRUG INC,CLARK MATTHEWS,SPRINGFIELD,MA,01107,4137843455,AIRLINE DRUG INC,4137843455,True,True,"Pharmacy, Community/Retail Pharmacy",19.1,44.5,9.6,31969,12270,1,16,1570.8,1914821.0
1861100745,SPRINGFIELD PHARMACY LLC,ALEXANDER WU,SPRINGFIELD,MA,01104,4132643060,SPRINGFIELD PHARMACY LLC,4132643060,True,True,"Pharmacy, Community/Retail Pharmacy",16.3,40.6,13.8,47530,21745,1,16,1570.8,1914821.0
1164489027,L&C PRESCRIPTIONS INC,CLARK MATTHEWS,SPRINGFIELD,MA,01104,4137310152,L&C PRESCRIPTIONS INC,4137310152,True,True,"Pharmacy, Community/Retail Pharmacy",16.3,40.6,13.8,47530,21745,1,16,1570.8,1914821.0
1417363516,"SPRINGFIELD FAMILY PHARMACY, INC",MATT MOEN,SPRINGFIELD,MA,01104,4132098043,"SPRINGFIELD FAMILY PHARMACY, INC",4132098043,True,True,"Pharmacy, Community/Retail Pharmacy",16.3,40.6,13.8,47530,21745,1,16,1570.8,1914821.0
1477519684,HOLYOKE HEALTH CENTER PHARMACY,REGINA BOK,HOLYOKE,MA,01040,4135337323,HOLYOKE HEALTH CENTER PHARMACY,4135337323,True,True,"Pharmacy, Community/Retail Pharmacy",15.0,38.3,18.6,51892,37949,1,16,1570.8,1914821.0
1780380337,PROXSYS RX - MA LLC,JOEL WRIGHT,HOLYOKE,MA,01040,4133198100,PROXSYS RX - MA LLC,4133198100,True,True,"Pharmacy, Community/Retail Pharmacy",15.0,38.3,18.6,51892,37949,1,16,1570.8,1914821.0
1316556012,SPRINGFIELD PHARMACY LLC,ALEXANDER WU,HOLYOKE,MA,01040,4132616664,SPRINGFIELD PHARMACY LLC,4132616664,True,True,"Pharmacy, Community/Retail Pharmacy",15.0,38.3,18.6,51892,37949,1,16,1570.8,1914821.0
1386036713,QUALITY ZONE PHARMACY CORP,SAMIR DESAI,SPRINGFIELD,MA,01108,4137393900,QUALITY ZONE PHARMACY CORP,4137393900,True,True,"Pharmacy, Community/Retail Pharmacy",14.5,39.8,10.8,51851,27409,1,16,1570.8,1914821.0
1770884439,VIETAZ INC.,CHRISTINE PHAN,SPRINGFIELD,MA,01108,4133424238,VIETAZ INC.,4133424238,True,True,"Pharmacy, Community/Retail Pharmacy",14.5,39.8,10.8,51851,27409,1,16,1570.8,1914821.0
1609758135,CARING HEALTH CENTER INC,FRANK KOSTEK,SPRINGFIELD,MA,01119,4136931022,CARING HEALTH CENTER INC,4136931022,True,True,"Pharmacy, Community/Retail Pharmacy",12.5,35.5,17.9,59172,14059,1,16,1570.8,1914821.0
1407651862,"CARING HEALTH CENTER, INC",FRANK KOSTEK,SPRINGFIELD,MA,01119,4136931061,"CARING HEALTH CENTER, INC",4136931061,True,True,"Pharmacy, Community/Retail Pharmacy",12.5,35.5,17.9,59172,14059,1,16,1570.8,1914821.0
1427186188,ADAMS,VINCENT DUARTE,PROVINCETOWN,MA,02657,5084870069,ADAMS,5084870069,True,True,"Pharmacy, Community/Retail Pharmacy",12.1,28.6,25.8,104500,3681,1,16,1570.8,1914821.0
1124788500,COMMUNITY HEALTH CENTER OF CAPE COD INC,KAREN GARDNER,FALMOUTH,MA,02540,5084777090,COMMUNITY HEALTH CENTER OF CAPE COD INC,5084777090,True,True,Pharmacy,12.0,25.9,43.2,88266,8354,1,16,1570.8,1914821.0
1588101380,CAPE COD HEALTHCARE,ANGELA MEDEIROS,FALMOUTH,MA,02540,5084957520,CAPE COD HEALTHCARE,5084957520,True,True,"Pharmacy, Community/Retail Pharmacy",12.0,25.9,43.2,88266,8354,1,16,1570.8,1914821.0
1154387553,AIRLINE DRUG INC,CLARK MATTHEWS,CHICOPEE,MA,01020,4135345677,AIRLINE DRUG INC,4135345677,True,True,"Pharmacy, Community/Retail Pharmacy",12.0,34.3,21.4,70971,30230,1,16,1570.8,1914821.0
1861720583,CHICOPEE HEALTH CENTER PHARMACY,REGINA BOK,CHICOPEE,MA,01013,4134206222,CHICOPEE HEALTH CENTER PHARMACY,4134206222,True,True,"Pharmacy, Community/Retail Pharmacy",11.7,35.3,15.5,64039,22950,1,16,1570.8,1914821.0
1871026351,BERKSHIRE COMMUNITY PHARMACY OF NORTH ADAMS,DARLENE RODOWICZ,NORTH ADAMS,MA,01247,4136645333,BERKSHIRE COMMUNITY PHARMACY OF NORTH ADAMS,4136645333,True,True,"Pharmacy, Community/Retail Pharmacy",11.5,33.5,23.1,55544,14967,1,16,1570.8,1914821.0
1316341845,CAPE COD PHARMACY & HEALTH LLC,KARRYN LEWIS,HYANNIS,MA,02601,5087785928,CAPE COD PHARMACY & HEALTH LLC,5087785928,True,True,"Pharmacy, Community/Retail Pharmacy",11.5,31.3,20.2,62989,16066,1,16,1570.8,1914821.0
1457713232,CAPE COD HEALTHCARE INC,ANGELA MEDEIROS,HYANNIS,MA,02601,5088625900,CAPE COD HEALTHCARE INC,5088625900,True,True,"Pharmacy, Community/Retail Pharmacy",11.5,31.3,20.2,62989,16066,1,16,1570.8,1914821.0
1811932296,"GREGG, INC.",RICHARD GREGG,HYANNIS,MA,02601,5087785928,"GREGG, INC.",5087785928,True,True,"Pharmacy, Community/Retail Pharmacy",11.5,31.3,20.2,62989,16066,1,16,1570.8,1914821.0
1962505776,HEALTHSTAR PHARMACY INC.,JOSEPH MARTRAGONO,LENOX,MA,01240,4136374700,HEALTHSTAR PHARMACY INC.,4136374700,True,True,"Pharmacy, Community/Retail Pharmacy",11.4,28.4,37.1,99745,5024,1,16,1570.8,1914821.0
1689621138,STAR MARKETS COMPANY INC,KATHY GIANNAKOPOULOS,HARWICH PORT,MA,02646,5084320895,STAR MARKETS COMPANY INC,5084320895,True,True,"Pharmacy, Community/Retail Pharmacy",11.2,24.7,48.6,74276,1715,1,16,1570.8,1914821.0
1659021418,WSP & W LLC,AJAY DESAI,WEST SPRINGFIELD,MA,01089,4133644806,WSP & W LLC,4133644806,True,True,"Pharmacy, Community/Retail Pharmacy",11.2,33.3,16.4,70401,28635,1,16,1570.8,1914821.0
1427705250,BERKSHIRE HILLS HEALTH INC,TATIANA FUSTER,PITTSFIELD,MA,01201,4134647797,BERKSHIRE HILLS HEALTH INC,4134647797,True,True,"Pharmacy, Community/Retail Pharmacy",11.1,32.9,20.1,68879,45072,1,16,1570.8,1914821.0
1003990698,T.&C. FLYNNS PHARMACY INC,CHRISTOPHER FLYNN,PITTSFIELD,MA,01201,4134455567,T.&C. FLYNNS PHARMACY INC,4134455567,True,True,"Pharmacy, Community/Retail Pharmacy",11.1,32.9,20.1,68879,45072,1,16,1570.8,1914821.0
1578661401,"BILL'S PHARMACY OF GREAT BARRINGTON, INC.",STEPHEN BANNON,GREAT BARRINGTON,MA,01230,4135282860,"BILL'S PHARMACY OF GREAT BARRINGTON, INC.",4135282860,True,True,"Pharmacy, Compounding Pharmacy",10.6,29.0,25.5,82871,8813,1,16,1570.8,1914821.0
1245315688,OLAUGHLINS HOMECARE PHARMACY INC,STANLEY WALCZYK,DALTON,MA,01226,4136840023,OLAUGHLINS HOMECARE PHARMACY INC,4136840023,True,True,"Pharmacy, Community/Retail Pharmacy",10.2,30.6,24.9,81168,6304,1,16,1570.8,1914821.0
1598118200,"SOUTHWICK PHARMA, LLC",SIVAGAMA DORAIRAJ,SOUTHWICK,MA,01077,4139983446,"SOUTHWICK PHARMA, LLC",4139983446,True,True,"Pharmacy, Community/Retail Pharmacy",10.2,31.3,21.9,108833,9222,1,16,1570.8,1914821.0
1649330234,SYNA INC,MICHAEL SAJEWICZ,WESTFIELD,MA,01085,4135688911,SYNA INC,4135688911,True,True,"Pharmacy, Community/Retail Pharmacy",10.1,31.6,18.7,83821,41466,1,16,1570.8,1914821.0
1982224994,BERKSHIRE APOTHECARY INC.,DARLENE RODOWICZ,WILLIAMSTOWN,MA,01267,4134587373,BERKSHIRE APOTHECARY INC.,4134587373,True,True,"Pharmacy, Community/Retail Pharmacy",8.1,26.0,23.2,98750,7985,1,16,1570.8,1914821.0
1336368497,HARTS PHARAMCISTS INC,STEVEN WIEHL,WILLIAMSTOWN,MA,01267,4134585757,HARTS PHARAMCISTS INC,4134585757,True,True,"Pharmacy, Community/Retail Pharmacy",8.1,26.0,23.2,98750,7985,1,16,1570.8,1914821.0
1013581339,ASH PHARMACY LLC,SAMPSON TONA,WORCESTER,MA,01603,5089807111,ASH PHARMACY LLC,5089807111,True,True,"Pharmacy, Community/Retail Pharmacy",13.2,36.4,12.4,63646,21034,1,15,1570.8,1914821.0
1750080719,PHARMA RX WORCESTER LLC,FELIX BAEZ,WORCESTER,MA,01603,5085522448,PHARMA RX WORCESTER LLC,5085522448,True,True,"Pharmacy, Community/Retail Pharmacy",13.2,36.4,12.4,63646,21034,1,15,1570.8,1914821.0
1699324681,RMG PHARMACY INC,SIMON FIELD,SOUTHBRIDGE,MA,01550,7747785742,RMG PHARMACY INC,7747785742,True,True,"Pharmacy, Community/Retail Pharmacy",12.9,37.3,14.4,59397,17806,1,15,1570.8,1914821.0
1376224683,"EDWARD M. KENNEDY COMMUNITY HEALTH CENTER, INC",DAVID SMALL,WORCESTER,MA,01605,5085951114,"EDWARD M. KENNEDY COMMUNITY HEALTH CENTER, INC",5085951114,True,True,"Pharmacy, Community/Retail Pharmacy",12.5,37.2,13.9,54805,31086,1,15,1570.8,1914821.0
1972708576,"WORCESTER FAMILY PHARMACY, INC.",HAMID MOHAGHEGH,WORCESTER,MA,01605,5087911100,"WORCESTER FAMILY PHARMACY, INC.",5087911100,True,True,"Pharmacy, Community/Retail Pharmacy",12.5,37.2,13.9,54805,31086,1,15,1570.8,1914821.0
1295237402,"CHAIR CITY PHARMACY, LLC",STEVEN MACNEILL,GARDNER,MA,01440,9784104976,"CHAIR CITY PHARMACY, LLC",9784104976,True,True,"Pharmacy, Community/Retail Pharmacy",12.1,35.7,19.2,63526,21298,1,15,1570.8,1914821.0
1215326632,GARDNER FAMILY PHARMACY INC,MATT MOEN,GARDNER,MA,01440,9787308393,GARDNER FAMILY PHARMACY INC,9787308393,True,True,"Pharmacy, Community/Retail Pharmacy",12.1,35.7,19.2,63526,21298,1,15,1570.8,1914821.0
1942513635,CONROY APOTHECARY INC,TAMARA HERSH,OAK BLUFFS,MA,02557,5086960700,CONROY APOTHECARY INC,5086960700,True,True,Pharmacy,11.9,26.4,33.4,95287,1849,1,15,1570.8,1914821.0
1225717861,"ATHOL PHARMACY, LLC",STEVEN MACNEILL,ATHOL,MA,01331,9782015247,"ATHOL PHARMACY, LLC",9782015247,True,True,"Pharmacy, Community/Retail Pharmacy",11.9,35.2,19.5,68345,13865,1,15,1570.8,1914821.0
1598858938,ATHOL FAMILY PHARMACY INCORPORATED,HAMID MOHAGHEGH,ATHOL,MA,01331,9782499100,ATHOL FAMILY PHARMACY INCORPORATED,9782499100,True,True,"Pharmacy, Community/Retail Pharmacy",11.9,35.2,19.5,68345,13865,1,15,1570.8,1914821.0
1689965261,ROYAL PALM SPECIALTY PHARMACY LLC,AGNES RUBIN,WEBSTER,MA,01570,5084614045,ROYAL PALM SPECIALTY PHARMACY LLC,5084614045,True,True,"Pharmacy, Community/Retail Pharmacy",11.9,35.2,19.0,68934,17674,1,15,1570.8,1914821.0
1164259982,PROSPERITY PHARMACY INC,MYTRANG LE,WORCESTER,MA,01610,5087997979,PROSPERITY PHARMACY INC,5087997979,True,True,"Pharmacy, Community/Retail Pharmacy",11.7,37.1,8.9,43757,28719,1,15,1570.8,1914821.0
1689243917,AJIT PHARMACY CORP,HETAL SHAH,WORCESTER,MA,01610,5085193600,AJIT PHARMACY CORP,5085193600,True,True,"Pharmacy, Community/Retail Pharmacy",11.7,37.1,8.9,43757,28719,1,15,1570.8,1914821.0
1477851798,QUALITY PHARMACY CORP,RIPAL DESAI,WORCESTER,MA,01610,5087553000,QUALITY PHARMACY CORP,5087553000,True,True,"Pharmacy, Community/Retail Pharmacy",11.7,37.1,8.9,43757,28719,1,15,1570.8,1914821.0
1740453323,TRANG PHARMACY INC,THU LE CHANG,WORCESTER,MA,01610,5087997979,TRANG PHARMACY INC,5087997979,True,True,"Pharmacy, Community/Retail Pharmacy",11.7,37.1,8.9,43757,28719,1,15,1570.8,1914821.0
1174930846,"FITCHBURG FAMILY PHARMACY, INC",DANIEL JIMENEZ,FITCHBURG,MA,01420,9788788465,"FITCHBURG FAMILY PHARMACY, INC",9788788465,True,True,"Pharmacy, Community/Retail Pharmacy",11.6,35.6,13.9,70334,41677,1,15,1570.8,1914821.0
1841870946,WELLS HEALTHCARE PHARMACY INC.,ISAAC ADJEI,WORCESTER,MA,01604,5085561040,WELLS HEALTHCARE PHARMACY INC.,5085561040,True,True,"Pharmacy, Community/Retail Pharmacy",11.4,35.7,14.8,72911,39988,1,15,1570.8,1914821.0
1700013349,WINCHENDON FAMILY PHARMACY INC,SAM NAKHLESTANI,WINCHENDON,MA,01475,9782975100,WINCHENDON FAMILY PHARMACY INC,9782975100,True,True,"Pharmacy, Community/Retail Pharmacy",11.1,34.9,18.6,85638,10194,1,15,1570.8,1914821.0
1639182991,VICTORY DISTRIBUTORS LLC,MICHAEL VAIL,LEOMINSTER,MA,01453,9788402737,VICTORY DISTRIBUTORS LLC,9788402737,True,True,"Pharmacy, Community/Retail Pharmacy",10.9,34.0,18.3,82098,43635,1,15,1570.8,1914821.0
1013322155,"LEOMINSTER FAMILY PHARMACY, INC.",TAU HSU,LEOMINSTER,MA,01453,9787284429,"LEOMINSTER FAMILY PHARMACY, INC.",9787284429,True,True,"Pharmacy, Community/Retail Pharmacy",10.9,34.0,18.3,82098,43635,1,15,1570.8,1914821.0
1346358728,VICTORY DISTRIBUTORS LLC,MICHAEL VAIL,LEOMINSTER,MA,01453,9784667458,VICTORY DISTRIBUTORS LLC,9784667458,True,True,"Pharmacy, Community/Retail Pharmacy",10.9,34.0,18.3,82098,43635,1,15,1570.8,1914821.0
1073621454,VICTORY DISTRIBUTORS LLC,MICHAEL VAIL,N BROOKFIELD,MA,01535,5088674891,VICTORY DISTRIBUTORS LLC,5088674891,True,True,"Pharmacy, Community/Retail Pharmacy",10.7,33.9,19.7,81010,4739,1,15,1570.8,1914821.0
1669528360,HAIG & HAIG DRUG INC,DAVID HAIG,WORCESTER,MA,01606,5088530360,HAIG & HAIG DRUG INC,5088530360,True,True,"Pharmacy, Community/Retail Pharmacy",10.7,33.6,14.4,92537,22269,1,15,1570.8,1914821.0
1831202217,THE GOLUB CORPORATION,SCOTT GUISINGER,WORCESTER,MA,01606,5088548318,THE GOLUB CORPORATION,5088548318,True,True,"Pharmacy, Community/Retail Pharmacy",10.7,33.6,14.4,92537,22269,1,15,1570.8,1914821.0
1699847210,"MVMEDSHOP, INC",STEVEN PERZANOWSKI,VINEYARD HAVEN,MA,02568,5086937979,"MVMEDSHOP, INC",5086937979,True,True,"Pharmacy, Community/Retail Pharmacy",10.3,26.4,21.9,93615,8829,1,15,1570.8,1914821.0
1881601706,"F.E. LESLIE DRUGGIST, INC.",DAVID HOLMBERG,VINEYARD HAVEN,MA,02568,5086931010,"F.E. LESLIE DRUGGIST, INC.",5086931010,True,True,"Pharmacy, Community/Retail Pharmacy",10.3,26.4,21.9,93615,8829,1,15,1570.8,1914821.0
1700567021,"EDWARD M. KENNEDY COMMUNITY HEALTH CENTER, INC",DAVID SMALL,MILFORD,MA,01757,5082705744,"EDWARD M. KENNEDY COMMUNITY HEALTH CENTER, INC",5082705744,True,True,"Pharmacy, Community/Retail Pharmacy",10.2,33.2,18.3,92951,30473,1,15,1570.8,1914821.0
1992275259,RODEANPHARMA LLC,ALI ARDAKANI,MILFORD,MA,01757,5083812740,RODEANPHARMA LLC,5083812740,True,True,"Pharmacy, Community/Retail Pharmacy",10.2,33.2,18.3,92951,30473,1,15,1570.8,1914821.0
1972860609,MILFORD FAMILY PHARMACY INC,MATT MOEN,MILFORD,MA,01757,5083811731,MILFORD FAMILY PHARMACY INC,5083811731,True,True,"Pharmacy, Community/Retail Pharmacy",10.2,33.2,18.3,92951,30473,1,15,1570.8,1914821.0
1639272917,"ASHBURNHAM FAMILY PHARMACY, INC.",HAMID MOHAGHEGH,ASHBURNHAM,MA,01430,9788276766,"ASHBURNHAM FAMILY PHARMACY, INC.",9788276766,True,True,"Pharmacy, Community/Retail Pharmacy",10.0,32.6,18.2,115146,6450,1,15,1570.8,1914821.0
1417394925,ESSENTIALRX,KERRY SAM,WORCESTER,MA,01608,5083636602,ESSENTIALRX,5083636602,True,True,"Pharmacy, Community/Retail Pharmacy",10.0,36.8,5.4,45962,4951,1,15,1570.8,1914821.0
1386983674,ALLCARE PHARMACY INC,JOHN LEIGHTON,WORCESTER,MA,01608,5087548800,ALLCARE PHARMACY INC,5087548800,True,True,"Pharmacy, Community/Retail Pharmacy",10.0,36.8,5.4,45962,4951,1,15,1570.8,1914821.0
1144730854,AUBURN APOTHECARY LLC,VRUSHANK PATEL,AUBURN,MA,01501,7749223904,AUBURN APOTHECARY LLC,7749223904,True,True,"Pharmacy, Community/Retail Pharmacy",9.7,31.0,22.1,101929,16780,1,15,1570.8,1914821.0
1700994183,VICTORY DISTRIBUTORS LLC,MICHAEL VAIL,LUNENBURG,MA,01462,9785827013,VICTORY DISTRIBUTORS LLC,9785827013,True,True,"Pharmacy, Community/Retail Pharmacy",9.7,31.4,16.7,109884,11822,1,15,1570.8,1914821.0
1487887527,"VICTORY DISTRIBUTORS, LLC",MICHAEL VAIL,LUNENBURG,MA,01462,9785827013,"VICTORY DISTRIBUTORS, LLC",9785827013,True,True,"Pharmacy, Community/Retail Pharmacy",9.7,31.4,16.7,109884,11822,1,15,1570.8,1914821.0
1689763773,"WILLIAMSBURG PHARMACY, INC.",GREGORY CONZ,WILLIAMSBURG,MA,01096,4132683387,"WILLIAMSBURG PHARMACY, INC.",4132683387,True,True,"Pharmacy, Community/Retail Pharmacy",9.6,23.6,25.2,105729,2566,1,15,1570.8,1914821.0
1205989506,"SERIO BROTHERS, INC",DAVID BECK,WESTMINSTER,MA,01473,9788745812,"SERIO BROTHERS, INC",9788745812,True,True,Pharmacy,9.5,31.6,24.2,101161,8289,1,15,1570.8,1914821.0
1558558312,VICTORY DISTRIBUTORS LLC,MICHAEL VAIL,UXBRIDGE,MA,01569,5082782341,VICTORY DISTRIBUTORS LLC,5082782341,True,True,"Pharmacy, Community/Retail Pharmacy",9.4,31.5,17.0,122458,14127,1,15,1570.8,1914821.0
1407942667,"GRANBY PHARMACY, INC.",LEE LALONDE,GRANBY,MA,01033,4134677022,"GRANBY PHARMACY, INC.",4134677022,True,True,"Pharmacy, Community/Retail Pharmacy",9.2,23.8,22.0,110188,6088,1,15,1570.8,1914821.0
1639239346,CONROY APOTHECARY INC,TAMARA HERSH,WEST TISBURY,MA,02575,5086937070,CONROY APOTHECARY INC,5086937070,True,True,"Pharmacy, Community/Retail Pharmacy",9.1,24.3,34.2,181304,2417,1,15,1570.8,1914821.0
1861586067,SERIOS PHARMACY LLC,PAUL SERIO,NORTHAMPTON,MA,01060,4135848980,SERIOS PHARMACY LLC,4135848980,True,True,"Pharmacy, Community/Retail Pharmacy",8.9,23.7,17.5,75077,15237,1,15,1570.8,1914821.0
1740071562,RUTLAND FAMILY PHARMACY INC,DAVID BECK,RUTLAND,MA,01543,5083610508,RUTLAND FAMILY PHARMACY INC,5083610508,True,True,"Pharmacy, Community/Retail Pharmacy",8.5,31.1,12.9,155504,9202,1,15,1570.8,1914821.0
1881091270,AMHERST FAMILY PHARMACY INC.,MATT MOEN,AMHERST,MA,01002,4132561428,AMHERST FAMILY PHARMACY INC.,4132561428,True,True,"Pharmacy, Community/Retail Pharmacy",7.9,21.3,16.0,69411,24726,1,15,1570.8,1914821.0
1568909679,AMHERST PHARMACY LLC,IOANNIS NIKITAS,AMHERST,MA,01002,4139922145,AMHERST PHARMACY LLC,4139922145,True,True,Pharmacy,7.9,21.3,16.0,69411,24726,1,15,1570.8,1914821.0
1447547906,AMHERST PHARMACY,IOANNIS NIKITAS,AMHERST,MA,01002,4132530387,AMHERST PHARMACY,4132530387,True,True,"Pharmacy, Community/Retail Pharmacy",7.9,21.3,16.0,69411,24726,1,15,1570.8,1914821.0
1528704061,"BROCKTON NEIGHBORHOOD HEALTH CENTER, INC.",MEL BENSON,BROCKTON,MA,02301,5084274633,"BROCKTON NEIGHBORHOOD HEALTH CENTER, INC.",5084274633,True,True,"Pharmacy, Community/Retail Pharmacy",13.8,36.4,13.1,72727,68608,1,13,1570.8,1914821.0
1295218964,"BROCKTON PHARMACY, LLC",FREDERICK ALAMBA,BROCKTON,MA,02301,7745175528,"BROCKTON PHARMACY, LLC",7745175528,True,True,"Pharmacy, Community/Retail Pharmacy",13.8,36.4,13.1,72727,68608,1,13,1570.8,1914821.0
1437808854,MEDICATION COORDINATION PHARMACY LLC,CHARLEEN GUARNACCIA-ALBANESE,BROCKTON,MA,02301,5086440238,MEDICATION COORDINATION PHARMACY LLC,5086440238,True,True,Pharmacy,13.8,36.4,13.1,72727,68608,1,13,1570.8,1914821.0
1588705438,ARAYA LLC,AJIBOLA OSINOBI,BROCKTON,MA,02301,5088948940,ARAYA LLC,5088948940,True,True,"Pharmacy, Community/Retail Pharmacy",13.8,36.4,13.1,72727,68608,1,13,1570.8,1914821.0
1639351364,PEARL STREET PHARMACY,ROCKY TENGALIA,BROCKTON,MA,02301,5085887455,PEARL STREET PHARMACY,5085887455,True,True,"Pharmacy, Community/Retail Pharmacy",13.8,36.4,13.1,72727,68608,1,13,1570.8,1914821.0
1952472102,WAREHAM PHARMACY INC,KENNETH SANASARIAN,WAREHAM,MA,02571,5082957399,WAREHAM PHARMACY INC,5082957399,True,True,"Pharmacy, Community/Retail Pharmacy",11.5,30.2,31.8,87302,10538,1,13,1570.8,1914821.0
1629122072,NANTASKET PHARMACY INC,ROCKY TENUGLIA,HULL,MA,02045,7819251270,NANTASKET PHARMACY INC,7819251270,True,True,"Pharmacy, Community/Retail Pharmacy",10.5,28.3,24.9,127112,10098,1,13,1570.8,1914821.0
1831102094,VICTORY DISTRIBUTORS LLC,MICHAEL VAIL,MIDDLEBORO,MA,02346,5089232989,VICTORY DISTRIBUTORS LLC,5089232989,True,True,"Pharmacy, Community/Retail Pharmacy",10.3,29.8,20.9,91914,24360,1,13,1570.8,1914821.0
1669272308,BALBONIS RX INC,SALMAN BASHIR,PLYMOUTH,MA,02360,5087461251,BALBONIS RX INC,5087461251,True,True,"Pharmacy, Community/Retail Pharmacy",10.0,28.7,24.2,111975,62405,1,13,1570.8,1914821.0
1881788339,BALBONIS DRUG STORE INC,RICHARD TASSINARI,PLYMOUTH,MA,02360,5087461251,BALBONIS DRUG STORE INC,5087461251,True,True,"Pharmacy, Community/Retail Pharmacy",10.0,28.7,24.2,111975,62405,1,13,1570.8,1914821.0
1851463640,ELCAD INC,EDWARD DAVID,PLYMOUTH,MA,02360,5087471247,ELCAD INC,5087471247,True,True,"Pharmacy, Community/Retail Pharmacy",10.0,28.7,24.2,111975,62405,1,13,1570.8,1914821.0
1548216070,STAR MARKETS COMPANY INC,KATHY GIANNAKOPOULOS,MARSHFIELD,MA,02050,7818375163,STAR MARKETS COMPANY INC,7818375163,True,True,"Pharmacy, Community/Retail Pharmacy",9.7,28.1,20.0,125436,25903,1,13,1570.8,1914821.0
1730433129,ST GEORGE PHARMACY INC,ATEF AYOUB,MARSHFIELD,MA,02050,7744517911,ST GEORGE PHARMACY INC,7744517911,True,True,"Pharmacy, Community/Retail Pharmacy",9.7,28.1,20.0,125436,25903,1,13,1570.8,1914821.0
1245429729,DUVALS PHARMACY STORE 2 INC,MILTON BURTT,EAST BRIDGEWATER,MA,02333,5083502900,DUVALS PHARMACY STORE 2 INC,5083502900,True,True,"Pharmacy, Community/Retail Pharmacy",9.5,29.3,15.4,128679,14420,1,13,1570.8,1914821.0
1922037878,DUVALS PHARMACY INC,JOHN DUVAL,WHITMAN,MA,02382,7814470606,DUVALS PHARMACY INC,7814470606,True,True,"Pharmacy, Community/Retail Pharmacy",9.2,29.9,14.6,107794,15215,1,13,1570.8,1914821.0
1154336766,BEMIS DRUG CO INC,WILLIAM COX,ABINGTON,MA,02351,7818780893,BEMIS DRUG CO INC,7818780893,True,True,"Pharmacy, Community/Retail Pharmacy",9.2,29.2,12.5,119787,17008,1,13,1570.8,1914821.0
1538213988,SCITUATE PHARMACY INC,ROCKY TENAGLIA,SCITUATE,MA,02066,7815451020,SCITUATE PHARMACY INC,7815451020,True,True,"Pharmacy, Community/Retail Pharmacy",9.1,26.8,22.5,131889,18895,1,13,1570.8,1914821.0
1447304894,ANAIRA CORP,ROCKY TENAGLIA,HINGHAM,MA,02043,7817491277,ANAIRA CORP,7817491277,True,True,"Pharmacy, Community/Retail Pharmacy",8.6,25.0,24.9,181017,24185,1,13,1570.8,1914821.0
1942407671,"MAIN STREET PHARMACY, LLC",SUSAN COLBERT,HINGHAM,MA,02043,7815347270,"MAIN STREET PHARMACY, LLC",7815347270,True,True,Pharmacy,8.6,25.0,24.9,181017,24185,1,13,1570.8,1914821.0
1255449633,VICTORY DISTRIBUTORS LLC,ELWEN EATON,KINGSTON,MA,02364,7815851326,VICTORY DISTRIBUTORS LLC,7815851326,True,True,"Pharmacy, Community/Retail Pharmacy",8.6,27.4,22.0,115863,13782,1,13,1570.8,1914821.0
1639173560,TURAS PHARMACY INC,PAUL TURA,KINGSTON,MA,02364,7815852595,TURAS PHARMACY INC,7815852595,True,True,"Pharmacy, Community/Retail Pharmacy",8.6,27.4,22.0,115863,13782,1,13,1570.8,1914821.0
1164530549,VICTORY DISTRIBUTORS LLC,ELWEN EATON,NORWELL,MA,02061,7818787063,VICTORY DISTRIBUTORS LLC,7818787063,True,True,"Pharmacy, Community/Retail Pharmacy",8.3,26.3,15.4,182637,11309,1,13,1570.8,1914821.0
1619982238,FJ CATALANO ENTERPRISES INC,JOHN MAY,NORWELL,MA,02061,7818783234,FJ CATALANO ENTERPRISES INC,7818783234,True,True,"Pharmacy, Community/Retail Pharmacy",8.3,26.3,15.4,182637,11309,1,13,1570.8,1914821.0
1710225347,K PHARMACY LLC,PATRICK LEE,LOWELL,MA,01851,9784558375,K PHARMACY LLC,9784558375,True,True,"Pharmacy, Community/Retail Pharmacy",11.4,24.4,10.6,87962,32308,1,11,1570.8,1914821.0
1639225899,PRESCRIPTION SHOPPE INC,VASHKAR KARIM,EVERETT,MA,02149,6173897440,PRESCRIPTION SHOPPE INC,6173897440,True,True,"Pharmacy, Community/Retail Pharmacy",11.1,31.0,10.9,79658,49236,1,11,1570.8,1914821.0
1295587368,"LOWELL COMMUNITY HEALTH CENTER, INC.",SUSAN LEVINE,LOWELL,MA,01852,9789379700,"LOWELL COMMUNITY HEALTH CENTER, INC.",9789379700,True,True,"Pharmacy, Community/Retail Pharmacy",10.8,28.2,14.0,77058,36700,1,11,1570.8,1914821.0
1992339022,QUACHNGUYEN INC,QUYNH QUACH,LOWELL,MA,01852,9782216674,QUACHNGUYEN INC,9782216674,True,True,"Pharmacy, Community/Retail Pharmacy",10.8,28.2,14.0,77058,36700,1,11,1570.8,1914821.0
1134238355,PAWTUCKET PHARMACY INC,BOB AUDET,LOWELL,MA,01854,9784583366,PAWTUCKET PHARMACY INC,9784583366,True,True,"Pharmacy, Community/Retail Pharmacy",10.2,26.8,13.1,70397,28808,1,11,1570.8,1914821.0
1568896785,SHREEJI ENTERPRISES LLC,MINESH BRAHMBHATT,LOWELL,MA,01854,9784526666,SHREEJI ENTERPRISES LLC,9784526666,True,True,"Pharmacy, Community/Retail Pharmacy",10.2,26.8,13.1,70397,28808,1,11,1570.8,1914821.0
1427680743,CAMBRIDGE PUBLIC HEALTH COMMISSION,MARIA KOSSILOS,MALDEN,MA,02148,7813380670,CAMBRIDGE PUBLIC HEALTH COMMISSION,7813380670,True,True,"Pharmacy, Community/Retail Pharmacy",9.9,25.4,13.2,95298,65509,1,11,1570.8,1914821.0
1295182301,CAMBRIDGE PUBLIC HEALTH COMMISSION,MARIA KOSSILOS,MALDEN,MA,02148,7813388990,CAMBRIDGE PUBLIC HEALTH COMMISSION,7813388990,True,True,"Pharmacy, Community/Retail Pharmacy",9.9,25.4,13.2,95298,65509,1,11,1570.8,1914821.0
1427060102,ELMWOOD PHARMACY,LEONARD HEITIN,MALDEN,MA,02148,7813222117,ELMWOOD PHARMACY,7813222117,True,True,"Pharmacy, Community/Retail Pharmacy",9.9,25.4,13.2,95298,65509,1,11,1570.8,1914821.0
1184700098,THE FORTY-FOUR WILLOW STREET CORP.,LEONARD KRASKER,MALDEN,MA,02148,7813240400,THE FORTY-FOUR WILLOW STREET CORP.,7813240400,True,True,"Pharmacy, Community/Retail Pharmacy",9.9,25.4,13.2,95298,65509,1,11,1570.8,1914821.0
1508334376,MAPLEWOOD WELLNESS PHARMACY INC,THAO HUYNH,MALDEN,MA,02148,7816051775,MAPLEWOOD WELLNESS PHARMACY INC,7816051775,True,True,"Pharmacy, Community/Retail Pharmacy",9.9,25.4,13.2,95298,65509,1,11,1570.8,1914821.0
1114939915,FRANK A FRITZ INC,FRANK FRITZ,MALDEN,MA,02148,7813247060,FRANK A FRITZ INC,7813247060,True,True,"Pharmacy, Community/Retail Pharmacy",9.9,25.4,13.2,95298,65509,1,11,1570.8,1914821.0
1871399964,METROWEST CLINICAL SERVICES LLC,SHIVANG PATEL,FRAMINGHAM,MA,01702,5084948989,METROWEST CLINICAL SERVICES LLC,5084948989,True,True,"Pharmacy, Community/Retail Pharmacy",9.9,28.2,11.5,78784,39761,1,11,1570.8,1914821.0
1033656814,METROWEST PHARMACY LLC,SHIVANG PATEL,FRAMINGHAM,MA,01702,5084050609,METROWEST PHARMACY LLC,5084050609,True,True,"Pharmacy, Community/Retail Pharmacy",9.9,28.2,11.5,78784,39761,1,11,1570.8,1914821.0
1275200461,"EDWARD M. KENNEDY COMMUNITY HEALTH CENTER, INC",DAVID SMALL,FRAMINGHAM,MA,01702,8008532288,"EDWARD M. KENNEDY COMMUNITY HEALTH CENTER, INC",8008532288,True,True,"Pharmacy, Community/Retail Pharmacy",9.9,28.2,11.5,78784,39761,1,11,1570.8,1914821.0
1821043027,ACCREDO HEALTH GROUP INC,VIC PERINI,MARLBOROUGH,MA,01752,5084609813,ACCREDO HEALTH GROUP INC,5084609813,True,True,Pharmacy,9.6,27.1,14.7,95047,41398,1,11,1570.8,1914821.0
1518951359,BOUVIER PHARMACY INC,BRIAN BOUVIER,MARLBOROUGH,MA,01752,5084850432,BOUVIER PHARMACY INC,5084850432,True,True,"Pharmacy, Community/Retail Pharmacy",9.6,27.1,14.7,95047,41398,1,11,1570.8,1914821.0
1760554554,HEALTH SYSTEMS UNITED INC,MICHAEL BASTIEN,AYER,MA,01432,9787727325,HEALTH SYSTEMS UNITED INC,9787727325,True,True,"Pharmacy, Community/Retail Pharmacy",9.4,26.4,15.5,105142,8124,1,11,1570.8,1914821.0
1396228391,AYER PHARMACY INC.,TRACIE EZZIO,AYER,MA,01432,9783914061,AYER PHARMACY INC.,9783914061,True,True,"Pharmacy, Community/Retail Pharmacy",9.4,26.4,15.5,105142,8124,1,11,1570.8,1914821.0
1154863835,HEALTH CARE FAMILY PHARMACY,SOTHEARA OUK,DRACUT,MA,01826,9784550570,HEALTH CARE FAMILY PHARMACY,9784550570,True,True,"Pharmacy, Community/Retail Pharmacy",9.3,26.3,17.9,111451,32373,1,11,1570.8,1914821.0
1700983525,KONTOS INC.,GEORGE KONTOS,DRACUT,MA,01826,9789570330,KONTOS INC.,9789570330,True,True,"Pharmacy, Community/Retail Pharmacy",9.3,26.3,17.9,111451,32373,1,11,1570.8,1914821.0
1528176906,VICTORY DISTRIBUTORS LLC,MICHAEL VAIL,DRACUT,MA,01826,9784525255,VICTORY DISTRIBUTORS LLC,9784525255,True,True,"Pharmacy, Community/Retail Pharmacy",9.3,26.3,17.9,111451,32373,1,11,1570.8,1914821.0
1316170442,"VICTORY DISTRIBUTORS, LLC",ELWEN EATON,DRACUT,MA,01826,9784525255,"VICTORY DISTRIBUTORS, LLC",9784525255,True,True,"Pharmacy, Community/Retail Pharmacy",9.3,26.3,17.9,111451,32373,1,11,1570.8,1914821.0
1609985746,MCNABB PHARMACY,TERRANCE MCNABB,TOWNSEND,MA,01469,9785972392,MCNABB PHARMACY,9785972392,True,True,"Pharmacy, Community/Retail Pharmacy",9.2,26.9,17.7,113162,6803,1,11,1570.8,1914821.0
1639732001,HEALTH FIRST PHARMACY CORP,HETAL SHAH,FRAMINGHAM,MA,01701,5082171500,HEALTH FIRST PHARMACY CORP,5082171500,True,True,"Pharmacy, Community/Retail Pharmacy",9.0,24.2,21.1,127000,32270,1,11,1570.8,1914821.0
1437418399,KAASHI LLC,VIPUL PATEL,FRAMINGHAM,MA,01701,5082029993,KAASHI LLC,5082029993,True,True,"Pharmacy, Community/Retail Pharmacy",9.0,24.2,21.1,127000,32270,1,11,1570.8,1914821.0
1205020278,PEPPERELL PHARMACY INC,TRACIE EZZIO,PEPPERELL,MA,01463,9784336130,PEPPERELL PHARMACY INC,9784336130,True,True,"Pharmacy, Community/Retail Pharmacy",9.0,25.9,16.8,126824,11693,1,11,1570.8,1914821.0
1033722830,A&J ETHOS INC,ANDREW STEIN,WOBURN,MA,01801,8555098222,A&J ETHOS INC,8555098222,True,True,Pharmacy,9.0,25.6,15.6,107754,41205,1,11,1570.8,1914821.0
1740804525,THEATRE PHARMACY COMPANY INC.,SAAD DINNO,LEXINGTON,MA,02420,7818624480,THEATRE PHARMACY COMPANY INC.,7818624480,True,True,"Pharmacy, Community/Retail Pharmacy",8.8,19.2,19.2,233068,16287,1,11,1570.8,1914821.0
1083765903,THEATRE PHARMACY INC,STEPHEN CAMELIO,LEXINGTON,MA,02420,7818624480,THEATRE PHARMACY INC,7818624480,True,True,"Pharmacy, Community/Retail Pharmacy",8.8,19.2,19.2,233068,16287,1,11,1570.8,1914821.0
1972081594,"BETH ISRAEL LAHEY HEALTH PHARMACY, INC",MATTHEW PUNGITORE,BURLINGTON,MA,01803,7817448058,"BETH ISRAEL LAHEY HEALTH PHARMACY, INC",7817448058,True,True,"Pharmacy, Community/Retail Pharmacy",8.7,22.8,21.6,142421,26068,1,11,1570.8,1914821.0
1891101044,"REMEDIUM PHARMACY, LLC",CRISTINA IEPURE,NORTH CHELMSFORD,MA,01863,9782517070,"REMEDIUM PHARMACY, LLC",9782517070,True,True,"Pharmacy, Community/Retail Pharmacy",8.7,23.7,18.8,136284,9592,1,11,1570.8,1914821.0
1619085099,VICTORY DISTRIBUTORS LLC,MICHAEL VAIL,CHELMSFORD,MA,01824,9789702001,VICTORY DISTRIBUTORS LLC,9789702001,True,True,"Pharmacy, Community/Retail Pharmacy",8.7,23.6,18.2,141337,26628,1,11,1570.8,1914821.0
1851524342,"VICTORY DISTRIBUTORS, LLC",ELWEN EATON,CHELMSFORD,MA,01824,9789702001,"VICTORY DISTRIBUTORS, LLC",9789702001,True,True,"Pharmacy, Community/Retail Pharmacy",8.7,23.6,18.2,141337,26628,1,11,1570.8,1914821.0
1790013530,"ONCOMED PHARMACEUTICAL SERVICES OF MA, LLC",AMY KONAK,WALTHAM,MA,02451,8776626633,"ONCOMED PHARMACEUTICAL SERVICES OF MA, LLC",8776626633,True,True,"Pharmacy, Specialty Pharmacy",8.7,24.7,17.5,119509,18153,1,11,1570.8,1914821.0
1225182595,"VILLAGE FERTILITY PHARMACY, LLC",VICTOR PERINI,WALTHAM,MA,02451,8773341610,"VILLAGE FERTILITY PHARMACY, LLC",8773341610,True,True,"Pharmacy, Community/Retail Pharmacy",8.7,24.7,17.5,119509,18153,1,11,1570.8,1914821.0
1568146991,WALTHAM DRUG LLC,OLEG URIM,WALTHAM,MA,02451,6174722281,WALTHAM DRUG LLC,6174722281,True,True,"Pharmacy, Community/Retail Pharmacy",8.7,24.7,17.5,119509,18153,1,11,1570.8,1914821.0
1467552489,ROGERS PHARMACY INC.,MARK FOSKIN,WALTHAM,MA,02451,7818941800,ROGERS PHARMACY INC.,7818941800,True,True,"Pharmacy, Community/Retail Pharmacy",8.7,24.7,17.5,119509,18153,1,11,1570.8,1914821.0
1023176476,ACTON PHARMACY INC,SAAD DINNO,ACTON,MA,01720,9782633901,ACTON PHARMACY INC,9782633901,True,True,"Pharmacy, Community/Retail Pharmacy",8.7,21.7,16.3,154101,23322,1,11,1570.8,1914821.0
1821170283,CONCORD PHARMACY INC,SAAD DINNO,CONCORD,MA,01742,9783693100,CONCORD PHARMACY INC,9783693100,True,True,"Pharmacy, Community/Retail Pharmacy",8.6,22.6,20.6,211435,18337,1,11,1570.8,1914821.0
1497809792,WAYLAND APOTHECARY,DAVID BECK,WAYLAND,MA,01778,5086552828,WAYLAND APOTHECARY,5086552828,True,True,"Pharmacy, Community/Retail Pharmacy",8.5,21.8,19.6,219531,13915,1,11,1570.8,1914821.0
1043830086,APOTHECO PHARMACY NEWTON LLC,ANUSH AMIN,NEWTON,MA,02461,8579956669,APOTHECO PHARMACY NEWTON LLC,8579956669,True,True,"Pharmacy, Community/Retail Pharmacy",8.5,21.0,16.5,207292,6717,1,11,1570.8,1914821.0
1821182171,MCCORMACKS DRUG INC,SHELDON RUBIN,NORTH BILLERICA,MA,01862,9786636583,MCCORMACKS DRUG INC,9786636583,True,True,"Pharmacy, Community/Retail Pharmacy",8.5,25.4,15.3,131214,11703,1,11,1570.8,1914821.0
1285067546,"TYNGSBORO FAMILY PHARMACY, INC.",LARISSA HUBBARD,TYNGSBORO,MA,01879,9782265679,"TYNGSBORO FAMILY PHARMACY, INC.",9782265679,True,True,"Pharmacy, Community/Retail Pharmacy",8.5,24.7,13.7,144167,12435,1,11,1570.8,1914821.0
1922422252,"ACARIAHEALTH PHARMACY, INC.",STEPHEN JENSEN,WILMINGTON,MA,01887,8554222742,"ACARIAHEALTH PHARMACY, INC.",8554222742,True,True,"Pharmacy, Community/Retail Pharmacy",8.4,24.7,14.7,161473,23195,1,11,1570.8,1914821.0
1447079645,MEDICINE STORE INC.,MICHAEL CARPINELLA,WAKEFIELD,MA,01880,7812463527,MEDICINE STORE INC.,7812463527,True,True,"Pharmacy, Community/Retail Pharmacy",8.2,24.5,19.2,130419,27258,1,11,1570.8,1914821.0
1881810885,GREENWOOD PHARMACY INC.,MARIE VELARDO,WAKEFIELD,MA,01880,7812451838,GREENWOOD PHARMACY INC.,7812451838,True,True,"Pharmacy, Community/Retail Pharmacy",8.2,24.5,19.2,130419,27258,1,11,1570.8,1914821.0
1821215922,MARYESTHER INC,MARYESTHER FOURNIER,WAKEFIELD,MA,01880,7812450380,MARYESTHER INC,7812450380,True,True,"Pharmacy, Community/Retail Pharmacy",8.2,24.5,19.2,130419,27258,1,11,1570.8,1914821.0
1598828980,MEDICINE STORE INC.,MICHAEL CARPINELLA,WAKEFIELD,MA,01880,7812463527,MEDICINE STORE INC.,7812463527,True,True,"Pharmacy, Community/Retail Pharmacy",8.2,24.5,19.2,130419,27258,1,11,1570.8,1914821.0
1437402864,WINCHESTER PHARMACY INC.,SAAD DINNO,WINCHESTER,MA,01890,7815702320,WINCHESTER PHARMACY INC.,7815702320,True,True,"Pharmacy, Community/Retail Pharmacy",8.2,21.7,17.7,218176,22862,1,11,1570.8,1914821.0
1063145654,UNION PHARMACY NEWTONVILLE LLC,XIAOYAN QIN,NEWTONVILLE,MA,02460,8572974455,UNION PHARMACY NEWTONVILLE LLC,8572974455,True,True,"Pharmacy, Community/Retail Pharmacy",8.1,22.3,21.1,154329,10033,1,11,1570.8,1914821.0
1023156262,JONES DRUG INC.,RICHARD PERISTERE,NATICK,MA,01760,5086531820,JONES DRUG INC.,5086531820,True,True,"Pharmacy, Community/Retail Pharmacy",8.1,23.0,18.9,134644,36520,1,11,1570.8,1914821.0
1164594636,DANS PHARMACY,DANIEL BALLING,NANTUCKET,MA,02554,5088259100,DANS PHARMACY,5088259100,True,True,"Pharmacy, Compounding Pharmacy",8.0,27.5,15.0,125524,14033,1,11,1570.8,1914821.0
1750441952,R&K FERGUSON NANTUCKET LLC,KIP FERGUSON,NANTUCKET,MA,02554,5082280180,R&K FERGUSON NANTUCKET LLC,5082280180,True,True,"Pharmacy, Community/Retail Pharmacy",8.0,27.5,15.0,125524,14033,1,11,1570.8,1914821.0
1669533360,ISLAND DRUGS INC.,JOHN BERTOLAMI,NANTUCKET,MA,02554,5082280020,ISLAND DRUGS INC.,5082280020,True,True,"Pharmacy, Community/Retail Pharmacy",8.0,27.5,15.0,125524,14033,1,11,1570.8,1914821.0
1316414766,NANTUCKET ISLAND PHARMACY LLC,DAVID TRINKS,NANTUCKET,MA,02554,6179241595,NANTUCKET ISLAND PHARMACY LLC,6179241595,True,True,"Pharmacy, Community/Retail Pharmacy",8.0,27.5,15.0,125524,14033,1,11,1570.8,1914821.0
1841385747,MAHANT ENTERPRISES LLC,MINESH BRAHMBHATT,MELROSE,MA,02176,7816650022,MAHANT ENTERPRISES LLC,7816650022,True,True,"Pharmacy, Community/Retail Pharmacy",7.8,23.8,20.7,126854,29488,1,11,1570.8,1914821.0
1740387562,MELROSE DRUG CENTER INC,DONALD FOX,MELROSE,MA,02176,7816657400,MELROSE DRUG CENTER INC,7816657400,True,True,"Pharmacy, Community/Retail Pharmacy",7.8,23.8,20.7,126854,29488,1,11,1570.8,1914821.0
1922191485,ACCRX INC,JOSEPH SKELLIE,NEWTON,MA,02458,6175271563,ACCRX INC,6175271563,True,True,"Pharmacy, Community/Retail Pharmacy",7.8,22.1,16.0,151782,13308,1,11,1570.8,1914821.0
1366876005,ROGERS FOX GROUP INC,MARK FOSKIN,NEWTON,MA,02458,6172443535,ROGERS FOX GROUP INC,6172443535,True,True,"Pharmacy, Community/Retail Pharmacy",7.8,22.1,16.0,151782,13308,1,11,1570.8,1914821.0
1952455206,SUDBURY PHARMACY INC.,JOSEPH CHAMMAS,SUDBURY,MA,01776,9784436311,SUDBURY PHARMACY INC.,9784436311,True,True,"Pharmacy, Community/Retail Pharmacy",7.8,22.1,15.6,234634,19067,1,11,1570.8,1914821.0
1083413264,UNION PHARMACY STORE 6,XIAOYAN QIN,BELMONT,MA,02478,8573941025,UNION PHARMACY STORE 6,8573941025,True,True,"Pharmacy, Community/Retail Pharmacy",7.7,21.4,18.2,177790,26966,1,11,1570.8,1914821.0
1609215946,BELMONT PHARMACY LLC,ROBERT PAVLAN,BELMONT,MA,02478,6174891616,BELMONT PHARMACY LLC,6174891616,True,True,"Pharmacy, Community/Retail Pharmacy",7.7,21.4,18.2,177790,26966,1,11,1570.8,1914821.0
1912006677,SHORX INC,DANA SHORE,BELMONT,MA,02478,6174847007,SHORX INC,6174847007,True,True,"Pharmacy, Community/Retail Pharmacy",7.7,21.4,18.2,177790,26966,1,11,1570.8,1914821.0
1174681522,KEYES DRUG INC,SAAD DINNO,AUBURNDALE,MA,02466,6172442794,KEYES DRUG INC,6172442794,True,True,"Pharmacy, Community/Retail Pharmacy",7.5,20.7,16.5,170852,8553,1,11,1570.8,1914821.0
1285301929,PINE HILL PHARMACY LLC,ALI ARDAKANI,SHERBORN,MA,01770,5085450946,PINE HILL PHARMACY LLC,5085450946,True,True,"Pharmacy, Community/Retail Pharmacy",7.5,21.9,15.2,247500,4404,1,11,1570.8,1914821.0
1063571891,HOPKINTON DRUG INC,DENNIS KATZ,HOPKINTON,MA,01748,5084354441,HOPKINTON DRUG INC,5084354441,True,True,"Pharmacy, Community/Retail Pharmacy",7.5,22.5,12.6,204418,19050,1,11,1570.8,1914821.0
1790599652,CAMBRIDGE PUBLIC HEALTH COMMISSION,KENNETH HANLON,MEDFORD,MA,02155,6175916820,CAMBRIDGE PUBLIC HEALTH COMMISSION,6175916820,True,True,"Pharmacy, Community/Retail Pharmacy",7.4,23.8,15.2,118403,61276,1,11,1570.8,1914821.0
1770669988,MAIDA PHARMACY INC,LAWRENCE MAIDA,ARLINGTON,MA,02474,7816437840,MAIDA PHARMACY INC,7816437840,True,True,"Pharmacy, Compounding Pharmacy",7.4,22.7,14.7,139199,28283,1,11,1570.8,1914821.0
1699154427,SUN HEALTH SYSTEMS LLC,DMITRY LINKOV,WATERTOWN,MA,02472,6175532501,SUN HEALTH SYSTEMS LLC,6175532501,True,True,"Pharmacy, Community/Retail Pharmacy",7.3,23.4,17.9,123383,35317,1,11,1570.8,1914821.0
1407227895,NIMBLE PHARMACY INC,TALHA WAQAR,WATERTOWN,MA,02472,8669664625,NIMBLE PHARMACY INC,8669664625,True,True,"Pharmacy, Community/Retail Pharmacy",7.3,23.4,17.9,123383,35317,1,11,1570.8,1914821.0
1447206974,STAR MARKETS COMPANY INC,KATHY GIANNAKOPOULOS,WALTHAM,MA,02452,7818993332,STAR MARKETS COMPANY INC,7818993332,True,True,"Pharmacy, Community/Retail Pharmacy",7.2,23.9,15.7,112902,16173,1,11,1570.8,1914821.0
1902827959,S AND D BERNARDI INC,STEPHEN BERNARD,WALTHAM,MA,02452,7818933870,S AND D BERNARDI INC,7818933870,True,True,"Pharmacy, Community/Retail Pharmacy",7.2,23.9,15.7,112902,16173,1,11,1570.8,1914821.0
1568647527,VICTORY DISTRIBUTORS LLC,MICHAEL VAIL,WALTHAM,MA,02453,7816427416,VICTORY DISTRIBUTORS LLC,7816427416,True,True,"Pharmacy, Community/Retail Pharmacy",7.0,23.7,13.9,114029,30314,1,11,1570.8,1914821.0
1639445034,CHARLES RIVER COMMUNITY HEALTH CENTER,ELIZABETH BROWNE,WALTHAM,MA,02453,7816933873,CHARLES RIVER COMMUNITY HEALTH CENTER,7816933873,True,True,"Pharmacy, Community/Retail Pharmacy",7.0,23.7,13.9,114029,30314,1,11,1570.8,1914821.0
1558427823,CAMBRIDGE PUBLIC HEALTH COMMISSION,MARIA KOSSILOS,CAMBRIDGE,MA,02139,6176651438,CAMBRIDGE PUBLIC HEALTH COMMISSION,6176651438,True,True,"Pharmacy, Community/Retail Pharmacy",5.8,22.0,11.3,124648,39609,1,11,1570.8,1914821.0
1093814600,"INMAN PHARMACY, INC",MICHAEL REPPUCCI,CAMBRIDGE,MA,02139,6178764868,"INMAN PHARMACY, INC",6178764868,True,True,"Pharmacy, Community/Retail Pharmacy",5.8,22.0,11.3,124648,39609,1,11,1570.8,1914821.0
1477669547,CIAMPA APOTHECARY,NEIL WELCH,CAMBRIDGE,MA,02141,6175470322,CIAMPA APOTHECARY,6175470322,True,True,"Pharmacy, Community/Retail Pharmacy",5.8,22.2,8.6,120542,14677,1,11,1570.8,1914821.0
1164878013,CAMBRIDGE PUBLIC HEALTH COMMISSION,MARIA KOSSILOS,EAST CAMBRIDGE,MA,02141,6174996690,CAMBRIDGE PUBLIC HEALTH COMMISSION,6174996690,True,True,"Pharmacy, Community/Retail Pharmacy",5.8,22.2,8.6,120542,14677,1,11,1570.8,1914821.0
1467462804,SKENDERIAN APOTHECARY,ROBERT SKENDERIAN,CAMBRIDGE,MA,02138,6173545600,SKENDERIAN APOTHECARY,6173545600,True,True,"Pharmacy, Community/Retail Pharmacy",5.6,21.0,14.2,122040,38077,1,11,1570.8,1914821.0
1386106953,STAR MARKETS COMPANY INC,KATHY GIANNAKOPOULOS,BOSTON,MA,02144,8574093410,STAR MARKETS COMPANY INC,8574093410,True,True,"Pharmacy, Community/Retail Pharmacy",5.1,22.5,9.8,140591,25009,1,11,1570.8,1914821.0
1104901982,BETH ISRAEL LAHEY HEALTH PHARMACY INC,JOSENOR DE JESUS,BURLINGTON,MA,01805,7817448658,BETH ISRAEL LAHEY HEALTH PHARMACY INC,7817448658,True,True,"Pharmacy, Community/Retail Pharmacy",0,0,0,0,0,0,0,1570.8,1914821.0
1467418640,L&C PRESCRIPTIONS INC,CLARK MATTHEWS,SPRINGFIELD,MA,01111,4137440461,L&C PRESCRIPTIONS INC,4137440461,True,True,"Pharmacy, Community/Retail Pharmacy",0,0,0,0,0,0,0,1570.8,1914821.0
