npi,display_name,owner_name,city,state,zip,phone,cms_org_name,cms_phone,address_matches,phone_matches,primary_taxonomy_desc,zip_diabetes_pct,zip_obesity_pct,zip_pct_65_plus,zip_median_income,zip_population,hpsa_designated,hpsa_score,state_glp1_claims_per_pharmacy,state_glp1_cost_per_pharmacy
1194127985,COMO PHARMACY INC,PAO KUE,SAINT PAUL,MN,55103,6514870044,COMO PHARMACY INC,6514870044,True,True,"Pharmacy, Community/Retail Pharmacy",16.2,38.8,11.0,47872,13892,1,19,611.5,756866.0
1417295403,LAB DRUGS & MEDICAL-TRANS-SUPPLIES LLC,LOLA ISHOLA,SAINT PAUL,MN,55103,7637775995,LAB DRUGS & MEDICAL-TRANS-SUPPLIES LLC,7637775995,True,True,"Pharmacy, Community/Retail Pharmacy",16.2,38.8,11.0,47872,13892,1,19,611.5,756866.0
1639622947,OUR FAMILY PHARMACY LLC,TRUNG NGUYEN,SAINT PAUL,MN,55103,6516003988,OUR FAMILY PHARMACY LLC,6516003988,True,True,Pharmacy,16.2,38.8,11.0,47872,13892,1,19,611.5,756866.0
1639566649,ST PAUL PHARMACY LLC,KY FANG,SAINT PAUL,MN,55103,6514477113,ST PAUL PHARMACY LLC,6514477113,True,True,"Pharmacy, Community/Retail Pharmacy",16.2,38.8,11.0,47872,13892,1,19,611.5,756866.0
1801438361,"THE DULUTH CLINIC, LTD.",KEVIN BOREN,DEER RIVER,MN,56636,2182468642,"THE DULUTH CLINIC, LTD.",2182468642,True,True,"Pharmacy, Community/Retail Pharmacy",16.1,38.7,24.4,59858,4679,1,19,611.5,756866.0
1700818788,FAIRVIEW PHARMACY SERVICES LLC,SAMEER BADLANI,MINNEAPOLIS,MN,55454,6126727507,FAIRVIEW PHARMACY SERVICES LLC,6126727507,True,True,"Pharmacy, Community/Retail Pharmacy",14.5,36.7,13.4,26429,8628,1,19,611.5,756866.0
1093226326,FAIRVIEW PHARMACY SERVICES LLC,SAMEER BADLANI,MINNEAPOLIS,MN,55454,6122735006,FAIRVIEW PHARMACY SERVICES LLC,6122735006,True,True,"Pharmacy, Specialty Pharmacy",14.5,36.7,13.4,26429,8628,1,19,611.5,756866.0
1013428929,"FAIRVIEW PHARMACY SERVICES, LLC",SAMEER BADLANI,MINNEAPOLIS,MN,55454,6122735006,"FAIRVIEW PHARMACY SERVICES, LLC",6122735006,True,True,Pharmacy,14.5,36.7,13.4,26429,8628,1,19,611.5,756866.0
1235240326,P & A DRUG INC DBA ROSS WESTBANK PHARMACY,PHIL KOR,MINNEAPOLIS,MN,55454,6123336328,P & A DRUG INC DBA ROSS WESTBANK PHARMACY,6123336328,True,True,"Pharmacy, Community/Retail Pharmacy",14.5,36.7,13.4,26429,8628,1,19,611.5,756866.0
1346635059,BRIGHTLY PHARMACY CARE INC,BEE HER,SAINT PAUL,MN,55130,6517769976,BRIGHTLY PHARMACY CARE INC,6517769976,True,True,"Pharmacy, Community/Retail Pharmacy",14.1,35.0,8.4,53281,18634,1,19,611.5,756866.0
1629374251,ALLIANCE PHARMACY CARE INC,STEVE YANG,SAINT PAUL,MN,55130,6514932104,ALLIANCE PHARMACY CARE INC,6514932104,True,True,"Pharmacy, Community/Retail Pharmacy",14.1,35.0,8.4,53281,18634,1,19,611.5,756866.0
1598701047,MAJEWSKI ENTERPRISES INC,VICKI MAJEWSKI,NASHWAUK,MN,55769,2188852613,MAJEWSKI ENTERPRISES INC,2188852613,True,True,"Pharmacy, Community/Retail Pharmacy",13.9,37.4,21.8,66149,2520,1,19,611.5,756866.0
1831690346,THE DULUTH CLINIC LTD,KEVIN BOREN,GRAND RAPIDS,MN,55744,2183226210,THE DULUTH CLINIC LTD,2183226210,True,True,"Pharmacy, Community/Retail Pharmacy",12.9,35.5,26.6,68213,20469,1,19,611.5,756866.0
1083752075,J & L UREVIG INC,LINDA UREVIG,GRAND RAPIDS,MN,55744,2183269639,J & L UREVIG INC,2183269639,True,True,"Pharmacy, Community/Retail Pharmacy",12.9,35.5,26.6,68213,20469,1,19,611.5,756866.0
1477595254,GDME INC,MICHAEL BRANDT,GRAND RAPIDS,MN,55744,2183262635,GDME INC,2183262635,True,True,"Pharmacy, Community/Retail Pharmacy",12.9,35.5,26.6,68213,20469,1,19,611.5,756866.0
1992716401,MERWIN BROADWAY PHARMACY,MICHAEL MILLAR,MINNEAPOLIS,MN,55411,6125223608,MERWIN BROADWAY PHARMACY,6125223608,True,True,"Pharmacy, Community/Retail Pharmacy",12.7,37.4,8.6,53368,29719,1,19,611.5,756866.0
1861839433,NORTHSIDE COMMUNITY PHARMACY,YANG XIONG,MINNEAPOLIS,MN,55411,6123457842,NORTHSIDE COMMUNITY PHARMACY,6123457842,True,True,"Pharmacy, Community/Retail Pharmacy",12.7,37.4,8.6,53368,29719,1,19,611.5,756866.0
1972892438,PHALEN FAMILY PHARMACY LTD,MAY LO,SAINT PAUL,MN,55106,6512099000,PHALEN FAMILY PHARMACY LTD,6512099000,True,True,"Pharmacy, Community/Retail Pharmacy",12.0,32.8,9.4,68601,56969,1,19,611.5,756866.0
1861480519,RBF LLC,EDWARD KITZ,SAINT PAUL,MN,55106,6517710556,RBF LLC,6517710556,True,True,"Pharmacy, Community/Retail Pharmacy",12.0,32.8,9.4,68601,56969,1,19,611.5,756866.0
1003327917,"FAIRVIEW PHARMACY SERVICES, LLC",SAMEER BADLANI,MAPLEWOOD,MN,55109,6514719500,"FAIRVIEW PHARMACY SERVICES, LLC",6514719500,True,True,Pharmacy,11.3,31.9,16.9,81759,34266,1,19,611.5,756866.0
1487480729,DARSAN PHARMACY,HUSSEIN AWJAMA,MINNEAPOLIS,MN,55404,6125843374,DARSAN PHARMACY,6125843374,True,True,"Pharmacy, Community/Retail Pharmacy",11.3,35.3,9.7,43932,28071,1,19,611.5,756866.0
1063659183,CHILDREN'S HEALTH CARE,CHESTEVIA GIBSON,MINNEAPOLIS,MN,55404,6128137290,CHILDREN'S HEALTH CARE,6128137290,True,True,"Pharmacy, Community/Retail Pharmacy",11.3,35.3,9.7,43932,28071,1,19,611.5,756866.0
1538792353,CHILDREN'S HEALTH CARE,CHESTEVIA GIBSON,MINNEAPOLIS,MN,55404,6128137290,CHILDREN'S HEALTH CARE,6128137290,True,True,"Pharmacy, Community/Retail Pharmacy",11.3,35.3,9.7,43932,28071,1,19,611.5,756866.0
1629855465,CHILDREN'S HEALTH CARE,CHESTEVIA GIBSON,MINNEAPOLIS,MN,55404,6128137277,CHILDREN'S HEALTH CARE,6128137277,True,True,"Pharmacy, Community/Retail Pharmacy",11.3,35.3,9.7,43932,28071,1,19,611.5,756866.0
1780727958,CHILDRENS HEALTH CARE,CHESTEVIA GIBSON,MINNEAPOLIS,MN,55404,6128136210,CHILDRENS HEALTH CARE,6128136210,True,True,"Pharmacy, Community/Retail Pharmacy",11.3,35.3,9.7,43932,28071,1,19,611.5,756866.0
1346754298,JUBA PHARMACY INC,AHMED DAYIB,MINNEAPOLIS,MN,55404,6122080494,JUBA PHARMACY INC,6122080494,True,True,"Pharmacy, Community/Retail Pharmacy",11.3,35.3,9.7,43932,28071,1,19,611.5,756866.0
1174782106,BSH GROUP,BERLIN FARAH,MINNEAPOLIS,MN,55404,6128863337,BSH GROUP,6128863337,True,True,"Pharmacy, Community/Retail Pharmacy",11.3,35.3,9.7,43932,28071,1,19,611.5,756866.0
1548400849,MOKA PHARMACY INC,TUSMO JAMA,MINNEAPOLIS,MN,55404,6128740575,MOKA PHARMACY INC,6128740575,True,True,"Pharmacy, Community/Retail Pharmacy",11.3,35.3,9.7,43932,28071,1,19,611.5,756866.0
1003920158,SUN DRUG INC,SALAH FATTAH,MAPLEWOOD,MN,55119,6517352300,SUN DRUG INC,6517352300,True,True,"Pharmacy, Community/Retail Pharmacy",11.1,32.9,13.5,77870,44068,1,19,611.5,756866.0
1164770756,WATERTOWN PHARMACY LLC,ROSEMARY ROSDAHL,SPRING PARK,MN,55384,9529552153,WATERTOWN PHARMACY LLC,9529552153,True,True,"Pharmacy, Community/Retail Pharmacy",11.0,25.9,39.6,46860,1869,1,19,611.5,756866.0
1245262237,FAIRVIEW PHARMACY SERVICES LLC,SAMEER BADLANI,BLOOMINGTON,MN,55420,9528856166,FAIRVIEW PHARMACY SERVICES LLC,9528856166,True,True,"Pharmacy, Community/Retail Pharmacy",10.3,29.6,16.4,77539,24008,1,19,611.5,756866.0
1689602674,BLOOMINGTON DRUG CO,PAUL SCHAFFER,BLOOMINGTON,MN,55420,9528847528,BLOOMINGTON DRUG CO,9528847528,True,True,"Pharmacy, Community/Retail Pharmacy",10.3,29.6,16.4,77539,24008,1,19,611.5,756866.0
1285989830,SUN PHARMACY INC,PAO KUE,BROOKLYN CENTER,MN,55429,7635610722,SUN PHARMACY INC,7635610722,True,True,"Pharmacy, Community/Retail Pharmacy",10.3,31.5,11.0,66661,27570,1,19,611.5,756866.0
1376588574,MEDSAVE INC,SEAN KACSIR,NEW HOPE,MN,55428,7632520094,MEDSAVE INC,7632520094,True,True,"Pharmacy, Community/Retail Pharmacy",10.1,30.8,15.5,69004,32679,1,19,611.5,756866.0
1861532376,"MEDICINE CHEST PHARMACY, INC.",MICHAEL CAMPFIELD,WHITE BEAR LAKE,MN,55110,6514295356,"MEDICINE CHEST PHARMACY, INC.",6514295356,True,True,"Pharmacy, Community/Retail Pharmacy",9.9,30.9,21.7,97211,37272,1,19,611.5,756866.0
1508378167,PRAIRIECARE LLC,JOHN RYAN,BROOKLYN PARK,MN,55443,7637628800,PRAIRIECARE LLC,7637628800,True,True,"Pharmacy, Community/Retail Pharmacy",9.8,28.7,13.7,88220,33318,1,19,611.5,756866.0
1801126214,LAB DRUGS & MEDICAL -TRANS-SUPPLIES LLC,LOLA ISHOLA,BROOKLYN PARK,MN,55443,7637775995,LAB DRUGS & MEDICAL -TRANS-SUPPLIES LLC,7637775995,True,True,"Pharmacy, Community/Retail Pharmacy",9.8,28.7,13.7,88220,33318,1,19,611.5,756866.0
1356501621,FAIRVIEW PHARMACY SERVICES LLC,SAMEER BADLANI,NEW BRIGHTON,MN,55112,6517462580,FAIRVIEW PHARMACY SERVICES LLC,6517462580,True,True,"Pharmacy, Community/Retail Pharmacy",9.7,31.1,17.8,93823,45680,1,19,611.5,756866.0
1861437402,SETZER PHARMACY INC,JAMES STAGE,ROSEVILLE,MN,55113,6514880251,SETZER PHARMACY INC,6514880251,True,True,"Pharmacy, Community/Retail Pharmacy",9.6,29.5,22.1,86830,40786,1,19,611.5,756866.0
1801461819,SETZER PHARMACY INC,JAMES STAGE,SAINT PAUL,MN,55113,6514880251,SETZER PHARMACY INC,6514880251,True,True,"Pharmacy, Community/Retail Pharmacy",9.6,29.5,22.1,86830,40786,1,19,611.5,756866.0
1639329816,RBF LLC,EDWARD KITZ,ROSEVILLE,MN,55113,6514898620,RBF LLC,6514898620,True,True,"Pharmacy, Community/Retail Pharmacy",9.6,29.5,22.1,86830,40786,1,19,611.5,756866.0
1427080415,FAIRVIEW PHARMACY SERVICES LLC,SAMEER BADLANI,SHOREVIEW,MN,55126,6126725260,FAIRVIEW PHARMACY SERVICES LLC,6126725260,True,True,"Pharmacy, Community/Retail Pharmacy",9.5,28.8,21.7,109017,27484,1,19,611.5,756866.0
1629241732,FAIRVIEW PHARMACY SERVICES LLC,SAMEER BADLANI,SHOREVIEW,MN,55126,6126725737,FAIRVIEW PHARMACY SERVICES LLC,6126725737,True,True,"Pharmacy, Compounding Pharmacy",9.5,28.8,21.7,109017,27484,1,19,611.5,756866.0
1730252768,ARDEN PHARMACY & GIFT,RONALD JOHNSON,ARDEN HILLS,MN,55126,6514821250,ARDEN PHARMACY & GIFT,6514821250,True,True,"Pharmacy, Community/Retail Pharmacy",9.5,28.8,21.7,109017,27484,1,19,611.5,756866.0
1972535953,FAIRVIEW PHARMACY SERVICES LLC,SAMEER BADLANI,ST. PAUL,MN,55116,6516965020,FAIRVIEW PHARMACY SERVICES LLC,6516965020,True,True,"Pharmacy, Community/Retail Pharmacy",9.4,31.1,20.2,83156,26099,1,19,611.5,756866.0
1780279604,ETEL PHARMACY,BISHAW DITAMO,SAINT PAUL,MN,55116,6517858280,ETEL PHARMACY,6517858280,True,True,"Pharmacy, Community/Retail Pharmacy",9.4,31.1,20.2,83156,26099,1,19,611.5,756866.0
1447883269,CHILDREN'S HEALTH CARE,WILLIAM BUNZLI,SAINT PAUL,MN,55102,6512206963,CHILDREN'S HEALTH CARE,6512206963,True,True,"Pharmacy, Community/Retail Pharmacy",9.4,32.7,18.2,74143,19565,1,19,611.5,756866.0
1063118909,EQUITY CONSULTING PARTNERS LLC,REUBEN MOORE,ST. PAUL,MN,55102,6517937979,EQUITY CONSULTING PARTNERS LLC,6517937979,True,True,"Pharmacy, Community/Retail Pharmacy",9.4,32.7,18.2,74143,19565,1,19,611.5,756866.0
1700979861,CHILDRENS HEALTH CARE,WILLIAM BUNZLI,SAINT PAUL,MN,55102,6512206963,CHILDRENS HEALTH CARE,6512206963,True,True,"Pharmacy, Community/Retail Pharmacy",9.4,32.7,18.2,74143,19565,1,19,611.5,756866.0
1447323480,ALCHEMIST GENERAL INC,JAMES STAGE,SAINT PAUL,MN,55104,6516458636,ALCHEMIST GENERAL INC,6516458636,True,True,"Pharmacy, Community/Retail Pharmacy",9.2,33.2,11.0,75038,45777,1,19,611.5,756866.0
1942875315,ALCHEMIST GENERAL INC,JAMES STAGE,SAINT PAUL,MN,55104,6516458636,ALCHEMIST GENERAL INC,6516458636,True,True,"Pharmacy, Community/Retail Pharmacy",9.2,33.2,11.0,75038,45777,1,19,611.5,756866.0
1750095766,OUR LADY OF PEACE,JEFFREY THORNE,SAINT PAUL,MN,55104,6517895031,OUR LADY OF PEACE,6517895031,True,True,"Pharmacy, Community/Retail Pharmacy",9.2,33.2,11.0,75038,45777,1,19,611.5,756866.0
1811050438,EXPRESS PHARMACY INC,CHAO YANG,SAINT PAUL,MN,55104,6516447566,EXPRESS PHARMACY INC,6516447566,True,True,"Pharmacy, Community/Retail Pharmacy",9.2,33.2,11.0,75038,45777,1,19,611.5,756866.0
1528090503,FAIRVIEW PHARMACY SERVICES LLC,SAMEER BADLANI,EDINA,MN,55435,9529241400,FAIRVIEW PHARMACY SERVICES LLC,9529241400,True,True,"Pharmacy, Community/Retail Pharmacy",8.8,23.7,32.1,75829,13698,1,19,611.5,756866.0
1699709543,FAIRVIEW PHARMACY SERVICES LLC,SAMEER BADLANI,EDINA,MN,55435,9529858160,FAIRVIEW PHARMACY SERVICES LLC,9529858160,True,True,Pharmacy,8.8,23.7,32.1,75829,13698,1,19,611.5,756866.0
1154776748,RX ANGELS LLC,MARYPAT HABERMAS,EDINA,MN,55435,6512141026,RX ANGELS LLC,6512141026,True,True,Pharmacy,8.8,23.7,32.1,75829,13698,1,19,611.5,756866.0
1649328907,RBF LLC,EDWARD KITZ,BLOOMINGTON,MN,55431,9523460121,RBF LLC,9523460121,True,True,"Pharmacy, Community/Retail Pharmacy",8.5,25.6,22.5,103125,19075,1,19,611.5,756866.0
1184585671,COSMO CARE LLC,FARHIA ARAB,MINNEAPOLIS,MN,55407,6126443014,COSMO CARE LLC,6126443014,True,True,"Pharmacy, Community/Retail Pharmacy",8.4,30.9,10.1,78206,36992,1,19,611.5,756866.0
1902924012,FAIRVIEW PHARMACY SERVICES LLC,SAMEER BADLANI,MINNEAPOLIS,MN,55407,6126724020,FAIRVIEW PHARMACY SERVICES LLC,6126724020,True,True,"Pharmacy, Community/Retail Pharmacy",8.4,30.9,10.1,78206,36992,1,19,611.5,756866.0
1194436212,SHIFA PHARMACY LLC,MUZAHIM MOHAMED,MINNEAPOLIS,MN,55407,6122081456,SHIFA PHARMACY LLC,6122081456,True,True,"Pharmacy, Community/Retail Pharmacy",8.4,30.9,10.1,78206,36992,1,19,611.5,756866.0
1639734346,SEWARD PHARMACY LLC,ELIAS USSO,MINNEAPOLIS,MN,55407,7703129429,SEWARD PHARMACY LLC,7703129429,True,True,"Pharmacy, Community/Retail Pharmacy",8.4,30.9,10.1,78206,36992,1,19,611.5,756866.0
1093905259,NORTH MEMORIAL HEALTH CARE,STEPHANIE GALE,ROBBINSDALE,MN,55422,7635201152,NORTH MEMORIAL HEALTH CARE,7635201152,True,True,"Pharmacy, Community/Retail Pharmacy",8.2,27.6,18.4,91173,28765,1,19,611.5,756866.0
1902520075,ROBBINSDALE PHARMACY INC,AHMED MUSSA,ROBBINSDALE,MN,55422,6128143271,ROBBINSDALE PHARMACY INC,6128143271,True,True,"Pharmacy, Community/Retail Pharmacy",8.2,27.6,18.4,91173,28765,1,19,611.5,756866.0
1174534689,"HASS ENTERPRISES, INC.",JAMES HASS,ROBBINSDALE,MN,55422,7635205281,"HASS ENTERPRISES, INC.",7635205281,True,True,"Pharmacy, Community/Retail Pharmacy",8.2,27.6,18.4,91173,28765,1,19,611.5,756866.0
1043439359,DEEPHAVEN PHCY INC,MARK LARSON,WAYZATA,MN,55391,9524734100,DEEPHAVEN PHCY INC,9524734100,True,True,"Pharmacy, Community/Retail Pharmacy",8.1,24.5,26.5,170115,15469,1,19,611.5,756866.0
1093811689,CUSTOM RX COMPOUNDING PHARMACY,VERNE BETLACH,RICHFIELD,MN,55423,6128662211,CUSTOM RX COMPOUNDING PHARMACY,6128662211,True,True,"Pharmacy, Community/Retail Pharmacy",8.0,27.1,18.8,84102,36779,1,19,611.5,756866.0
1952520264,LARSON PHCY INC,MARK LARSON,RICHFIELD,MN,55423,6128668405,LARSON PHCY INC,6128668405,True,True,"Pharmacy, Community/Retail Pharmacy",8.0,27.1,18.8,84102,36779,1,19,611.5,756866.0
1902954266,RBF LLC,EDWARD KITZ,RICHFIELD,MN,55423,6128661256,RBF LLC,6128661256,True,True,"Pharmacy, Community/Retail Pharmacy",8.0,27.1,18.8,84102,36779,1,19,611.5,756866.0
1255446282,NYC AND EZY CORP,JOSEPH REYCRAFT,MAPLE PLAIN,MN,55359,7634791903,NYC AND EZY CORP,7634791903,True,True,"Pharmacy, Community/Retail Pharmacy",8.0,26.2,17.5,129508,7068,1,19,611.5,756866.0
1548342330,BROOKPARK MARKETS LLC,BARRY ZOSS,MINNETONKA,MN,55345,9529385347,BROOKPARK MARKETS LLC,9529385347,True,True,"Pharmacy, Community/Retail Pharmacy",7.9,24.8,21.1,143287,21255,1,19,611.5,756866.0
1265447890,FRANKLIN DRUGS INC,AHMEDFOWZ OSMAN,MINNEAPOLIS,MN,55406,6123332126,FRANKLIN DRUGS INC,6123332126,True,True,"Pharmacy, Community/Retail Pharmacy",7.9,28.5,15.1,91865,35863,1,19,611.5,756866.0
1003789611,TWIN CITIES PHARMACY,FARHIA MURSAL,MINNEAPOLIS,MN,55406,6129867845,TWIN CITIES PHARMACY,6129867845,True,True,"Pharmacy, Community/Retail Pharmacy",7.9,28.5,15.1,91865,35863,1,19,611.5,756866.0
1760172969,LAKE CARMEL PHARMACY INC,AHMED MUSSA,MINNEAPOLIS,MN,55406,6128143271,LAKE CARMEL PHARMACY INC,6128143271,True,True,"Pharmacy, Community/Retail Pharmacy",7.9,28.5,15.1,91865,35863,1,19,611.5,756866.0
1447497953,LAKE CEDAR PHARMACY,SAIDA MOHAMED,MINNEAPOLIS,MN,55406,6123535532,LAKE CEDAR PHARMACY,6123535532,True,True,"Pharmacy, Community/Retail Pharmacy",7.9,28.5,15.1,91865,35863,1,19,611.5,756866.0
1689980112,CAREPOINT PHARMACY,MOWLID BALAYAH,MINNEAPOLIS,MN,55406,6123412273,CAREPOINT PHARMACY,6123412273,True,True,"Pharmacy, Community/Retail Pharmacy",7.9,28.5,15.1,91865,35863,1,19,611.5,756866.0
1356383921,CHILDRENS WEST PHARMACY,RUTH JOHNSON,MINNETONKA,MN,55343,6129308680,CHILDRENS WEST PHARMACY,6129308680,True,True,"Pharmacy, Community/Retail Pharmacy",7.8,27.4,18.3,82415,26482,1,19,611.5,756866.0
1730250275,HOPKINS CENTER DRUG INC,CHRIS BECKMANN,HOPKINS,MN,55343,9529382719,HOPKINS CENTER DRUG INC,9529382719,True,True,"Pharmacy, Community/Retail Pharmacy",7.8,27.4,18.3,82415,26482,1,19,611.5,756866.0
1811045172,RBF LLC,EDWARD KITZ,PLYMOUTH,MN,55441,7635462311,RBF LLC,7635462311,True,True,"Pharmacy, Community/Retail Pharmacy",7.5,25.9,19.5,100288,18242,1,19,611.5,756866.0
1124228176,FAIRVIEW PHARMACY SERVICES LLC,SAMEER BADLANI,MAPLE GROVE,MN,55369,7638981800,FAIRVIEW PHARMACY SERVICES LLC,7638981800,True,True,"Pharmacy, Community/Retail Pharmacy",7.5,26.0,16.3,112541,38711,1,19,611.5,756866.0
1548560535,NORTH MEMORIAL PHARMACY MAPLE GROVE,STEPHANIE GALE,MAPLE GROVE,MN,55369,7635819200,NORTH MEMORIAL PHARMACY MAPLE GROVE,7635819200,True,True,"Pharmacy, Community/Retail Pharmacy",7.5,26.0,16.3,112541,38711,1,19,611.5,756866.0
1811601123,MINNESOTA ONCOLOGY HEMATOLOGY PA,BRIAN MEGER,MAPLE GROVE,MN,55369,7637122100,MINNESOTA ONCOLOGY HEMATOLOGY PA,7637122100,True,True,"Pharmacy, Community/Retail Pharmacy",7.5,26.0,16.3,112541,38711,1,19,611.5,756866.0
1841375771,LUND FOOD HOLDINGS INC,JODI ROBINSON,MAPLE GROVE,MN,55369,7634203005,LUND FOOD HOLDINGS INC,7634203005,True,True,"Pharmacy, Community/Retail Pharmacy",7.5,26.0,16.3,112541,38711,1,19,611.5,756866.0
1831383504,"HASS ENTERPRISES, INC.",JAMES HASS,MAPLE GROVE,MN,55369,7639813100,"HASS ENTERPRISES, INC.",7639813100,True,True,"Pharmacy, Community/Retail Pharmacy",7.5,26.0,16.3,112541,38711,1,19,611.5,756866.0
1053471292,ERICKSON DRUG INC,ROBERT KOZIOL,SAINT PAUL,MN,55108,6516469645,ERICKSON DRUG INC,6516469645,True,True,"Pharmacy, Community/Retail Pharmacy",7.4,28.4,15.9,84583,15339,1,19,611.5,756866.0
1528883790,APOTHECO PHARMACY MINNETONKA LLC,ANUSH AMIN,MINNETONKA,MN,55305,9529559889,APOTHECO PHARMACY MINNETONKA LLC,9529559889,True,True,"Pharmacy, Community/Retail Pharmacy",7.3,24.2,23.4,106480,21274,1,19,611.5,756866.0
1659374403,"BIOSCRIP PHARMACY, INC.",JAMES MELANCON,MINNEAPOLIS,MN,55405,6128727808,"BIOSCRIP PHARMACY, INC.",6128727808,True,True,"Pharmacy, Community/Retail Pharmacy",7.3,28.5,9.7,70425,16915,1,19,611.5,756866.0
1548318801,RBF LLC,EDWARD KITZ,PLYMOUTH,MN,55447,7635597591,RBF LLC,7635597591,True,True,"Pharmacy, Community/Retail Pharmacy",7.2,24.7,17.9,128781,21001,1,19,611.5,756866.0
1184798605,"REDPHARM DRUG, INC.",JULIE GEASON,EDEN PRAIRIE,MN,55344,9526532525,"REDPHARM DRUG, INC.",9526532525,True,True,"Pharmacy, Community/Retail Pharmacy",7.1,23.9,16.4,89590,14180,1,19,611.5,756866.0
1134378235,RBF LLC,EDWARD KITZ,EDEN PRAIRIE,MN,55344,9529345520,RBF LLC,9529345520,True,True,"Pharmacy, Community/Retail Pharmacy",7.1,23.9,16.4,89590,14180,1,19,611.5,756866.0
1184736183,JT HOESCHEN INC,JOHN HOESCHEN,SAINT PAUL,MN,55105,6516988859,JT HOESCHEN INC,6516988859,True,True,"Pharmacy, Community/Retail Pharmacy",6.9,28.4,14.6,108200,27470,1,19,611.5,756866.0
1316343551,"HENNEPIN HEALTHCARE SYSTEMS, INC",LISA ANDERSON,MINNEAPOLIS,MN,55418,6128737210,"HENNEPIN HEALTHCARE SYSTEMS, INC",6128737210,True,True,"Pharmacy, Community/Retail Pharmacy",6.9,27.3,14.4,95630,31295,1,19,611.5,756866.0
1982924288,UNITED COMMUNITY PHARMACY CORPORATION,MARK OLSHANSKY,SAINT ANTHONY,MN,55418,6122598275,UNITED COMMUNITY PHARMACY CORPORATION,6122598275,True,True,"Pharmacy, Community/Retail Pharmacy",6.9,27.3,14.4,95630,31295,1,19,611.5,756866.0
1427471895,CENTRAL CARE PHARMACY LLC,SAJEDA ABDO,MINNEAPOLIS,MN,55418,6123383005,CENTRAL CARE PHARMACY LLC,6123383005,True,True,"Pharmacy, Community/Retail Pharmacy",6.9,27.3,14.4,95630,31295,1,19,611.5,756866.0
1376691634,RBF LLC,EDWARD KITZ,MAPLE GROVE,MN,55311,7634161563,RBF LLC,7634161563,True,True,"Pharmacy, Community/Retail Pharmacy",6.9,25.0,12.8,148122,37873,1,19,611.5,756866.0
1851843478,VALUE PHARMACY LLC,MOHAMED OSMAN,MINNEAPOLIS,MN,55403,6128863480,VALUE PHARMACY LLC,6128863480,True,True,"Pharmacy, Community/Retail Pharmacy",6.8,27.5,12.8,59928,17354,1,19,611.5,756866.0
1922112911,MATHIESON ENTERPRISES INC,CALVIN MATHIESON,MINNEAPOLIS,MN,55403,6128711895,MATHIESON ENTERPRISES INC,6128711895,True,True,"Pharmacy, Community/Retail Pharmacy",6.8,27.5,12.8,59928,17354,1,19,611.5,756866.0
1871733501,"STORCHAK PHARMACY, LLC",BARRY ZOSS,MPLS,MN,55403,6123543400,"STORCHAK PHARMACY, LLC",6123543400,True,True,"Pharmacy, Community/Retail Pharmacy",6.8,27.5,12.8,59928,17354,1,19,611.5,756866.0
1386324226,"THE ALIVENESS PROJECT, INC.",MATT TOBUREN,MINNEAPOLIS,MN,55409,6128227946,"THE ALIVENESS PROJECT, INC.",6128227946,True,True,"Pharmacy, Community/Retail Pharmacy",6.8,26.9,12.2,98056,11405,1,19,611.5,756866.0
1497143390,HCMC COMMUNITY PHARMACY,HEATHER RENTERIA,MINNEAPOLIS,MN,55415,6128733225,HCMC COMMUNITY PHARMACY,6128733225,True,True,"Pharmacy, Community/Retail Pharmacy",6.6,27.4,8.2,126480,6474,1,19,611.5,756866.0
1013729482,MINNESOTA MEDICATION REPOSITORY PROGRAM,RACHEL ROCKWELL,MINNEAPOLIS,MN,55413,6125844647,MINNESOTA MEDICATION REPOSITORY PROGRAM,6125844647,True,True,"Pharmacy, Community/Retail Pharmacy",5.9,26.3,16.5,84252,14328,1,19,611.5,756866.0
1558419812,RBF LLC,EDWARD KITZ,MINNEAPOLIS,MN,55413,6127884246,RBF LLC,6127884246,True,True,"Pharmacy, Community/Retail Pharmacy",5.9,26.3,16.5,84252,14328,1,19,611.5,756866.0
1184312720,LAKE CARMEL PHARMACY INC,AHMED MUSSA,MINNEAPOLIS,MN,55408,6128143271,LAKE CARMEL PHARMACY INC,6128143271,True,True,"Pharmacy, Community/Retail Pharmacy",5.9,27.6,7.2,72421,32534,1,19,611.5,756866.0
1285383190,NICOLLET PHARMACY LLC,DEEQ MOHAMMED,MINNEAPOLIS,MN,55408,6126448142,NICOLLET PHARMACY LLC,6126448142,True,True,"Pharmacy, Community/Retail Pharmacy",5.9,27.6,7.2,72421,32534,1,19,611.5,756866.0
1649977430,UPTOWN PHARMACY INC,AHMED DAYIB,MINNEAPOLIS,MN,55408,8163775388,UPTOWN PHARMACY INC,8163775388,True,True,"Pharmacy, Community/Retail Pharmacy",5.9,27.6,7.2,72421,32534,1,19,611.5,756866.0
1487923488,BANADIR PHARMACY LLC,EDRIS KOSAR,MINNEAPOLIS,MN,55408,6128251669,BANADIR PHARMACY LLC,6128251669,True,True,"Pharmacy, Community/Retail Pharmacy",5.9,27.6,7.2,72421,32534,1,19,611.5,756866.0
1477024792,TWIN CITIES PHARMACY LLC,AHMED SABRIYE,MINNEAPOLIS,MN,55408,6123155687,TWIN CITIES PHARMACY LLC,6123155687,True,True,"Pharmacy, Community/Retail Pharmacy",5.9,27.6,7.2,72421,32534,1,19,611.5,756866.0
1992202048,TWIN CITIES PHARMARCY LLC,TEWODROS GEMEDA,MINNEAPOLIS,MN,55408,6133155687,TWIN CITIES PHARMARCY LLC,6133155687,True,True,Pharmacy,5.9,27.6,7.2,72421,32534,1,19,611.5,756866.0
1093863359,RBF LLC,EDWARD KITZ,MINNEAPOLIS,MN,55408,6128210547,RBF LLC,6128210547,True,True,"Pharmacy, Community/Retail Pharmacy",5.9,27.6,7.2,72421,32534,1,19,611.5,756866.0
1104360973,"GROUP HEALTH PLAN, INC.",DAVID BUSCH,ST LOUIS PARK,MN,55416,9529773050,"GROUP HEALTH PLAN, INC.",9529773050,True,True,"Pharmacy, Community/Retail Pharmacy",5.6,23.7,16.1,105926,34905,1,19,611.5,756866.0
1609029297,"OXYBORA DISTRIBUTING, LLC",BORIS RABICHEV,ST LOUIS PARK,MN,55416,9529224444,"OXYBORA DISTRIBUTING, LLC",9529224444,True,True,"Pharmacy, Community/Retail Pharmacy",5.6,23.7,16.1,105926,34905,1,19,611.5,756866.0
1073740635,RBF LLC,EDWARD KITZ,ST LOUIS PARK,MN,55416,9525461951,RBF LLC,9525461951,True,True,"Pharmacy, Community/Retail Pharmacy",5.6,23.7,16.1,105926,34905,1,19,611.5,756866.0
1861426710,FAIRVIEW PHARMACY SERVICES LLC,SAMEER BADLANI,MINNEAPOLIS,MN,55414,6126721430,FAIRVIEW PHARMACY SERVICES LLC,6126721430,True,True,"Pharmacy, Community/Retail Pharmacy",4.0,24.8,4.9,47004,33739,1,19,611.5,756866.0
1366516882,STAGE ENTERPRISES LLC,JAMES STAGE,MINNEAPOLIS,MN,55414,6123797232,STAGE ENTERPRISES LLC,6123797232,True,True,"Pharmacy, Community/Retail Pharmacy",4.0,24.8,4.9,47004,33739,1,19,611.5,756866.0
1154353142,FAIRVIEW PHARMACY SERVICES LLC,SAMEER BADLANI,MINNEAPOLIS,MN,55455,6122732121,FAIRVIEW PHARMACY SERVICES LLC,6122732121,True,True,"Pharmacy, Community/Retail Pharmacy",1.8,25.3,0.0,-666666666,5243,1,19,611.5,756866.0
1619909694,FAIRVIEW PHARMACY SERVICES LLC,SAMEER BADLANI,MINNEAPOLIS,MN,55455,6126764100,FAIRVIEW PHARMACY SERVICES LLC,6126764100,True,True,"Pharmacy, Community/Retail Pharmacy",1.8,25.3,0.0,-666666666,5243,1,19,611.5,756866.0
1952335804,FAIRVIEW PHARMACY SERVICES LLC,SAMEER BADLANI,MINNEAPOLIS,MN,55455,6126254900,FAIRVIEW PHARMACY SERVICES LLC,6126254900,True,True,"Pharmacy, Community/Retail Pharmacy",1.8,25.3,0.0,-666666666,5243,1,19,611.5,756866.0
1013035120,FAIRVIEW PHARMACY SERVICES LLC,SAMEER BADLANI,MINNEAPOLIS,MN,55455,6126266429,FAIRVIEW PHARMACY SERVICES LLC,6126266429,True,True,"Pharmacy, Community/Retail Pharmacy",1.8,25.3,0.0,-666666666,5243,1,19,611.5,756866.0
1548624778,"NIS PHARMACY SERVICES, LTD",MICHAEL SCHWARTZWALD,LONGVILLE,MN,56655,2183632640,"NIS PHARMACY SERVICES, LTD",2183632640,True,True,"Pharmacy, Community/Retail Pharmacy",16.7,36.0,50.4,55368,1328,1,18,611.5,756866.0
1104260868,NIS PHARMACY SERVICES LTD,MICHAEL SCHWARTZWALD,LONGVILLE,MN,56655,2183632640,NIS PHARMACY SERVICES LTD,2183632640,True,True,"Pharmacy, Community/Retail Pharmacy",16.7,36.0,50.4,55368,1328,1,18,611.5,756866.0
1356345896,LIEBE DRUG INC,ELLEN JOHNSON,BROWNS VALLEY,MN,56219,3206952331,LIEBE DRUG INC,3206952331,True,True,"Pharmacy, Community/Retail Pharmacy",14.6,41.2,27.5,66429,901,1,18,611.5,756866.0
1629696349,"ZKR INVESTMENTS,LTD",LISA STRUSS,PINE RIVER,MN,56474,2185872500,"ZKR INVESTMENTS,LTD",2185872500,True,True,"Pharmacy, Community/Retail Pharmacy",13.5,37.2,25.0,55741,4471,1,18,611.5,756866.0
1720023252,MOON'S PHARMACY,JOSEPH MOON,BLACKDUCK,MN,56630,2188357740,MOON'S PHARMACY,2188357740,True,True,"Pharmacy, Community/Retail Pharmacy",12.8,38.3,23.2,51875,2081,1,18,611.5,756866.0
1982166765,SANFORD HEALTH OF NORTHERN MINNESOTA,TONY MORRISON,BLACKDUCK,MN,56630,2188357700,SANFORD HEALTH OF NORTHERN MINNESOTA,2188357700,True,True,"Pharmacy, Community/Retail Pharmacy",12.8,38.3,23.2,51875,2081,1,18,611.5,756866.0
1073166674,SANFORD HEALTH OF NORTHERN MINNESOTA,JOANN KUNKEL,BLACKDUCK,MN,56630,2188357700,SANFORD HEALTH OF NORTHERN MINNESOTA,2188357700,True,True,"Pharmacy, Community/Retail Pharmacy",12.8,38.3,23.2,51875,2081,1,18,611.5,756866.0
1073657011,TAM OF BLACKDUCK PA,JOSEPH MOON,BLACKDUCK,MN,56630,2188357740,TAM OF BLACKDUCK PA,2188357740,True,True,"Pharmacy, Community/Retail Pharmacy",12.8,38.3,23.2,51875,2081,1,18,611.5,756866.0
1629014014,LONGBELLA DRUG INC,LANI LONGBELLAROBERTS,MOTLEY,MN,56466,2183526337,LONGBELLA DRUG INC,2183526337,True,True,"Pharmacy, Community/Retail Pharmacy",12.6,37.0,24.4,59046,3126,1,18,611.5,756866.0
1730110115,ST MARY'S INNOVIS HEALTH,ALAN HURLEY,DETROIT LAKES,MN,56501,2188473537,ST MARY'S INNOVIS HEALTH,2188473537,True,True,"Pharmacy, Community/Retail Pharmacy",11.4,36.6,23.7,68980,18239,1,18,611.5,756866.0
1326137928,WHITE DRUG ENTERPRISES INC,ANNE FROISTAD,DETROIT LAKES,MN,56501,2188479248,WHITE DRUG ENTERPRISES INC,2188479248,True,True,"Pharmacy, Community/Retail Pharmacy",11.4,36.6,23.7,68980,18239,1,18,611.5,756866.0
1669413092,PRESCRIPTION SHOPPE IIOF DETROIT LAKES MN,DAVID BRENK,DETROIT LAKES,MN,56501,2188462275,PRESCRIPTION SHOPPE IIOF DETROIT LAKES MN,2188462275,True,True,"Pharmacy, Community/Retail Pharmacy",11.4,36.6,23.7,68980,18239,1,18,611.5,756866.0
1659837698,BPOINT PHARMACY SERVICES LTD,MICHAEL SCHWARTZWALD,BREEZY POINT,MN,56472,2182971999,BPOINT PHARMACY SERVICES LTD,2182971999,True,True,"Pharmacy, Community/Retail Pharmacy",11.3,36.4,23.6,81938,8764,1,18,611.5,756866.0
1275682007,LAKES AREA PHARMACY,DAVID PARRY,PEQUOT LAKES,MN,56472,2185685884,LAKES AREA PHARMACY,2185685884,True,True,"Pharmacy, Community/Retail Pharmacy",11.3,36.4,23.6,81938,8764,1,18,611.5,756866.0
1245368448,SEIP DRUG LLC,NATHAN SEIP,FRAZEE,MN,56544,2183343070,SEIP DRUG LLC,2183343070,True,True,"Pharmacy, Community/Retail Pharmacy",11.2,37.3,19.2,72742,5609,1,18,611.5,756866.0
1134224082,LONGBELLA DRUG INC,LANI LONGBELLA ROBERTS,PILLAGER,MN,56473,2187464321,LONGBELLA DRUG INC,2187464321,True,True,"Pharmacy, Community/Retail Pharmacy",11.0,35.7,19.2,79236,3452,1,18,611.5,756866.0
1730306838,M AND J LOKENSGARD INC,MICHAEL LOKENSGARD,LAKE CRYSTAL,MN,56055,5077262727,M AND J LOKENSGARD INC,5077262727,True,True,"Pharmacy, Community/Retail Pharmacy",10.9,35.5,20.2,83452,3868,1,18,611.5,756866.0
1184728743,SANFORD HEALTH OF NORTHERN MINNESOTA,TONY MORRISON,BEMIDJI,MN,56601,2183334470,SANFORD HEALTH OF NORTHERN MINNESOTA,2183334470,True,True,"Pharmacy, Community/Retail Pharmacy",10.3,37.4,17.8,69782,34700,1,18,611.5,756866.0
1083933824,SANFORD HEALTH OF NORTHERN MINNESOTA,TONY MORRISON,BEMIDJI,MN,56601,2183332450,SANFORD HEALTH OF NORTHERN MINNESOTA,2183332450,True,True,Pharmacy,10.3,37.4,17.8,69782,34700,1,18,611.5,756866.0
1477042372,SANFORD HEALTH OF NORTHERN MINNESOTA,TONY MORRISON,BEMIDJI,MN,56601,2183332450,SANFORD HEALTH OF NORTHERN MINNESOTA,2183332450,True,True,"Pharmacy, Community/Retail Pharmacy",10.3,37.4,17.8,69782,34700,1,18,611.5,756866.0
1184723611,IVERSON CORNER DRUG INC,RYAN OKERLUND,BEMIDJI,MN,56601,2184443000,IVERSON CORNER DRUG INC,2184443000,True,True,"Pharmacy, Community/Retail Pharmacy",10.3,37.4,17.8,69782,34700,1,18,611.5,756866.0
1700149069,BRIAN W TRUAX,BRIAN TRUAX,BEMIDJI,MN,56601,2184448217,BRIAN W TRUAX,2184448217,True,True,"Pharmacy, Community/Retail Pharmacy",10.3,37.4,17.8,69782,34700,1,18,611.5,756866.0
1467458323,CHERNUGAL INC,RICHARD CHERUNUGAL,BEMIDJI,MN,56601,2187591222,CHERNUGAL INC,2187591222,True,True,"Pharmacy, Community/Retail Pharmacy",10.3,37.4,17.8,69782,34700,1,18,611.5,756866.0
1497296115,MEDSAVE FAMILY PHARMACY,RICHARD CHERNUGAL,BEMIDJI,MN,56601,2187591222,MEDSAVE FAMILY PHARMACY,2187591222,True,True,"Pharmacy, Community/Retail Pharmacy",10.3,37.4,17.8,69782,34700,1,18,611.5,756866.0
1992758858,PAMIDA STORES OPERATING CO LLC,JOHN HARLOW,BEMIDJI,MN,56601,2187518063,PAMIDA STORES OPERATING CO LLC,2187518063,True,True,"Pharmacy, Community/Retail Pharmacy",10.3,37.4,17.8,69782,34700,1,18,611.5,756866.0
1245573286,FIRST CHOICE PHARMACY OF JORDAN PC,JILL REINHARDT,JORDAN,MN,55352,9524923334,FIRST CHOICE PHARMACY OF JORDAN PC,9524923334,True,True,"Pharmacy, Community/Retail Pharmacy",10.1,34.4,10.1,112923,10426,1,18,611.5,756866.0
1568903532,FIRST CHOICE PHARMACY OF JORDAN PC,JILL REINHARDT,BELLE PLAINE,MN,56011,9528554381,FIRST CHOICE PHARMACY OF JORDAN PC,9528554381,True,True,"Pharmacy, Community/Retail Pharmacy",9.3,33.5,15.1,99628,9672,1,18,611.5,756866.0
1205979978,DRUG EXPRESS PHARMACIES INC,DALE OTTO,BELLE PLAINE,MN,56011,9528736220,DRUG EXPRESS PHARMACIES INC,9528736220,True,True,"Pharmacy, Community/Retail Pharmacy",9.3,33.5,15.1,99628,9672,1,18,611.5,756866.0
1639477854,FAIRVIEW PHARMACY SERVICES LLC,SAMEER BADLANI,PRIOR LAKE,MN,55372,9524479570,FAIRVIEW PHARMACY SERVICES LLC,9524479570,True,True,"Pharmacy, Community/Retail Pharmacy",9.2,31.4,14.1,140835,34617,1,18,611.5,756866.0
1205984861,RBF LLC,EDWARD KITZ,SAVAGE,MN,55378,9522261571,RBF LLC,9522261571,True,True,"Pharmacy, Community/Retail Pharmacy",8.8,31.3,12.8,122237,32072,1,18,611.5,756866.0
1134745730,"ELKO NEW MARKET FAMILY PHARMACY, LLC",MATTHEW PIVEC,ELKO NEW MARKET,MN,55054,5074125712,"ELKO NEW MARKET FAMILY PHARMACY, LLC",5074125712,True,True,"Pharmacy, Community/Retail Pharmacy",7.1,32.7,6.0,151845,2582,1,18,611.5,756866.0
1205978996,BINGAMITE,CHARLES KORSCH,DULUTH,MN,55802,2187223977,BINGAMITE,2187223977,True,True,"Pharmacy, Community/Retail Pharmacy",16.0,39.0,32.0,40850,2560,1,17,611.5,756866.0
1912116054,"PETOSKEY, INC.",CHARLES KORSCH,DULUTH,MN,55802,2187336800,"PETOSKEY, INC.",2187336800,True,True,"Pharmacy, Community/Retail Pharmacy",16.0,39.0,32.0,40850,2560,1,17,611.5,756866.0
1245081066,"THE DULUTH CLINIC, LTD.",KEVIN BOREN,HINCKLEY,MN,55037,3202798610,"THE DULUTH CLINIC, LTD.",3202798610,True,True,"Pharmacy, Community/Retail Pharmacy",14.6,41.3,23.0,61319,5077,1,17,611.5,756866.0
1083758676,HINCKLEY DRUG LLC,DEANNA CAZA,HINCKLEY,MN,55037,3203846166,HINCKLEY DRUG LLC,3203846166,True,True,"Pharmacy, Community/Retail Pharmacy",14.6,41.3,23.0,61319,5077,1,17,611.5,756866.0
1659486769,"THE DULUTH CLINIC, LTD",KEVIN BOREN,VIRGINIA,MN,55792,2187497828,"THE DULUTH CLINIC, LTD",2187497828,True,True,"Pharmacy, Community/Retail Pharmacy",14.3,38.7,25.9,50616,9848,1,17,611.5,756866.0
1235229162,WHITE DRUG ENTERPRISES INC,ANNE FROISTAD,VIRGINIA,MN,55792,2187496333,WHITE DRUG ENTERPRISES INC,2187496333,True,True,"Pharmacy, Community/Retail Pharmacy",14.3,38.7,25.9,50616,9848,1,17,611.5,756866.0
1982746400,JP COMPANIES OF VIRGINIA INC,JERRY PROSNICK,VIRGINIA,MN,55792,2187498943,JP COMPANIES OF VIRGINIA INC,2187498943,True,True,"Pharmacy, Community/Retail Pharmacy",14.3,38.7,25.9,50616,9848,1,17,611.5,756866.0
1194861708,BABBITT DRUG INC,FRANK JAEGER,BABBITT,MN,55706,2188272137,BABBITT DRUG INC,2188272137,True,True,"Pharmacy, Community/Retail Pharmacy",13.8,36.2,29.3,60096,1827,1,17,611.5,756866.0
1801909825,CASEY DRUG-A INC,ALIDA CASEY,CHISHOLM,MN,55719,2182543318,CASEY DRUG-A INC,2182543318,True,True,"Pharmacy, Community/Retail Pharmacy",13.5,38.9,29.5,63497,5642,1,17,611.5,756866.0
1447366851,"THE DULUTH CLINIC, LTD",KEVIN BOREN,HIBBING,MN,55746,2182625225,"THE DULUTH CLINIC, LTD",2182625225,True,True,"Pharmacy, Community/Retail Pharmacy",13.1,38.0,23.0,55694,16815,1,17,611.5,756866.0
1508184680,BARON'S PHARMACY LLC,CRAIG BARON,HIBBING,MN,55746,2182634922,BARON'S PHARMACY LLC,2182634922,True,True,"Pharmacy, Community/Retail Pharmacy",13.1,38.0,23.0,55694,16815,1,17,611.5,756866.0
1790889756,FAIRVIEW RANJIE REG HLTH SVS,JOHN KRITZ,HIBBING,MN,55746,2182634922,FAIRVIEW RANJIE REG HLTH SVS,2182634922,True,True,"Pharmacy, Community/Retail Pharmacy",13.1,38.0,23.0,55694,16815,1,17,611.5,756866.0
1538170048,MESABA DRUG INC,MARY FOSSELL,HOYT LAKES,MN,55750,2182252128,MESABA DRUG INC,2182252128,True,True,"Pharmacy, Community/Retail Pharmacy",12.5,35.8,21.8,64653,2078,1,17,611.5,756866.0
1407276264,WELIA HEALTH,RANDY ULSETH,PINE CITY,MN,55063,3203225141,WELIA HEALTH,3203225141,True,True,"Pharmacy, Community/Retail Pharmacy",12.3,38.8,21.5,74854,9270,1,17,611.5,756866.0
1194767798,JONS DRUG INC,MICHAEL MACACCINI,EVELETH,MN,55734,2187442774,JONS DRUG INC,2187442774,True,True,"Pharmacy, Community/Retail Pharmacy",12.3,36.6,17.5,65750,6332,1,17,611.5,756866.0
1053400655,WHITE DRUG ENTERPRISES INC,ANNE FROISTAD,CLOQUET,MN,55720,2188796768,WHITE DRUG ENTERPRISES INC,2188796768,True,True,"Pharmacy, Community/Retail Pharmacy",12.1,39.0,16.6,66399,17480,1,17,611.5,756866.0
1437264462,KOZAK INC,JOHN GUST,CLOQUET,MN,55720,2188791501,KOZAK INC,2188791501,True,True,"Pharmacy, Community/Retail Pharmacy",12.1,39.0,16.6,66399,17480,1,17,611.5,756866.0
1316053622,KOZAK INC,JOHN GUST,CLOQUET,MN,55720,2188794547,KOZAK INC,2188794547,True,True,"Pharmacy, Community/Retail Pharmacy",12.1,39.0,16.6,66399,17480,1,17,611.5,756866.0
1427164839,THE DULUTH CLINIC LTD,KEVIN BOREN,DULUTH,MN,55807,2187863700,THE DULUTH CLINIC LTD,2187863700,True,True,"Pharmacy, Community/Retail Pharmacy",11.1,37.3,18.6,63670,9573,1,17,611.5,756866.0
1114901550,FALKS WOODLAND PHARMACY INC,STEVEN PRESTON,DULUTH,MN,55807,2186241222,FALKS WOODLAND PHARMACY INC,2186241222,True,True,"Pharmacy, Community/Retail Pharmacy",11.1,37.3,18.6,63670,9573,1,17,611.5,756866.0
1104800317,FALKS WOODLAND PHARMACY INC,STEVEN PRESTON,DULUTH,MN,55806,2186245755,FALKS WOODLAND PHARMACY INC,2186245755,True,True,"Pharmacy, Community/Retail Pharmacy",11.0,39.6,11.5,44962,9545,1,17,611.5,756866.0
1962571810,LTC PRESCRIPTION PROVIDERS INC,PHILIP HOMMERDING,PROCTOR,MN,55810,2186289368,LTC PRESCRIPTION PROVIDERS INC,2186289368,True,True,"Pharmacy, Community/Retail Pharmacy",10.6,34.9,18.5,81894,8305,1,17,611.5,756866.0
1710649967,"THE DULUTH CLINIC, LTD",KEVIN BOREN,DULUTH,MN,55811,2185760330,"THE DULUTH CLINIC, LTD",2185760330,True,True,"Pharmacy, Community/Retail Pharmacy",10.3,33.1,20.8,77877,27907,1,17,611.5,756866.0
1336255744,"THE DULUTH CLINIC, LTD",KEVIN BOREN,HERMANTOWN,MN,55811,2187863549,"THE DULUTH CLINIC, LTD",2187863549,True,True,"Pharmacy, Community/Retail Pharmacy",10.3,33.1,20.8,77877,27907,1,17,611.5,756866.0
1780668137,FALKS WOODLAND PHARMACY INC,STEVEN PRESTON,DULUTH,MN,55811,2187248825,FALKS WOODLAND PHARMACY INC,2187248825,True,True,"Pharmacy, Community/Retail Pharmacy",10.3,33.1,20.8,77877,27907,1,17,611.5,756866.0
1992787014,FALKS WOODLAND PHARMACY INC,STEVEN PRESTON,DULUTH,MN,55803,2187284242,FALKS WOODLAND PHARMACY INC,2187284242,True,True,"Pharmacy, Community/Retail Pharmacy",10.2,33.4,22.5,104250,17795,1,17,611.5,756866.0
1265627681,FALKS WOODLAND PHARMACY INC,MICHAEL GROTH,DULUTH,MN,55803,2187405600,FALKS WOODLAND PHARMACY INC,2187405600,True,True,"Pharmacy, Community/Retail Pharmacy",10.2,33.4,22.5,104250,17795,1,17,611.5,756866.0
1568485860,ASPIRS ST LUKES,KATHERINE BECKER,DULUTH,MN,55805,2182492460,ASPIRS ST LUKES,2182492460,True,True,"Pharmacy, Community/Retail Pharmacy",9.9,37.7,10.0,43077,10277,1,17,611.5,756866.0
1508525288,"THE DULUTH CLINIC, LTD",KEVIN BOREN,DULUTH,MN,55805,2183375200,"THE DULUTH CLINIC, LTD",2183375200,True,True,"Pharmacy, Community/Retail Pharmacy",9.9,37.7,10.0,43077,10277,1,17,611.5,756866.0
1477668580,"THE DULUTH CLINIC, LTD.",KEVIN BOREN,DULUTH,MN,55805,2187861685,"THE DULUTH CLINIC, LTD.",2187861685,True,True,"Pharmacy, Community/Retail Pharmacy",9.9,37.7,10.0,43077,10277,1,17,611.5,756866.0
1518073923,"THE DULUTH CLINIC, LTD.",KEVIN BOREN,DULUTH,MN,55805,2187863137,"THE DULUTH CLINIC, LTD.",2187863137,True,True,"Pharmacy, Community/Retail Pharmacy",9.9,37.7,10.0,43077,10277,1,17,611.5,756866.0
1790760585,FALKS WOODLAND PHARMACY INC,STEVEN PRESTON,DULUTH,MN,55804,2185251916,FALKS WOODLAND PHARMACY INC,2185251916,True,True,"Pharmacy, Compounding Pharmacy",9.6,32.7,18.3,108231,16018,1,17,611.5,756866.0
1831204940,"THE DULUTH CLINIC, LTD",KEVIN BOREN,DULUTH,MN,55804,2187863784,"THE DULUTH CLINIC, LTD",2187863784,True,True,"Pharmacy, Community/Retail Pharmacy",9.6,32.7,18.3,108231,16018,1,17,611.5,756866.0
1003114539,"THE DULUTH CLINIC, LTD",KEVIN BOREN,DULUTH,MN,55812,2187331110,"THE DULUTH CLINIC, LTD",2187331110,True,True,"Pharmacy, Community/Retail Pharmacy",7.0,33.5,8.8,66961,11016,1,17,611.5,756866.0
1457386245,FIRSTSOLUTIONS,TERRY JACOBSON,DULUTH,MN,55812,2187331110,FIRSTSOLUTIONS,2187331110,True,True,"Pharmacy, Community/Retail Pharmacy",7.0,33.5,8.8,66961,11016,1,17,611.5,756866.0
1063627271,PRESCRIPTION SPECIALTIES,JOSEPH MEESE,DULUTH,MN,55812,2187280738,PRESCRIPTION SPECIALTIES,2187280738,True,True,"Pharmacy, Compounding Pharmacy",7.0,33.5,8.8,66961,11016,1,17,611.5,756866.0
1003861527,ONAMIA PHARMACY LLC,DANA YANG,ONAMIA,MN,56359,3205323633,ONAMIA PHARMACY LLC,3205323633,True,True,"Pharmacy, Community/Retail Pharmacy",15.8,41.8,21.2,57852,3451,1,16,611.5,756866.0
1780761262,TWIN VALLEY PHARMACY,NICOLE KRUGER,TWIN VALLEY,MN,56584,2185845147,TWIN VALLEY PHARMACY,2185845147,True,True,"Pharmacy, Community/Retail Pharmacy",13.4,36.0,22.1,70398,1360,1,16,611.5,756866.0
1366765539,A & S DRUGS LLC,JAY NORBERG,PIPESTONE,MN,56164,5078253100,A & S DRUGS LLC,5078253100,True,True,"Pharmacy, Community/Retail Pharmacy",13.1,39.2,21.0,71550,5573,1,16,611.5,756866.0
1265185524,"LEWIS FAMILY DRUG, LLC",SCOTT CROSS,PIPESTONE,MN,56164,5078254259,"LEWIS FAMILY DRUG, LLC",5078254259,True,True,Pharmacy,13.1,39.2,21.0,71550,5573,1,16,611.5,756866.0
1356352868,L CHARLES SENDELBACH,L SENDELBACH,PIPESTONE,MN,56164,5078253100,L CHARLES SENDELBACH,5078253100,True,True,"Pharmacy, Community/Retail Pharmacy",13.1,39.2,21.0,71550,5573,1,16,611.5,756866.0
1508250820,"SLTN PHARMACY SERVICES, LTD",CHELSEY CARLSON,EDGERTON,MN,56128,5078732075,"SLTN PHARMACY SERVICES, LTD",5078732075,True,True,"Pharmacy, Community/Retail Pharmacy",12.4,36.2,22.8,71806,1948,1,16,611.5,756866.0
1124472394,"SLTN PHARMACY SERVICES, LTD",CHELSEY CARLSON,EDGERTON,MN,56128,5076310080,"SLTN PHARMACY SERVICES, LTD",5076310080,True,True,"Pharmacy, Community/Retail Pharmacy",12.4,36.2,22.8,71806,1948,1,16,611.5,756866.0
1083726087,ROSENAU INC,GARY ROSENAU,ADA,MN,56510,2187844351,ROSENAU INC,2187844351,True,True,"Pharmacy, Community/Retail Pharmacy",12.4,36.0,19.3,73125,2300,1,16,611.5,756866.0
1194873000,ERICKSONS DIVERSIFIED LLC,AMY ELLIS,RED WING,MN,55066,6513883589,ERICKSONS DIVERSIFIED LLC,6513883589,True,True,"Pharmacy, Community/Retail Pharmacy",12.0,37.1,20.3,70529,19125,1,16,611.5,756866.0
1023107646,LEWIS FAMILY DRUG L L C,SCOTT CROSS,LUVERNE,MN,56156,5072839549,LEWIS FAMILY DRUG L L C,5072839549,True,True,"Pharmacy, Community/Retail Pharmacy",11.8,36.2,20.7,75234,6398,1,16,611.5,756866.0
1194142901,"LEWIS FAMILY DRUG, LLC",SCOTT CROSS,LAKEFIELD,MN,56150,5076625817,"LEWIS FAMILY DRUG, LLC",5076625817,True,True,"Pharmacy, Community/Retail Pharmacy",11.6,36.5,25.7,69224,2863,1,16,611.5,756866.0
1346355377,THRONDSET PHARMACY INC,LEANN GRUHLKE,LAKEFIELD,MN,56150,5076625817,THRONDSET PHARMACY INC,5076625817,True,True,"Pharmacy, Community/Retail Pharmacy",11.6,36.5,25.7,69224,2863,1,16,611.5,756866.0
1285050864,"LEWIS FAMILY DRUG, LLC",SCOTT CROSS,JACKSON,MN,56143,5078473282,"LEWIS FAMILY DRUG, LLC",5078473282,True,True,"Pharmacy, Community/Retail Pharmacy",11.2,35.8,22.1,64865,4529,1,16,611.5,756866.0
1053456889,JACKSON DRUG CO,LANCE EDLIN,JACKSON,MN,56143,5078473161,JACKSON DRUG CO,5078473161,True,True,"Pharmacy, Community/Retail Pharmacy",11.2,35.8,22.1,64865,4529,1,16,611.5,756866.0
1275607798,THRONDSET DRUG COMPANY,LEANN GRUHLKE,JACKSON,MN,56143,5078473282,THRONDSET DRUG COMPANY,5078473282,True,True,"Pharmacy, Community/Retail Pharmacy",11.2,35.8,22.1,64865,4529,1,16,611.5,756866.0
1346757457,TWIN VALLEY PHARMACY LLC,NICOLE KRUGER,ULEN,MN,56585,2185845147,TWIN VALLEY PHARMACY LLC,2185845147,True,True,"Pharmacy, Community/Retail Pharmacy",10.9,33.0,27.9,65972,1067,1,16,611.5,756866.0
1811287808,"NASH-FINCH, LLC",AMY ELLIS,CANNON FALLS,MN,55009,5072632881,"NASH-FINCH, LLC",5072632881,True,True,"Pharmacy, Community/Retail Pharmacy",10.4,35.5,20.3,89023,8258,1,16,611.5,756866.0
1881626869,FAIRVIEW PHARMACY SERVICES LLC,SAMEER BADLANI,PRINCETON,MN,55371,7633896622,FAIRVIEW PHARMACY SERVICES LLC,7633896622,True,True,"Pharmacy, Community/Retail Pharmacy",10.2,37.2,16.7,89674,17376,1,16,611.5,756866.0
1366533796,HOBERT DRUGS INC,ROBERT SIRCHIA,PRINCETON,MN,55371,7633891411,HOBERT DRUGS INC,7633891411,True,True,"Pharmacy, Community/Retail Pharmacy",10.2,37.2,16.7,89674,17376,1,16,611.5,756866.0
1003869272,PAMIDA STORES OPERATING CO LLC,JOHN HARLOW,PRINCETON,MN,55371,7633893111,PAMIDA STORES OPERATING CO LLC,7633893111,True,True,"Pharmacy, Community/Retail Pharmacy",10.2,37.2,16.7,89674,17376,1,16,611.5,756866.0
1689095952,NUDAK VENTURES LLC,LORI WILLIS,HAWLEY,MN,56549,2184864663,NUDAK VENTURES LLC,2184864663,True,True,"Pharmacy, Community/Retail Pharmacy",10.1,33.0,18.4,100326,4656,1,16,611.5,756866.0
1861598047,WAHL DRUG INC,SARAH KIEFFER,HAWLEY,MN,56549,2184833324,WAHL DRUG INC,2184833324,True,True,"Pharmacy, Community/Retail Pharmacy",10.1,33.0,18.4,100326,4656,1,16,611.5,756866.0
1275774606,MCBE COMPANY,WADE HANSON,ZUMBROTA,MN,55992,5077327309,MCBE COMPANY,5077327309,True,True,"Pharmacy, Community/Retail Pharmacy",9.8,35.1,20.5,103144,5547,1,16,611.5,756866.0
1649286238,"LOLED ACOUSTIC TOURS, INC.",MICHAEL BRENGMAN,ZUMBROTA,MN,55992,5077325311,"LOLED ACOUSTIC TOURS, INC.",5077325311,True,True,"Pharmacy, Community/Retail Pharmacy",9.8,35.1,20.5,103144,5547,1,16,611.5,756866.0
1730147992,BARNESVILLE DRUG & HARDWARE INC,MICHELLE HOPPE,BARNESVILLE,MN,56514,2183542131,BARNESVILLE DRUG & HARDWARE INC,2183542131,True,True,Pharmacy,9.4,32.4,14.4,88690,4055,1,16,611.5,756866.0
1760675755,SEIP DRUG LLC,NATHAN SEIP,MOORHEAD,MN,56560,2182331529,SEIP DRUG LLC,2182331529,True,True,"Pharmacy, Community/Retail Pharmacy",9.4,33.6,13.3,71114,44156,1,16,611.5,756866.0
1215063409,MEDICAL PHARMACY MOORHEAD INC,SHEILA NUDELL,MOORHEAD,MN,56560,2182337365,MEDICAL PHARMACY MOORHEAD INC,2182337365,True,True,"Pharmacy, Community/Retail Pharmacy",9.4,33.6,13.3,71114,44156,1,16,611.5,756866.0
1457747164,MEDICAL PHARMACY MOORHEAD INC,SHEILA NUDELL,MOORHEAD,MN,56560,2183594007,MEDICAL PHARMACY MOORHEAD INC,2183594007,True,True,"Pharmacy, Community/Retail Pharmacy",9.4,33.6,13.3,71114,44156,1,16,611.5,756866.0
1548231459,HAGEL-BOYD PHARMACY INC,MARY BOYD,MOORHEAD,MN,56560,2182367400,HAGEL-BOYD PHARMACY INC,2182367400,True,True,"Pharmacy, Community/Retail Pharmacy",9.4,33.6,13.3,71114,44156,1,16,611.5,756866.0
1144246430,USDRUGS COM INC,LYNN GRANI,MOORHEAD,MN,56560,2182845559,USDRUGS COM INC,2182845559,True,True,"Pharmacy, Community/Retail Pharmacy",9.4,33.6,13.3,71114,44156,1,16,611.5,756866.0
1841949237,OMC RETAIL SERVICES LLC,CHRISTOPHER DORNACK,PINE ISLAND,MN,55963,5073562476,OMC RETAIL SERVICES LLC,5073562476,True,True,"Pharmacy, Community/Retail Pharmacy",8.9,34.8,16.8,109464,5473,1,16,611.5,756866.0
1871645879,MCBE COMPANY,WADE HANSON,PINE ISLAND,MN,55963,5073568343,MCBE COMPANY,5073568343,True,True,"Pharmacy, Community/Retail Pharmacy",8.9,34.8,16.8,109464,5473,1,16,611.5,756866.0
1073611075,JUDEAN INC,DEAN LICHTY,WESTBROOK,MN,56183,5072746114,JUDEAN INC,5072746114,True,True,"Pharmacy, Community/Retail Pharmacy",14.8,39.2,26.9,49779,1300,1,15,611.5,756866.0
1871065425,SEIP DRUG LLC,NATHAN SEIP,CLARISSA,MN,56440,2187562242,SEIP DRUG LLC,2187562242,True,True,"Pharmacy, Community/Retail Pharmacy",14.4,39.8,25.0,53250,1469,1,15,611.5,756866.0
1255747812,LEWIS FAMILY DRUG LLC,SCOTT CROSS,APPLETON,MN,56208,3202891252,LEWIS FAMILY DRUG LLC,3202891252,True,True,"Pharmacy, Community/Retail Pharmacy",14.1,39.5,30.3,56196,2097,1,15,611.5,756866.0
1265453237,CARLSON DRUG INC,MICHAEL CARLSON,ORTONVILLE,MN,56278,3208396102,CARLSON DRUG INC,3208396102,True,True,"Pharmacy, Community/Retail Pharmacy",13.5,37.6,30.2,60192,2685,1,15,611.5,756866.0
1346656998,LEWIS FAMILY DRUG LLC,SCOTT CROSS,ORTONVILLE,MN,56278,3208393825,LEWIS FAMILY DRUG LLC,3208393825,True,True,Pharmacy,13.5,37.6,30.2,60192,2685,1,15,611.5,756866.0
1396266003,LC EDELBACH COMPANY LLC,LORI PASSE,WABASHA,MN,55981,6515604355,LC EDELBACH COMPANY LLC,6515604355,True,True,"Pharmacy, Community/Retail Pharmacy",13.1,37.1,33.5,69195,3863,1,15,611.5,756866.0
1265575302,WODELE ENTERPRISES INCORPORATED,TIMOTHY WODELE,WABASHA,MN,55981,6515653949,WODELE ENTERPRISES INCORPORATED,6515653949,True,True,"Pharmacy, Community/Retail Pharmacy",13.1,37.1,33.5,69195,3863,1,15,611.5,756866.0
1497298954,DOZAK DRUG LLC,JOSHUA DOZAK,WHEATON,MN,56296,3205634151,DOZAK DRUG LLC,3205634151,True,True,"Pharmacy, Community/Retail Pharmacy",13.1,38.3,28.9,57051,1861,1,15,611.5,756866.0
1710099718,WHEATON DRUG COMAPNY,JOHN NERENZ,WHEATON,MN,56296,3205634151,WHEATON DRUG COMAPNY,3205634151,True,True,"Pharmacy, Community/Retail Pharmacy",13.1,38.3,28.9,57051,1861,1,15,611.5,756866.0
1700507522,MS4 PLLC,LANELL HAGEN,BENSON,MN,56215,7016396969,MS4 PLLC,7016396969,True,True,"Pharmacy, Community/Retail Pharmacy",13.0,38.2,22.4,58198,4701,1,15,611.5,756866.0
1710998224,BAMA INC,BARRY JUNGWIRTH,BENSON,MN,56215,3208423221,BAMA INC,3208423221,True,True,"Pharmacy, Community/Retail Pharmacy",13.0,38.2,22.4,58198,4701,1,15,611.5,756866.0
1225121668,BREENS PHARMACY INC,VYKE BREEN,BENSON,MN,56215,3208424221,BREENS PHARMACY INC,3208424221,True,True,"Pharmacy, Community/Retail Pharmacy",13.0,38.2,22.4,58198,4701,1,15,611.5,756866.0
1548708175,"LEWIS FAMILY DRUG, LLC",SCOTT CROSS,TRACY,MN,56175,5076293801,"LEWIS FAMILY DRUG, LLC",5076293801,True,True,"Pharmacy, Community/Retail Pharmacy",12.9,37.9,23.5,66506,2791,1,15,611.5,756866.0
1861679771,"JOHN'S RX DRUG, INC",MARIA SCHLEPPENBACH-GROGAN,TRACY,MN,56175,5076293801,"JOHN'S RX DRUG, INC",5076293801,True,True,"Pharmacy, Community/Retail Pharmacy",12.9,37.9,23.5,66506,2791,1,15,611.5,756866.0
1457488769,"JOHN'S RX DRUG, INC.",MARIA GROGAN,TRACY,MN,56175,5076293801,"JOHN'S RX DRUG, INC.",5076293801,True,True,"Pharmacy, Community/Retail Pharmacy",12.9,37.9,23.5,66506,2791,1,15,611.5,756866.0
1689655243,MOUNTAIN LAKE PHARMACY LLC,LORI WILLIS,MOUNTAIN LAKE,MN,56159,5074272707,MOUNTAIN LAKE PHARMACY LLC,5074272707,True,True,"Pharmacy, Community/Retail Pharmacy",12.9,38.4,20.6,65089,2520,1,15,611.5,756866.0
1003222654,LEWIS FAMILY DRUG LLC,SCOTT CROSS,GRACEVILLE,MN,56240,3207487112,LEWIS FAMILY DRUG LLC,3207487112,True,True,"Pharmacy, Community/Retail Pharmacy",12.8,37.8,28.7,66250,807,1,15,611.5,756866.0
1821092867,LIEBE DRUG INC,VALERIE TRITZ,GRACEVILLE,MN,56240,3207487112,LIEBE DRUG INC,3207487112,True,True,"Pharmacy, Community/Retail Pharmacy",12.8,37.8,28.7,66250,807,1,15,611.5,756866.0
1063571446,LONGBELLA DRUG INC,LANI LONGBELLA ROBERTS,STAPLES,MN,56479,2188948761,LONGBELLA DRUG INC,2188948761,True,True,"Pharmacy, Community/Retail Pharmacy",12.8,39.2,24.3,58009,5018,1,15,611.5,756866.0
1245346659,"THE DULUTH CLINIC, LTD",KEVIN BOREN,INTERNATIONAL FALLS,MN,56649,2182856222,"THE DULUTH CLINIC, LTD",2182856222,True,True,"Pharmacy, Community/Retail Pharmacy",12.7,37.3,25.8,70348,8895,1,15,611.5,756866.0
1366554362,INTERNATIONAL DRUG INC,COLLEEN HANOVER,INTERNATIONAL FALLS,MN,56649,2182833425,INTERNATIONAL DRUG INC,2182833425,True,True,"Pharmacy, Community/Retail Pharmacy",12.7,37.3,25.8,70348,8895,1,15,611.5,756866.0
1326232141,UNITY FAMILY HEALTHCARE,STEVEN SMITH,LITTLE FALLS,MN,56345,3206315701,UNITY FAMILY HEALTHCARE,3206315701,True,True,"Pharmacy, Community/Retail Pharmacy",12.5,37.5,22.9,57399,15105,1,15,611.5,756866.0
1891833885,MOSHIER PHARMACY INC,RAY MOSHIER,LITTLE FALLS,MN,56345,3206322397,MOSHIER PHARMACY INC,3206322397,True,True,"Pharmacy, Community/Retail Pharmacy",12.5,37.5,22.9,57399,15105,1,15,611.5,756866.0
1750471751,"LEWIS FAMILY DRUG, LLC",SCOTT CROSS,WINDOM,MN,56101,5078314161,"LEWIS FAMILY DRUG, LLC",5078314161,True,True,"Pharmacy, Community/Retail Pharmacy",12.5,39.4,22.5,71354,6081,1,15,611.5,756866.0
1184786782,ANDERSON PHARMACY,HAROLD ANDERSON,HALLOCK,MN,56728,2188432205,ANDERSON PHARMACY,2188432205,True,True,"Pharmacy, Community/Retail Pharmacy",12.4,33.2,29.9,70750,1149,1,15,611.5,756866.0
1366763039,PHARM PROPERTIES LLC,KRISTIE GIESLER,LONG PRAIRIE,MN,56347,3207323228,PHARM PROPERTIES LLC,3207323228,True,True,"Pharmacy, Community/Retail Pharmacy",12.3,39.5,19.5,65650,8067,1,15,611.5,756866.0
1750453544,ROBERT WASHBURN AND EVA WASHBURN,ROBERT WASHBURN,LONG PRAIRIE,MN,56347,3207323228,ROBERT WASHBURN AND EVA WASHBURN,3207323228,True,True,"Pharmacy, Community/Retail Pharmacy",12.3,39.5,19.5,65650,8067,1,15,611.5,756866.0
1871503722,SEIP DRUG LLC,NATHAN SEIP,BERTHA,MN,56437,2189242124,SEIP DRUG LLC,2189242124,True,True,"Pharmacy, Community/Retail Pharmacy",11.7,39.0,14.0,59313,1409,1,15,611.5,756866.0
1427101112,"ASTRUP DRUG, INC",DAN ASTRUP,LAKE CITY,MN,55041,6513453411,"ASTRUP DRUG, INC",6513453411,True,True,"Pharmacy, Community/Retail Pharmacy",11.6,36.3,26.9,83673,7532,1,15,611.5,756866.0
1093883605,MINNESOTA DRUG ACQUISITION CO LLC,DEBORAH KEAVENY,PIERZ,MN,56364,3204686482,MINNESOTA DRUG ACQUISITION CO LLC,3204686482,True,True,"Pharmacy, Community/Retail Pharmacy",11.5,37.1,17.9,77440,5797,1,15,611.5,756866.0
1881791713,MELROSE PHARMACY INC,JEFFREY SAWYER,MELROSE,MN,56352,3202567292,MELROSE PHARMACY INC,3202567292,True,True,"Pharmacy, Community/Retail Pharmacy",11.4,36.8,19.5,71356,5955,1,15,611.5,756866.0
1639251424,NUDAK VENTURES LLC,LORI ANN WILLIS,PAYNESVILLE,MN,56362,3202433781,NUDAK VENTURES LLC,3202433781,True,True,"Pharmacy, Community/Retail Pharmacy",11.0,35.5,24.7,81536,5560,1,15,611.5,756866.0
1386600641,CENTRACARE PHARMACY SERVICES LLC,KEITH KARSKY,SAINT CLOUD,MN,56303,3202403160,CENTRACARE PHARMACY SERVICES LLC,3202403160,True,True,"Pharmacy, Community/Retail Pharmacy",10.8,37.3,18.7,66789,26031,1,15,611.5,756866.0
1497159867,AFYA PHARMACY LLC,EDRIS KOSAR,ST CLOUD,MN,56303,2675751293,AFYA PHARMACY LLC,2675751293,True,True,"Pharmacy, Community/Retail Pharmacy",10.8,37.3,18.7,66789,26031,1,15,611.5,756866.0
1801037353,MCBE COMPANY,WADE HANSON,PLAINVIEW,MN,55964,5075343815,MCBE COMPANY,5075343815,True,True,"Pharmacy, Community/Retail Pharmacy",10.7,39.0,19.3,72765,4453,1,15,611.5,756866.0
1124579123,THEMARSHRX,SANDRA WIDHALM MURPHY,MARSHALL,MN,56258,5074018482,THEMARSHRX,5074018482,True,True,"Pharmacy, Community/Retail Pharmacy",10.6,37.8,15.9,70640,15843,1,15,611.5,756866.0
1083384416,SEIP DRUG LLC,NATHAN SEIP,MORRIS,MN,56267,3205851212,SEIP DRUG LLC,3205851212,True,True,"Pharmacy, Community/Retail Pharmacy",9.7,36.8,15.7,70000,6766,1,15,611.5,756866.0
1669561163,SOUTHSIDE PHARMACY LTD,DOUG WUNDERLICH,SAINT CLOUD,MN,56301,3202590000,SOUTHSIDE PHARMACY LTD,3202590000,True,True,"Pharmacy, Community/Retail Pharmacy",9.7,37.7,10.9,69725,34883,1,15,611.5,756866.0
1407121841,SOUTHSIDE PHARMACY LTD,DOUGLAS WUNDERLICH,SAINT CLOUD,MN,56301,3202590000,SOUTHSIDE PHARMACY LTD,3202590000,True,True,"Pharmacy, Community/Retail Pharmacy",9.7,37.7,10.9,69725,34883,1,15,611.5,756866.0
1528112976,COMMUNITY CARE PHARMACY PA,GERALD WENSMENN,SAINT JOSEPH,MN,56374,3202711135,COMMUNITY CARE PHARMACY PA,3202711135,True,True,"Pharmacy, Community/Retail Pharmacy",9.4,35.6,13.4,78415,10020,1,15,611.5,756866.0
1487797346,"ALBANY APOTHECARY, INC",WILLIAM SEILER,ALBANY,MN,56307,3208454220,"ALBANY APOTHECARY, INC",3208454220,True,True,"Pharmacy, Community/Retail Pharmacy",9.3,35.6,17.5,89563,5227,1,15,611.5,756866.0
1871767939,COUNTRY MANOR CAMPUS LLC,KEVIN HARGUTH,SARTELL,MN,56377,3202550801,COUNTRY MANOR CAMPUS LLC,3202550801,True,True,"Pharmacy, Community/Retail Pharmacy",8.5,34.7,13.8,82583,21008,1,15,611.5,756866.0
1265450670,THE FOUNDATION FOR HEALTH CARE CONTINUUMS,BRIAN KELM,SARTELL,MN,56377,3202550801,THE FOUNDATION FOR HEALTH CARE CONTINUUMS,3202550801,True,True,"Pharmacy, Community/Retail Pharmacy",8.5,34.7,13.8,82583,21008,1,15,611.5,756866.0
1427160894,AITKIN PHARMACY SERVICES LLC,MATTHEW HUTERA,MCGREGOR,MN,55760,2187684165,AITKIN PHARMACY SERVICES LLC,2187684165,True,True,"Pharmacy, Community/Retail Pharmacy",15.0,33.7,35.5,60341,2831,1,14,611.5,756866.0
1548608714,THRIFTY WHITE OF MCGREGOR,MATTHEW DANIELSON,MCGREGOR,MN,55760,2187682794,THRIFTY WHITE OF MCGREGOR,2187682794,True,True,"Pharmacy, Community/Retail Pharmacy",15.0,33.7,35.5,60341,2831,1,14,611.5,756866.0
1093370694,MINNESOTA AVE N PHARMACY SERVICES LIMITED,MATTHEW DOUCETTE,AITKIN,MN,56431,2186707120,MINNESOTA AVE N PHARMACY SERVICES LIMITED,2186707120,True,True,"Pharmacy, Community/Retail Pharmacy",15.0,33.3,35.4,64846,9142,1,14,611.5,756866.0
1134231590,"AITKIN PHARMACY SERVICES, LLC",MATTHEW HUTERA,AITKIN,MN,56431,2189273754,"AITKIN PHARMACY SERVICES, LLC",2189273754,True,True,Pharmacy,15.0,33.3,35.4,64846,9142,1,14,611.5,756866.0
1518205186,SLTN PHARMACY SERVICES LTD,CHELSEY CARLSON,FULDA,MN,56131,5074253166,SLTN PHARMACY SERVICES LTD,5074253166,True,True,"Pharmacy, Community/Retail Pharmacy",13.1,36.6,24.5,72443,2216,1,14,611.5,756866.0
1689028854,"SLTN PHARMACY SERVICES, LTD",CHELSEY CARLSON,FULDA,MN,56131,5074253166,"SLTN PHARMACY SERVICES, LTD",5074253166,True,True,"Pharmacy, Community/Retail Pharmacy",13.1,36.6,24.5,72443,2216,1,14,611.5,756866.0
1740385178,ASTRUP DRUG INC,DAVID BROOKS,WORTHINGTON,MN,56187,5073727533,ASTRUP DRUG INC,5073727533,True,True,"Pharmacy, Community/Retail Pharmacy",12.9,38.7,16.4,63637,15225,1,14,611.5,756866.0
1447364815,WTGN PHARMACY SERVICES LTD,JASON TURNER,WORTHINGTON,MN,56187,5073727371,WTGN PHARMACY SERVICES LTD,5073727371,True,True,"Pharmacy, Community/Retail Pharmacy",12.9,38.7,16.4,63637,15225,1,14,611.5,756866.0
1922132463,KEAVENY KORNER DRUG INC,DEBORAH KEAVENY,CLARA CITY,MN,56222,3208473784,KEAVENY KORNER DRUG INC,3208473784,True,True,"Pharmacy, Community/Retail Pharmacy",12.8,39.9,16.7,61389,2012,1,14,611.5,756866.0
1104965151,ARNESON PHARMACY INC,DAVID ARNESON,MONTEVIDEO,MN,56265,3202696412,ARNESON PHARMACY INC,3202696412,True,True,"Pharmacy, Community/Retail Pharmacy",12.7,40.3,23.0,72564,7433,1,14,611.5,756866.0
1497368633,"SAWTOOTH MOUNTAIN CLINIC, INC.",SUE NORDMAN,GRAND MARAIS,MN,55604,2183872330,"SAWTOOTH MOUNTAIN CLINIC, INC.",2183872330,True,True,"Pharmacy, Community/Retail Pharmacy",12.6,34.8,32.3,71458,3613,1,14,611.5,756866.0
1205290483,"ARROWHEAD PHARMACY SERVICES, LTD",MICHAEL SCHWARTZWALD,GRAND MARAIS,MN,55604,2183871133,"ARROWHEAD PHARMACY SERVICES, LTD",2183871133,True,True,"Pharmacy, Community/Retail Pharmacy",12.6,34.8,32.3,71458,3613,1,14,611.5,756866.0
1528121308,NORTH SHORE PHARMACY LTD,COREY MALSTROM,GRAND MARAIS,MN,55604,2183871133,NORTH SHORE PHARMACY LTD,2183871133,True,True,Pharmacy,12.6,34.8,32.3,71458,3613,1,14,611.5,756866.0
1063506475,"ASTRUP DRUG, INC",TINA MILLER,AUSTIN,MN,55912,5074337123,"ASTRUP DRUG, INC",5074337123,True,True,"Pharmacy, Community/Retail Pharmacy",12.4,38.6,18.0,68205,29438,1,14,611.5,756866.0
1811932346,ASTRUP DRUG INC,DAVID BROOKS,AUSTIN,MN,55912,5074334586,ASTRUP DRUG INC,5074334586,True,True,"Pharmacy, Community/Retail Pharmacy",12.4,38.6,18.0,68205,29438,1,14,611.5,756866.0
1770937948,"SLTN PHARMACY SERVICES, LTD",CHELSEY CARLSON,SLAYTON,MN,56172,5078732075,"SLTN PHARMACY SERVICES, LTD",5078732075,True,True,"Pharmacy, Community/Retail Pharmacy",12.3,36.5,26.6,79583,2954,1,14,611.5,756866.0
1245677590,"SLTN PHARMACY SERVICES, LTD.",CHELSEY CARLSON,SLAYTON,MN,56172,5078732075,"SLTN PHARMACY SERVICES, LTD.",5078732075,True,True,"Pharmacy, Community/Retail Pharmacy",12.3,36.5,26.6,79583,2954,1,14,611.5,756866.0
1740394733,SLAYTON DRUG,LARRY HAFNER,SLAYTON,MN,56172,5078366702,SLAYTON DRUG,5078366702,True,True,"Pharmacy, Community/Retail Pharmacy",12.3,36.5,26.6,79583,2954,1,14,611.5,756866.0
1265443774,PHILLIP A QUALEY,PHIL QUALEY,ADAMS,MN,55909,5075823380,PHILLIP A QUALEY,5075823380,True,True,"Pharmacy, Community/Retail Pharmacy",11.7,36.3,18.7,93750,1393,1,14,611.5,756866.0
1205060548,ASTRUP DRUG INC,DAVID BROOKS,ADRIAN,MN,56110,5074832332,ASTRUP DRUG INC,5074832332,True,True,"Pharmacy, Community/Retail Pharmacy",11.2,36.6,18.4,77625,1714,1,14,611.5,756866.0
1235486424,GARRISON DRUG,EDWARD HUPPLER,GARRISON,MN,56450,3206925858,GARRISON DRUG,3206925858,True,True,"Pharmacy, Community/Retail Pharmacy",16.5,39.7,32.8,59076,969,1,13,611.5,756866.0
1982952644,GARRISON DRUG,EDWARD HUPPLER,GARRISON,MN,56450,3206925858,GARRISON DRUG,3206925858,True,True,"Pharmacy, Community/Retail Pharmacy",16.5,39.7,32.8,59076,969,1,13,611.5,756866.0
1184770075,KAPPES PHARMACEUTICAL LLC,STEVEN KAPPES,CROSSLAKE,MN,56442,2186922502,KAPPES PHARMACEUTICAL LLC,2186922502,True,True,"Pharmacy, Community/Retail Pharmacy",13.8,36.2,39.8,85179,2895,1,13,611.5,756866.0
1831203827,CLAIR J EINEN,NANCY HARNACK,LAMBERTON,MN,56152,5077527826,CLAIR J EINEN,5077527826,True,True,Pharmacy,13.6,36.9,21.1,73542,1381,1,13,611.5,756866.0
1982718367,RWF PHARMACY SERVICES LTD,MIKE SCHWARTZWALD,REDWOOD FALLS,MN,56283,5076373549,RWF PHARMACY SERVICES LTD,5076373549,True,True,"Pharmacy, Community/Retail Pharmacy",13.2,37.5,24.0,66548,6469,1,13,611.5,756866.0
1356484513,SWARD-KEMP DRUG CO INC,JOHN NELSON,REDWOOD FALLS,MN,56283,5076372911,SWARD-KEMP DRUG CO INC,5076372911,True,True,"Pharmacy, Community/Retail Pharmacy",13.2,37.5,24.0,66548,6469,1,13,611.5,756866.0
1922146836,MERTENS DRUG INC,MICHAEL MERTENS,WADENA,MN,56482,2186312402,MERTENS DRUG INC,2186312402,True,True,"Pharmacy, Community/Retail Pharmacy",13.2,38.3,18.4,56356,7494,1,13,611.5,756866.0
1093923914,SEIP DRUG LLC,NATHAN SEIP,WADENA,MN,56482,2186325440,SEIP DRUG LLC,2186325440,True,True,"Pharmacy, Community/Retail Pharmacy",13.2,38.3,18.4,56356,7494,1,13,611.5,756866.0
1164476396,PAMIDA STORES OPERATING CO LLC,JOHN HARLOW,WADENA,MN,56482,2186311546,PAMIDA STORES OPERATING CO LLC,2186311546,True,True,"Pharmacy, Community/Retail Pharmacy",13.2,38.3,18.4,56356,7494,1,13,611.5,756866.0
1770594558,SCHWARTZWALD DRUG INC.,DAVID PETERS,WADENA,MN,56482,2186314050,SCHWARTZWALD DRUG INC.,2186314050,True,True,"Pharmacy, Community/Retail Pharmacy",13.2,38.3,18.4,56356,7494,1,13,611.5,756866.0
1750003653,CUYUNA LAKES PHARMACY LLC,AMY HART,CROSBY,MN,56441,2185455360,CUYUNA LAKES PHARMACY LLC,2185455360,True,True,"Pharmacy, Community/Retail Pharmacy",13.0,37.8,32.1,50705,3328,1,13,611.5,756866.0
1891159018,"CI PHARMACY SERVICES, LTD",MICHAEL SCHWARTZWALD,CROSBY,MN,56441,2185465144,"CI PHARMACY SERVICES, LTD",2185465144,True,True,"Pharmacy, Community/Retail Pharmacy",13.0,37.8,32.1,50705,3328,1,13,611.5,756866.0
1083635270,CI PHARMACY SERVICES LTD,MIKE SCHWARTZWALD,CROSBY,MN,56441,2185465144,CI PHARMACY SERVICES LTD,2185465144,True,True,"Pharmacy, Community/Retail Pharmacy",13.0,37.8,32.1,50705,3328,1,13,611.5,756866.0
1609108141,SEIP DRUG LLC,NATHAN SEIP,MENAHGA,MN,56464,2185644655,SEIP DRUG LLC,2185644655,True,True,"Pharmacy, Community/Retail Pharmacy",13.0,37.5,19.9,70505,5091,1,13,611.5,756866.0
1518972165,GRANITE DRUG INC,DONALD SAUCKE,GRANITE FALLS,MN,56241,3205643332,GRANITE DRUG INC,3205643332,True,True,"Pharmacy, Community/Retail Pharmacy",12.8,39.3,22.8,66354,3829,1,13,611.5,756866.0
1447255385,SMN INC,STUART NOBLE,BAUDETTE,MN,56623,2186341236,SMN INC,2186341236,True,True,"Pharmacy, Community/Retail Pharmacy",12.7,36.2,30.6,74000,2684,1,13,611.5,756866.0
1457411282,"TRUMM DRUG, INC.",CAITLYN PEDERSON,GLENWOOD,MN,56334,3207633111,"TRUMM DRUG, INC.",3207633111,True,True,"Pharmacy, Community/Retail Pharmacy",12.7,39.4,25.8,67264,5791,1,13,611.5,756866.0
1588606016,CANBY DRUG & GIFTS INC,MARK WHITTIER,CANBY,MN,56220,5072235955,CANBY DRUG & GIFTS INC,5072235955,True,True,"Pharmacy, Community/Retail Pharmacy",12.7,38.5,23.2,60185,2705,1,13,611.5,756866.0
1467510586,PELICAN DRUG INC,DONALD PERRIN,PELICAN RAPIDS,MN,56572,2188631441,PELICAN DRUG INC,2188631441,True,True,"Pharmacy, Community/Retail Pharmacy",12.6,35.0,25.9,83631,5900,1,13,611.5,756866.0
1700895760,MINNESOTA DRUG ACQUISITION CO LLC,DEBORAH KEAVENY,WINTHROP,MN,55396,5076475351,MINNESOTA DRUG ACQUISITION CO LLC,5076475351,True,True,"Pharmacy, Community/Retail Pharmacy",12.5,39.3,24.7,72232,2162,1,13,611.5,756866.0
1659446912,FIRST CHOICE PHARMACY INC,JILL REINHARDT,GAYLORD,MN,55334,5072372933,FIRST CHOICE PHARMACY INC,5072372933,True,True,"Pharmacy, Community/Retail Pharmacy",12.3,39.0,16.8,70150,2777,1,13,611.5,756866.0
1134277403,ERICKSONS DIVERSIFIED LLC,AMY ELLIS,LITCHFIELD,MN,55355,3206933261,ERICKSONS DIVERSIFIED LLC,3206933261,True,True,"Pharmacy, Community/Retail Pharmacy",12.2,37.4,22.9,70878,9629,1,13,611.5,756866.0
1487608600,PAMIDA STORES OPERATING CO LLC,JOHN HARLOW,LITCHFIELD,MN,55355,3206937034,PAMIDA STORES OPERATING CO LLC,3206937034,True,True,"Pharmacy, Community/Retail Pharmacy",12.2,37.4,22.9,70878,9629,1,13,611.5,756866.0
1477667467,DAS PHARMACEUTICAL SERVICES INC,DONALD SAMUELSON,STARBUCK,MN,56381,3202392246,DAS PHARMACEUTICAL SERVICES INC,3202392246,True,True,"Pharmacy, Community/Retail Pharmacy",12.1,39.1,26.7,78348,2371,1,13,611.5,756866.0
1679515100,TRUMM DRUG INC,AARON FINELY,PARKERS PRAIRIE,MN,56361,2183382661,TRUMM DRUG INC,2183382661,True,True,"Pharmacy, Community/Retail Pharmacy",12.1,35.1,25.0,69896,2590,1,13,611.5,756866.0
1033573258,"NIS PHARMACY SERVICES, LTD",MICHAEL SCHWARTZWALD,NISSWA,MN,56468,2189637525,"NIS PHARMACY SERVICES, LTD",2189637525,True,True,"Pharmacy, Community/Retail Pharmacy",12.0,35.3,27.3,103698,4367,1,13,611.5,756866.0
1063698207,NIS PHARMACY SERVICES LTD,MIKE SCHWARTZWALD,NISSWA,MN,56468,2189637525,NIS PHARMACY SERVICES LTD,2189637525,True,True,"Pharmacy, Community/Retail Pharmacy",12.0,35.3,27.3,103698,4367,1,13,611.5,756866.0
1497827992,LARSON DRUG,ELIZABETH LARSON,CLARKFIELD,MN,56223,3206694621,LARSON DRUG,3206694621,True,True,"Pharmacy, Community/Retail Pharmacy",11.9,38.0,22.9,65250,1403,1,13,611.5,756866.0
1871682476,WHITE DRUG ENTERPRISES INC,ANNE FROISTAD,PERHAM,MN,56573,2183464840,WHITE DRUG ENTERPRISES INC,2183464840,True,True,"Pharmacy, Community/Retail Pharmacy",11.8,35.1,22.2,68080,6868,1,13,611.5,756866.0
1558473546,EAST OTTERTAIL PHARMACY,DUANE WALLACE,PERHAM,MN,56573,2183471570,EAST OTTERTAIL PHARMACY,2183471570,True,True,"Pharmacy, Community/Retail Pharmacy",11.8,35.1,22.2,68080,6868,1,13,611.5,756866.0
1780729848,PETERSON PHARMACY INCORPORATED,MYRON SYLVESTER,DASSEL,MN,55325,3202753052,PETERSON PHARMACY INCORPORATED,3202753052,True,True,"Pharmacy, Community/Retail Pharmacy",11.8,36.6,20.7,89122,4682,1,13,611.5,756866.0
1306536651,FERGUS APOTHECARY INC,JAY OLSON,FERGUS FALLS,MN,56537,2189981940,FERGUS APOTHECARY INC,2189981940,True,True,"Pharmacy, Community/Retail Pharmacy",11.7,34.4,22.2,62279,19650,1,13,611.5,756866.0
1689002933,DAWSON DRUG PLLC,EVERT OLESEN,DAWSON,MN,56232,3207692229,DAWSON DRUG PLLC,3207692229,True,True,"Pharmacy, Community/Retail Pharmacy",11.6,33.8,24.2,77132,2365,1,13,611.5,756866.0
1730202813,NELSON REXALL DRUG CO,GREGORY NELSON,DAWSON,MN,56232,3207692546,NELSON REXALL DRUG CO,3207692546,True,True,"Pharmacy, Community/Retail Pharmacy",11.6,33.8,24.2,77132,2365,1,13,611.5,756866.0
1467497669,MORREIM PHARMACY,LESLIE MORREIM,ARLINGTON,MN,55307,5079645228,MORREIM PHARMACY,5079645228,True,True,"Pharmacy, Community/Retail Pharmacy",11.3,38.6,18.8,72059,3236,1,13,611.5,756866.0
1033135611,"SERVICE DRUG OF BRAINERD, INC",TRECIA WIEWEL,BRAINERD,MN,56401,2188293664,"SERVICE DRUG OF BRAINERD, INC",2188293664,True,True,"Pharmacy, Community/Retail Pharmacy",11.0,38.1,19.6,70269,31749,1,13,611.5,756866.0
1407960875,BLACK FOREST PHARMACY SERVICES LTD,MIKE SCHWARTZWALD,BRAINERD,MN,56401,2188290347,BLACK FOREST PHARMACY SERVICES LTD,2188290347,True,True,"Pharmacy, Community/Retail Pharmacy",11.0,38.1,19.6,70269,31749,1,13,611.5,756866.0
1952755126,"BLACK FOREST PHARMACY SERVICES, LTD",MICHAEL SCHWARTZWALD,BRAINERD,MN,56401,2188290347,"BLACK FOREST PHARMACY SERVICES, LTD",2188290347,True,True,"Pharmacy, Community/Retail Pharmacy",11.0,38.1,19.6,70269,31749,1,13,611.5,756866.0
1104068014,SEIP DRUG LLC,NATHAN SEIP,PARK RAPIDS,MN,56470,2182375848,SEIP DRUG LLC,2182375848,True,True,"Pharmacy, Community/Retail Pharmacy",13.2,35.6,28.3,68351,10859,1,12,611.5,756866.0
1518007988,MICHAEL L VETTEL,MICHAEL VETTEL,PARK RAPIDS,MN,56470,2187323351,MICHAEL L VETTEL,2187323351,True,True,"Pharmacy, Community/Retail Pharmacy",13.2,35.6,28.3,68351,10859,1,12,611.5,756866.0
1184635690,NEWPORT DRUGS INC,TRICIA HINZ,NEWPORT,MN,55055,6514599553,NEWPORT DRUGS INC,6514599553,True,True,"Pharmacy, Community/Retail Pharmacy",12.4,37.6,18.3,63365,4460,1,12,611.5,756866.0
1639227994,RBF LLC,EDWARD KITZ,OAKDALE,MN,55128,6517396247,RBF LLC,6517396247,True,True,"Pharmacy, Community/Retail Pharmacy",11.5,34.3,17.2,89642,28945,1,12,611.5,756866.0
1497743454,AM SCHNEIDER PA,ANNE SCHNEIDER,MAHTOMEDI,MN,55115,6122218189,AM SCHNEIDER PA,6122218189,True,True,"Pharmacy, Community/Retail Pharmacy",10.3,31.8,20.6,132796,8926,1,12,611.5,756866.0
1174703649,RICH APOTHECARY INC,NICHOLAS RICH,LAKE ELMO,MN,55042,6517730889,RICH APOTHECARY INC,6517730889,True,True,"Pharmacy, Community/Retail Pharmacy",10.1,32.2,14.7,154779,13156,1,12,611.5,756866.0
1912148206,MCBE COMPANY,WADE HANSON,STEWARTVILLE,MN,55976,5075336883,MCBE COMPANY,5075336883,True,True,"Pharmacy, Community/Retail Pharmacy",10.0,39.1,15.6,79044,8542,1,12,611.5,756866.0
1033203435,SNYDERS BROS INC,JODI RISTAU,WOODBURY,MN,55125,6517388846,SNYDERS BROS INC,6517388846,True,True,"Pharmacy, Community/Retail Pharmacy",10.0,32.1,14.8,118129,44929,1,12,611.5,756866.0
1114344215,OMC RETAIL SERVICES LLC,CHRISTOPHER DORNACK,ROCHESTER,MN,55904,5075351974,OMC RETAIL SERVICES LLC,5075351974,True,True,"Pharmacy, Community/Retail Pharmacy",9.7,38.7,14.7,76434,29682,1,12,611.5,756866.0
1669524914,WEBER & JUDD CO,WADE HANSON,ROCHESTER,MN,55904,5072882483,WEBER & JUDD CO,5072882483,True,True,"Pharmacy, Community/Retail Pharmacy",9.7,38.7,14.7,76434,29682,1,12,611.5,756866.0
1033521273,WEBER & JUDD CO,WADE HANSON,ROCHESTER,MN,55904,5072821422,WEBER & JUDD CO,5072821422,True,True,"Pharmacy, Community/Retail Pharmacy",9.7,38.7,14.7,76434,29682,1,12,611.5,756866.0
1447246921,HUNT SILVER LAKE DRUG INC,PHILIP HOMMERDING,ROCHESTER,MN,55906,5072893901,HUNT SILVER LAKE DRUG INC,5072893901,True,True,"Pharmacy, Community/Retail Pharmacy",9.6,35.6,18.0,104146,20080,1,12,611.5,756866.0
1932213311,RCH PHARMACY SERVICES LTD,MIKE SCHWARTZWARD,ROCHESTER,MN,55906,5072886463,RCH PHARMACY SERVICES LTD,5072886463,True,True,"Pharmacy, Community/Retail Pharmacy",9.6,35.6,18.0,104146,20080,1,12,611.5,756866.0
1154785376,"RCH PHARMACY SERVICES, LTD",MICHAEL SCHWARTZWALD,ROCHESTER,MN,55906,5072886463,"RCH PHARMACY SERVICES, LTD",5072886463,True,True,"Pharmacy, Community/Retail Pharmacy",9.6,35.6,18.0,104146,20080,1,12,611.5,756866.0
1093544900,ROCHESTER CITY PHARMACY LLC,OLUWASEYI FASEEMO,ROCHESTER,MN,55901,5072063196,ROCHESTER CITY PHARMACY LLC,5072063196,True,True,"Pharmacy, Community/Retail Pharmacy",9.1,36.5,15.5,90430,58260,1,12,611.5,756866.0
1891313326,ROCHESTER COMMUNITY PHARMACY LLC,OLUWASEYI FASEEMO,ROCHESTER,MN,55901,6128089280,ROCHESTER COMMUNITY PHARMACY LLC,6128089280,True,True,"Pharmacy, Community/Retail Pharmacy",9.1,36.5,15.5,90430,58260,1,12,611.5,756866.0
1811241169,OMC RETAIL SERVICES LLC,DANIELLE ROACH,ROCHESTER,MN,55901,5075351974,OMC RETAIL SERVICES LLC,5075351974,True,True,"Pharmacy, Community/Retail Pharmacy",9.1,36.5,15.5,90430,58260,1,12,611.5,756866.0
1982793592,WEBER & JUDD CO,WADE HANSON,ROCHESTER,MN,55901,5072896368,WEBER & JUDD CO,5072896368,True,True,"Pharmacy, Community/Retail Pharmacy",9.1,36.5,15.5,90430,58260,1,12,611.5,756866.0
1164454146,FAIRVIEW PHARMACY SERVICES LLC,SAMEER BADLANI,ELK RIVER,MN,55330,7632415890,FAIRVIEW PHARMACY SERVICES LLC,7632415890,True,True,"Pharmacy, Community/Retail Pharmacy",8.8,37.4,13.3,111481,45080,1,12,611.5,756866.0
1013915040,ELK RIVER PHARMACY,DEBORAH LEEDAHL,ELK RIVER,MN,55330,7634411353,ELK RIVER PHARMACY,7634411353,True,True,"Pharmacy, Community/Retail Pharmacy",8.8,37.4,13.3,111481,45080,1,12,611.5,756866.0
1770719585,FAIRVIEW PHARMACY SERVICES LLC,SAMEER BADLANI,HUGO,MN,55038,6514661970,FAIRVIEW PHARMACY SERVICES LLC,6514661970,True,True,"Pharmacy, Community/Retail Pharmacy",8.8,33.1,13.3,127194,24246,1,12,611.5,756866.0
1275654725,EAGLE DRUG OF ROCHESTER INC,WARREN WILLIAMS,ROCHESTER,MN,55902,5072893141,EAGLE DRUG OF ROCHESTER INC,5072893141,True,True,"Pharmacy, Community/Retail Pharmacy",8.7,33.9,18.6,111879,25988,1,12,611.5,756866.0
1932251287,WEBER & JUDD CO,WADE HANSON,ROCHESTER,MN,55902,5072890716,WEBER & JUDD CO,5072890716,True,True,"Pharmacy, Community/Retail Pharmacy",8.7,33.9,18.6,111879,25988,1,12,611.5,756866.0
1295887545,MCBE COMPANY,ANN MCDONOUGH,BYRON,MN,55920,5077757634,MCBE COMPANY,5077757634,True,True,"Pharmacy, Community/Retail Pharmacy",8.6,37.0,14.5,126102,8747,1,12,611.5,756866.0
1114286598,ASTRUP DRUG INC,DAVID BROOKS,HARMONY,MN,55939,5078862322,ASTRUP DRUG INC,5078862322,True,True,"Pharmacy, Community/Retail Pharmacy",13.3,42.0,28.1,66087,1986,1,11,611.5,756866.0
1639114168,RUSHFORD DRUG CO,THOMAS WITT,HARMONY,MN,55939,5078862322,RUSHFORD DRUG CO,5078862322,True,True,"Pharmacy, Community/Retail Pharmacy",13.3,42.0,28.1,66087,1986,1,11,611.5,756866.0
1639634710,"LEWIS FAMILY DRUG, LLC",SCOTT CROSS,SAINT JAMES,MN,56081,5073759100,"LEWIS FAMILY DRUG, LLC",5073759100,True,True,"Pharmacy, Community/Retail Pharmacy",13.1,37.9,19.1,66612,6092,1,11,611.5,756866.0
1629010293,PAUL'S PHARMACY AND GIFTS INC,PAUL WINDSCHILL,ST JAMES,MN,56081,5073754511,PAUL'S PHARMACY AND GIFTS INC,5073754511,True,True,"Pharmacy, Community/Retail Pharmacy",13.1,37.9,19.1,66612,6092,1,11,611.5,756866.0
1962554964,MCBE COMPANY,WADE HANSON,PRESTON,MN,55965,5077652156,MCBE COMPANY,5077652156,True,True,"Pharmacy, Community/Retail Pharmacy",12.7,41.3,22.9,62917,2253,1,11,611.5,756866.0
1841342193,MCBE COMPANY,WADE HANSON,SPRING VALLEY,MN,55975,5073467273,MCBE COMPANY,5073467273,True,True,"Pharmacy, Community/Retail Pharmacy",11.9,41.1,18.9,83232,4597,1,11,611.5,756866.0
1528081494,RUSHFORD DRUG CO,THOMAS WITT,RUSHFORD,MN,55971,5078642153,RUSHFORD DRUG CO,5078642153,True,True,"Pharmacy, Community/Retail Pharmacy",11.7,38.9,23.8,81146,2910,1,11,611.5,756866.0
1265815765,"LEWIS FAMILY DRUG, LLC",SCOTT CROSS,MADELIA,MN,56062,5076428012,"LEWIS FAMILY DRUG, LLC",5076428012,True,True,"Pharmacy, Community/Retail Pharmacy",11.4,35.9,19.7,76549,3249,1,11,611.5,756866.0
1073528667,WANZEK PHARMACY INC,DENNIS WANZEK,MADELIA,MN,56062,5076423218,WANZEK PHARMACY INC,5076423218,True,True,"Pharmacy, Community/Retail Pharmacy",11.4,35.9,19.7,76549,3249,1,11,611.5,756866.0
1437706033,OMC RETAIL SERVICES. LLC,CHRISTOPHER DORNACK,CHATFIELD,MN,55923,5072927255,OMC RETAIL SERVICES. LLC,5072927255,True,True,"Pharmacy, Community/Retail Pharmacy",10.1,38.7,18.5,93446,4387,1,11,611.5,756866.0
1487706735,MCBE COMPANY,WADE HANSON,CHATFIELD,MN,55923,5078674425,MCBE COMPANY,5078674425,True,True,"Pharmacy, Community/Retail Pharmacy",10.1,38.7,18.5,93446,4387,1,11,611.5,756866.0
1083625594,GCR INC,JASON AMDAHL,BRECKENRIDGE,MN,56520,2186433871,GCR INC,2186433871,True,True,"Pharmacy, Community/Retail Pharmacy",13.2,39.4,18.8,61537,3886,1,10,611.5,756866.0
1154341501,ROGER F HARWICH CHARLES W ROGERS SIDNEY HUGHES ETAL,JAMES ZABOROWSKI,WINONA,MN,55987,5074577688,ROGER F HARWICH CHARLES W ROGERS SIDNEY HUGHES ETAL,5074577688,True,True,"Pharmacy, Community/Retail Pharmacy",9.7,34.5,19.2,62171,33911,1,10,611.5,756866.0
1750433009,MCBE COMPANY,WADE HANSON,SAINT CHARLES,MN,55972,5079323160,MCBE COMPANY,5079323160,True,True,"Pharmacy, Community/Retail Pharmacy",9.6,34.3,14.8,97500,5323,1,10,611.5,756866.0
1669574091,DAKOTA CLINIC TRF PHARMACY,WARREN WORKER,THIEF RIVER FALLS,MN,56701,2186832725,DAKOTA CLINIC TRF PHARMACY,2186832725,True,True,Pharmacy,11.1,40.3,19.1,73243,12814,1,9,611.5,756866.0
1477626786,VALLEY MARKETS INC,MAX THOMPSON,THIEF RIVER FALLS,MN,56701,2186811515,VALLEY MARKETS INC,2186811515,True,True,"Pharmacy, Community/Retail Pharmacy",11.1,40.3,19.1,73243,12814,1,9,611.5,756866.0
1841761871,WELIA HEALTH,RANDY ULSETH,MORA,MN,55051,3203225141,WELIA HEALTH,3203225141,True,True,"Pharmacy, Community/Retail Pharmacy",13.2,37.8,21.9,71232,9927,1,8,611.5,756866.0
1588618706,PAMIDA STORES OPERATING CO LLC,JOHN HARLOW,MORA,MN,55051,3206795950,PAMIDA STORES OPERATING CO LLC,3206795950,True,True,"Pharmacy, Community/Retail Pharmacy",13.2,37.8,21.9,71232,9927,1,8,611.5,756866.0
1164596508,BOYES PHARMACY,WILLIAM BOYES,FARIBAULT,MN,55021,5073327451,BOYES PHARMACY,5073327451,True,True,"Pharmacy, Community/Retail Pharmacy",12.5,41.4,17.9,70296,30860,1,6,611.5,756866.0
1912796798,AFDAHL PHARMACY PLLC,FAY HASSAN,COLUMBIA HEIGHTS,MN,55421,7637628983,AFDAHL PHARMACY PLLC,7637628983,True,True,"Pharmacy, Community/Retail Pharmacy",11.7,38.0,15.7,75141,31051,1,6,611.5,756866.0
1659782522,FAIRVIEW PHARMACY SERVICES LLC,SAMEER BADLANI,FRIDLEY,MN,55432,7635865981,FAIRVIEW PHARMACY SERVICES LLC,7635865981,True,True,"Pharmacy, Community/Retail Pharmacy",11.4,37.6,15.2,77985,32935,1,6,611.5,756866.0
1932236130,AMBOR CORPORATION,JILL MEYER,COON RAPIDS,MN,55433,7637866666,AMBOR CORPORATION,7637866666,True,True,"Pharmacy, Community/Retail Pharmacy",11.3,37.4,17.4,80213,34423,1,6,611.5,756866.0
1285782540,RBF LLC,EDWARD KITZ,COON RAPIDS,MN,55433,7635769343,RBF LLC,7635769343,True,True,"Pharmacy, Community/Retail Pharmacy",11.3,37.4,17.4,80213,34423,1,6,611.5,756866.0
1730237090,RBF LLC,EDWARD KITZ,BLAINE,MN,55434,7637854707,RBF LLC,7637854707,True,True,"Pharmacy, Community/Retail Pharmacy",11.3,37.2,14.1,88163,33133,1,6,611.5,756866.0
1245636489,FAIRVIEW PHARMACY SERVICES LLC,SAMEER BADLANI,CHISAGO CITY,MN,55013,6512138080,FAIRVIEW PHARMACY SERVICES LLC,6512138080,True,True,"Pharmacy, Community/Retail Pharmacy",10.9,36.2,23.5,99898,7030,1,6,611.5,756866.0
1386780997,HANSON NORTHDALE DRUG,GARY BENSON,COON RAPIDS,MN,55448,7637552200,HANSON NORTHDALE DRUG,7637552200,True,True,"Pharmacy, Community/Retail Pharmacy",10.6,36.5,16.1,95610,28925,1,6,611.5,756866.0
1972782290,GORDY'S PHARMACY INC.,WILLIAM GARRISON,CENTER CITY,MN,55012,6512574500,GORDY'S PHARMACY INC.,6512574500,True,True,"Pharmacy, Community/Retail Pharmacy",10.2,35.9,25.6,93500,1995,1,6,611.5,756866.0
1710321054,FAIRVIEW PHARMACY SERVICES LLC,SAMEER BADLANI,NORTH BRANCH,MN,55056,6516746800,FAIRVIEW PHARMACY SERVICES LLC,6516746800,True,True,"Pharmacy, Community/Retail Pharmacy",10.0,36.4,16.4,93601,14279,1,6,611.5,756866.0
1710030978,SKELTON DRUG INC,JOEL SKELTON,NORTH BRANCH,MN,55056,6516744454,SKELTON DRUG INC,6516744454,True,True,"Pharmacy, Community/Retail Pharmacy",10.0,36.4,16.4,93601,14279,1,6,611.5,756866.0
1265084792,"NUDAK VENTURES, LLC",LORI WILLIS,NORTH BRANCH,MN,55056,6512435325,"NUDAK VENTURES, LLC",6512435325,True,True,"Pharmacy, Community/Retail Pharmacy",10.0,36.4,16.4,93601,14279,1,6,611.5,756866.0
1346244274,GOODRICH PHARMACY INC,STEVEN SIMENSON,ANOKA,MN,55303,7634215540,GOODRICH PHARMACY INC,7634215540,True,True,"Pharmacy, Community/Retail Pharmacy",9.9,36.2,15.9,101351,52121,1,6,611.5,756866.0
1790717783,FAIRVIEW PHARMACY SERVICES LLC,SAMEER BADLANI,WYOMING,MN,55092,6519827500,FAIRVIEW PHARMACY SERVICES LLC,6519827500,True,True,"Pharmacy, Community/Retail Pharmacy",9.8,35.5,15.5,97241,11103,1,6,611.5,756866.0
1619903994,ROLSETH DRUG CO,JAMES GARRISON,WYOMING,MN,55092,6514622082,ROLSETH DRUG CO,6514622082,True,True,"Pharmacy, Community/Retail Pharmacy",9.8,35.5,15.5,97241,11103,1,6,611.5,756866.0
1487839189,FAIRVIEW PHARMACY SERVICES LLC,SAMEER BADLANI,ANDOVER,MN,55304,7638624445,FAIRVIEW PHARMACY SERVICES LLC,7638624445,True,True,"Pharmacy, Community/Retail Pharmacy",9.6,34.9,15.6,127145,49452,1,6,611.5,756866.0
1619089612,GOODRICH PHARMACY INC,SCOTT BENSON,ANDOVER,MN,55304,7634341901,GOODRICH PHARMACY INC,7634341901,True,True,"Pharmacy, Community/Retail Pharmacy",9.6,34.9,15.6,127145,49452,1,6,611.5,756866.0
1891706305,GOODRICH PHARMACY INC,STEVE SIMENSON,SAINT FRANCIS,MN,55070,7637530222,GOODRICH PHARMACY INC,7637530222,True,True,"Pharmacy, Community/Retail Pharmacy",9.4,37.4,10.8,101925,8403,1,6,611.5,756866.0
1467776682,FAIRVIEW PHARMACY SERVICES LLC,SAMEER BADLANI,BLAINE,MN,55449,7635282975,FAIRVIEW PHARMACY SERVICES LLC,7635282975,True,True,Pharmacy,9.2,34.2,11.5,128750,33367,1,6,611.5,756866.0
1043368319,ERICKSONS DIVERSIFIED LLC,AMY ELLIS,NORTHFIELD,MN,55057,5076454489,ERICKSONS DIVERSIFIED LLC,5076454489,True,True,"Pharmacy, Community/Retail Pharmacy",8.3,32.5,16.4,97521,25458,1,6,611.5,756866.0
1295828572,"BORAK, INC",ROB ANDERSON,NORTHFIELD,MN,55057,5076630344,"BORAK, INC",5076630344,True,True,"Pharmacy, Community/Retail Pharmacy",8.3,32.5,16.4,97521,25458,1,6,611.5,756866.0
1013343391,ASTRUP DRUG INC,DAVID BROOKS,NORTHFIELD,MN,55057,5076454455,ASTRUP DRUG INC,5076454455,True,True,"Pharmacy, Community/Retail Pharmacy",8.3,32.5,16.4,97521,25458,1,6,611.5,756866.0
1487690848,HERRMANN DRUG INC,TROY RABENBERG,LONSDALE,MN,55046,5077443373,HERRMANN DRUG INC,5077443373,True,True,"Pharmacy, Community/Retail Pharmacy",7.9,36.7,11.1,91982,6030,1,6,611.5,756866.0
1023563731,PALUBICKI'S INC.,LEAH HEMMINGSEN,FOSSTON,MN,56542,2184351000,PALUBICKI'S INC.,2184351000,True,True,"Pharmacy, Community/Retail Pharmacy",13.7,40.1,25.1,57750,2435,0,0,611.5,756866.0
1023720901,"VALLEY MARKETS, INCORPORATED",KRISTI MAGNUSON NELSON,FOSSTON,MN,56542,2184351000,"VALLEY MARKETS, INCORPORATED",2184351000,True,True,"Pharmacy, Community/Retail Pharmacy",13.7,40.1,25.1,57750,2435,0,0,611.5,756866.0
1942221999,FOSSTON PHARMACY & GIFTS INC,RUTH FONDER,FOSSTON,MN,56542,2184356646,FOSSTON PHARMACY & GIFTS INC,2184356646,True,True,"Pharmacy, Community/Retail Pharmacy",13.7,40.1,25.1,57750,2435,0,0,611.5,756866.0
1447326079,STANLEY C. GALLAGHER D/B/A HERMAN CLINIC PHARMACY LLC,STANLEY GALLAGHER,HERMAN,MN,56248,3206772220,STANLEY C. GALLAGHER D/B/A HERMAN CLINIC PHARMACY LLC,3206772220,True,True,Pharmacy,13.4,39.5,25.5,82031,760,0,0,611.5,756866.0
1457463457,WELLS DRUG CO,RICHARD MUELLER,WELLS,MN,56097,5075533161,WELLS DRUG CO,5075533161,True,True,"Pharmacy, Community/Retail Pharmacy",13.4,38.5,23.5,63646,3593,0,0,611.5,756866.0
1689349359,"THE DULUTH CLINIC, LTD.",KEVIN BOREN,ELY,MN,55731,2183657957,"THE DULUTH CLINIC, LTD.",2183657957,True,True,"Pharmacy, Community/Retail Pharmacy",13.2,35.3,35.9,62900,5292,0,0,611.5,756866.0
1841215688,"B.E. DRUG, INC.",GINA ZIERKE,BLUE EARTH,MN,56013,5075262121,"B.E. DRUG, INC.",5075262121,True,True,"Pharmacy, Community/Retail Pharmacy",13.1,37.2,23.3,64360,4534,0,0,611.5,756866.0
1831203371,ZITNAK PHARMACY,DENNIS ZITNAK,BLUE EARTH,MN,56013,5075263784,ZITNAK PHARMACY,5075263784,True,True,"Pharmacy, Community/Retail Pharmacy",13.1,37.2,23.3,64360,4534,0,0,611.5,756866.0
1699883116,"BRYAN GREGOR, INC.",BRYAN GREGOR,FAIRMONT,MN,56031,5072384291,"BRYAN GREGOR, INC.",5072384291,True,True,"Pharmacy, Community/Retail Pharmacy",13.0,36.6,24.4,61373,11800,0,0,611.5,756866.0
1184728271,ASTRUP DRUG INC,DAVID BROOKS,FAIRMONT,MN,56031,5072382797,ASTRUP DRUG INC,5072382797,True,True,"Pharmacy, Community/Retail Pharmacy",13.0,36.6,24.4,61373,11800,0,0,611.5,756866.0
1437161023,J & R REXALL DRUG,JAMES MARCOVICH,FAIRMONT,MN,56031,5072359719,J & R REXALL DRUG,5072359719,True,True,"Pharmacy, Community/Retail Pharmacy",13.0,36.6,24.4,61373,11800,0,0,611.5,756866.0
1447261953,OLIVIA DRUG COMPANY,GARY LOHMEYER,OLIVIA,MN,56277,3205231630,OLIVIA DRUG COMPANY,3205231630,True,True,"Pharmacy, Community/Retail Pharmacy",12.9,39.6,21.7,69265,2962,0,0,611.5,756866.0
1053455774,SWARD-KEMP DRUG CO OF OLIVIA INC,JOHN NELSON,OLIVIA,MN,56277,3205232110,SWARD-KEMP DRUG CO OF OLIVIA INC,3205232110,True,True,"Pharmacy, Community/Retail Pharmacy",12.9,39.6,21.7,69265,2962,0,0,611.5,756866.0
1437457330,"THE DULUTH CLINIC, LTD",KEVIN BOREN,SILVER BAY,MN,55614,2182263829,"THE DULUTH CLINIC, LTD",2182263829,True,True,"Pharmacy, Community/Retail Pharmacy",12.7,34.9,31.7,74313,2450,0,0,611.5,756866.0
1407887987,FIRSTSOLUTIONS,TERRY JACOBSON,SILVER BAY,MN,55614,2182263829,FIRSTSOLUTIONS,2182263829,True,True,"Pharmacy, Community/Retail Pharmacy",12.7,34.9,31.7,74313,2450,0,0,611.5,756866.0
1396787826,LEAHS PHARMACY INC,LEAH SEEHUSEN,RENVILLE,MN,56284,3203298308,LEAHS PHARMACY INC,3203298308,True,True,"Pharmacy, Community/Retail Pharmacy",12.7,38.4,17.8,75417,2099,0,0,611.5,756866.0
1629145941,RANDYS FAMILY DRUG & GIFT INC,RANDALL ARMBRUSTER,SLEEPY EYE,MN,56085,5077943631,RANDYS FAMILY DRUG & GIFT INC,5077943631,True,True,"Pharmacy, Community/Retail Pharmacy",12.6,36.6,22.4,70429,5013,0,0,611.5,756866.0
1326138256,WHITE DRUG ENTERPRISES INC,ANNE FROISTAD,WILLMAR,MN,56201,3202351930,WHITE DRUG ENTERPRISES INC,3202351930,True,True,"Pharmacy, Community/Retail Pharmacy",12.6,42.2,18.6,68054,24860,0,0,611.5,756866.0
1649454133,MEDICAL SUPPLIES INC,DEBRA SHRIVER,WILLMAR,MN,56201,3204417011,MEDICAL SUPPLIES INC,3204417011,True,True,"Pharmacy, Community/Retail Pharmacy",12.6,42.2,18.6,68054,24860,0,0,611.5,756866.0
1578635363,CEDERSTROM PHARMACY INC,STEVEN CEDERTROM,WILLMAR,MN,56201,3202357803,CEDERSTROM PHARMACY INC,3202357803,True,True,"Pharmacy, Community/Retail Pharmacy",12.6,42.2,18.6,68054,24860,0,0,611.5,756866.0
1316206709,ASTRUP DRUG INC,TINA MILLER,SPRING GROVE,MN,55974,5074985509,ASTRUP DRUG INC,5074985509,True,True,"Pharmacy, Community/Retail Pharmacy",12.5,34.7,32.5,60700,1998,0,0,611.5,756866.0
1447292016,TRUMM DRUG INC,AARON FINLEY,ELBOW LAKE,MN,56531,2186854471,TRUMM DRUG INC,2186854471,True,True,"Pharmacy, Community/Retail Pharmacy",12.5,40.4,20.7,73162,1948,0,0,611.5,756866.0
1154692184,ASPIRUS ST LUKES,KATHERINE BECKER,TWO HARBORS,MN,55616,2182492460,ASPIRUS ST LUKES,2182492460,True,True,"Pharmacy, Community/Retail Pharmacy",12.3,35.9,21.7,77242,7277,0,0,611.5,756866.0
1467750364,"THE DULUTH CLINIC, LTD",KEVIN BOREN,TWO HARBORS,MN,55616,2188347202,"THE DULUTH CLINIC, LTD",2188347202,True,True,"Pharmacy, Community/Retail Pharmacy",12.3,35.9,21.7,77242,7277,0,0,611.5,756866.0
1780600759,FIRSTSOLUTIONS,SANDRA MASTAW,TWO HARBORS,MN,55616,2188347202,FIRSTSOLUTIONS,2188347202,True,True,"Pharmacy, Community/Retail Pharmacy",12.3,35.9,21.7,77242,7277,0,0,611.5,756866.0
1881750859,"IVANHOE FAMILY PHARMACY, INC",ANDREA ROST,IVANHOE,MN,56142,5076941166,"IVANHOE FAMILY PHARMACY, INC",5076941166,True,True,"Pharmacy, Community/Retail Pharmacy",12.1,36.3,25.3,65987,1062,0,0,611.5,756866.0
1265490007,BERGS PHARMACY INC,DEBORAH COOK,WATERVILLE,MN,56096,5073628500,BERGS PHARMACY INC,5073628500,True,True,"Pharmacy, Community/Retail Pharmacy",12.0,36.0,20.8,79879,2874,0,0,611.5,756866.0
1114409257,"ASTRUP DRUG, INC.",TINA MILLER,LE SUEUR,MN,56058,5076653301,"ASTRUP DRUG, INC.",5076653301,True,True,"Pharmacy, Community/Retail Pharmacy",12.0,37.1,18.3,82500,6080,0,0,611.5,756866.0
1871508481,WARREN PHARMACY INC,SHELBY KNOTT,WARREN,MN,56762,2187455481,WARREN PHARMACY INC,2187455481,True,True,"Pharmacy, Community/Retail Pharmacy",11.9,39.7,22.5,61719,2337,0,0,611.5,756866.0
1245339993,"DENNIS J THOMSON, INC.",DENNIS THOMSON,WARROAD,MN,56763,2183862453,"DENNIS J THOMSON, INC.",2183862453,True,True,"Pharmacy, Community/Retail Pharmacy",11.9,36.3,18.8,70357,5161,0,0,611.5,756866.0
1568532299,RUSHFORD DRUG CO,THOMAS WITT,HOUSTON,MN,55943,5078964505,RUSHFORD DRUG CO,5078964505,True,True,"Pharmacy, Community/Retail Pharmacy",11.7,35.1,19.0,69896,3070,0,0,611.5,756866.0
1497832364,GREEN LAKE THRIFTY WHITE DRUG INC,THOMAS MERTEN,SPICER,MN,56288,3207962103,GREEN LAKE THRIFTY WHITE DRUG INC,3207962103,True,True,"Pharmacy, Community/Retail Pharmacy",11.6,38.6,24.0,105000,4655,0,0,611.5,756866.0
1346383908,"MATTSON PHARMACY, INC",LINDA DESROSIER,ROSEAU,MN,56751,2184632465,"MATTSON PHARMACY, INC",2184632465,True,True,"Pharmacy, Community/Retail Pharmacy",11.6,36.1,19.6,77336,5776,0,0,611.5,756866.0
1851464531,ARENSONS ANNANDALE PHARMACY INC,CRAIG BECHTOLD,ANNANDALE,MN,55302,3202745415,ARENSONS ANNANDALE PHARMACY INC,3202745415,True,True,"Pharmacy, Community/Retail Pharmacy",11.4,36.1,24.9,78194,7348,0,0,611.5,756866.0
1023151792,DRUG EXPRESS PHARMACIES INC,DALE OTTO,LE CENTER,MN,56057,5073574131,DRUG EXPRESS PHARMACIES INC,5073574131,True,True,"Pharmacy, Community/Retail Pharmacy",11.4,37.0,14.1,81895,3933,0,0,611.5,756866.0
1174661169,CALEDONIA DRUGS,RICK TRYGVE SIME,CALEDONIA,MN,55921,5077255241,CALEDONIA DRUGS,5077255241,True,True,"Pharmacy, Community/Retail Pharmacy",11.3,34.9,20.1,76679,4793,0,0,611.5,756866.0
1932468311,ASTRUP DRUG INC,TINA MILLER,CALEDONIA,MN,55921,5077253328,ASTRUP DRUG INC,5077253328,True,True,"Pharmacy, Community/Retail Pharmacy",11.3,34.9,20.1,76679,4793,0,0,611.5,756866.0
1508955105,WHITE DRUG ENTERPRISES INC,ANNE FROISTAD,ALEXANDRIA,MN,56308,3207621531,WHITE DRUG ENTERPRISES INC,3207621531,True,True,"Pharmacy, Community/Retail Pharmacy",11.2,35.1,23.9,76831,26695,0,0,611.5,756866.0
1457427320,TRUMM DRUG INC,AARON FINLEY,ALEXANDRIA,MN,56308,3207633116,TRUMM DRUG INC,3207633116,True,True,"Pharmacy, Community/Retail Pharmacy",11.2,35.1,23.9,76831,26695,0,0,611.5,756866.0
1962707497,ALEXANDRIA APOTHECARY INC.,WILLIAM SEILER,ALEXANDRIA,MN,56308,3207633065,ALEXANDRIA APOTHECARY INC.,3207633065,True,True,"Pharmacy, Community/Retail Pharmacy",11.2,35.1,23.9,76831,26695,0,0,611.5,756866.0
1669544458,RIX PHARMACY PA,RICHARD PETTY,ALEXANDRIA,MN,56308,3207633146,RIX PHARMACY PA,3207633146,True,True,"Pharmacy, Community/Retail Pharmacy",11.2,35.1,23.9,76831,26695,0,0,611.5,756866.0
1386787729,"MATTSON PHARMACY, INC",LINDA DESROSIER,GREENBUSH,MN,56726,2187822366,"MATTSON PHARMACY, INC",2187822366,True,True,"Pharmacy, Community/Retail Pharmacy",11.2,34.9,18.6,70625,1576,0,0,611.5,756866.0
1376848333,NOVACEK HEALTHMART PHARMACY LLC,KAREN NOVACEK,GREENBUSH,MN,56726,2187823456,NOVACEK HEALTHMART PHARMACY LLC,2187823456,True,True,"Pharmacy, Community/Retail Pharmacy",11.2,34.9,18.6,70625,1576,0,0,611.5,756866.0
1114071800,KEAVENY DRUG INC,DEBORAH KEAVENY,WINSTED,MN,55395,3204852555,KEAVENY DRUG INC,3204852555,True,True,"Pharmacy, Community/Retail Pharmacy",11.2,41.8,18.3,72901,2600,0,0,611.5,756866.0
1982168142,COKATO DRUG LLC,LORI WILLIS,COKATO,MN,55321,3202862380,COKATO DRUG LLC,3202862380,True,True,"Pharmacy, Community/Retail Pharmacy",11.2,36.8,14.2,81250,5592,0,0,611.5,756866.0
1861546509,KEAVENY PHARMACY INC,DEBORAH KEAVENY,COKATO,MN,55321,3202865483,KEAVENY PHARMACY INC,3202865483,True,True,"Pharmacy, Community/Retail Pharmacy",11.2,36.8,14.2,81250,5592,0,0,611.5,756866.0
1700813086,B & C OF CROOKSTON INC,ROBERT ROPPEL,CROOKSTON,MN,56716,2182817045,B & C OF CROOKSTON INC,2182817045,True,True,"Pharmacy, Community/Retail Pharmacy",11.1,39.6,20.4,56781,8991,0,0,611.5,756866.0
1396818126,VALLEY MARKETS INC,SEAN KARPOWICH,CROOKSTON,MN,56716,2182813174,VALLEY MARKETS INC,2182813174,True,True,"Pharmacy, Community/Retail Pharmacy",11.1,39.6,20.4,56781,8991,0,0,611.5,756866.0
1871583898,"D.W.KOSKI,INC.",DANIEL KOSKI,MENDOTA HEIGHTS,MN,55118,6514556873,"D.W.KOSKI,INC.",6514556873,True,True,"Pharmacy, Community/Retail Pharmacy",10.9,35.2,23.5,85229,29396,0,0,611.5,756866.0
1992809081,ASTRUP DRUG INC,DAVID BROOKS,OWATONNA,MN,55060,5074510240,ASTRUP DRUG INC,5074510240,True,True,"Pharmacy, Community/Retail Pharmacy",10.8,37.6,18.9,83848,29601,0,0,611.5,756866.0
1518001916,"RINGOLD DRUG STORES, INC.",JOHN RINGOLD,HOWARD LAKE,MN,55349,3205432141,"RINGOLD DRUG STORES, INC.",3205432141,True,True,"Pharmacy, Community/Retail Pharmacy",10.7,36.4,20.8,100054,3555,0,0,611.5,756866.0
1851792469,FAIRVIEW PHARMACY SERVICES LLC,SAMEER BADLANI,BURNSVILLE,MN,55337,9524055630,FAIRVIEW PHARMACY SERVICES LLC,9524055630,True,True,"Pharmacy, Community/Retail Pharmacy",10.6,36.7,16.2,81641,48104,0,0,611.5,756866.0
1598849242,FAIRVIEW HEALTH SERVCIES,ROBERT BEACHER,BURNSVILLE,MN,55337,9528922130,FAIRVIEW HEALTH SERVCIES,9528922130,True,True,"Pharmacy, Community/Retail Pharmacy",10.6,36.7,16.2,81641,48104,0,0,611.5,756866.0
1679938567,NYA PHARMACY LLC,RYAN LOEGERING,NORWOOD,MN,55368,9524672100,NYA PHARMACY LLC,9524672100,True,True,"Pharmacy, Community/Retail Pharmacy",10.5,34.3,26.1,76719,1856,0,0,611.5,756866.0
1730448119,ASTRUP DRUG INC,DAVID BROOKS,LA CRESCENT,MN,55947,5078958784,ASTRUP DRUG INC,5078958784,True,True,"Pharmacy, Community/Retail Pharmacy",10.5,33.0,24.6,85464,7319,0,0,611.5,756866.0
1053647867,RUSHFORD DRUG CO,THOMAS WITT,LA CRESCENT,MN,55947,5078958784,RUSHFORD DRUG CO,5078958784,True,True,"Pharmacy, Community/Retail Pharmacy",10.5,33.0,24.6,85464,7319,0,0,611.5,756866.0
1225548480,STERLINGRX INC,TY HEUER,MENDOTA HEIGHTS,MN,55120,8886184126,STERLINGRX INC,8886184126,True,True,"Pharmacy, Community/Retail Pharmacy",10.2,33.8,19.2,111900,5080,0,0,611.5,756866.0
1659938116,STERLINGRX INC,JOHN SELLNER,MENDOTA HEIGHTS,MN,55120,8886184126,STERLINGRX INC,8886184126,True,True,"Pharmacy, Community/Retail Pharmacy",10.2,33.8,19.2,111900,5080,0,0,611.5,756866.0
1649215849,VALLEY MARKETS INC,SEAN KARPOWICH,EAST GRAND FORKS,MN,56721,2187730611,VALLEY MARKETS INC,2187730611,True,True,"Pharmacy, Community/Retail Pharmacy",10.2,39.7,13.7,83633,10791,0,0,611.5,756866.0
1558306753,HERRMANN DRUG INC.,TROY RABENBERG,MONTGOMERY,MN,56069,5073647717,HERRMANN DRUG INC.,5073647717,True,True,"Pharmacy, Community/Retail Pharmacy",10.1,35.2,18.9,81919,4948,0,0,611.5,756866.0
1063444057,FAIRVIEW PHARMACY SERVICES LLC,SAMEER BADLANI,APPLE VALLEY,MN,55124,9529974155,FAIRVIEW PHARMACY SERVICES LLC,9529974155,True,True,"Pharmacy, Community/Retail Pharmacy",10.1,34.9,16.5,99354,55675,0,0,611.5,756866.0
1457409716,RBF LLC,EDWARD KITZ,APPLE VALLEY,MN,55124,9524319774,RBF LLC,9524319774,True,True,"Pharmacy, Community/Retail Pharmacy",10.1,34.9,16.5,99354,55675,0,0,611.5,756866.0
1750833653,SPPS LLC L L C,SHARON VANHULLE,SOUTH SAINT PAUL,MN,55075,6514572725,SPPS LLC L L C,6514572725,True,True,"Pharmacy, Community/Retail Pharmacy",10.0,37.1,14.7,84573,20651,0,0,611.5,756866.0
1831274778,BYERLYS INC,JODI ROBINSON,BURNSVILLE,MN,55306,9524358145,BYERLYS INC,9524358145,True,True,"Pharmacy, Community/Retail Pharmacy",9.9,35.6,18.5,98012,16191,0,0,611.5,756866.0
1285703991,DRAGICH & DRAGICH INC,JOHN DRAGICH,SAUK RAPIDS,MN,56379,3202521303,DRAGICH & DRAGICH INC,3202521303,True,True,"Pharmacy, Community/Retail Pharmacy",9.8,40.5,14.2,71964,17300,0,0,611.5,756866.0
1952459224,ERICKSONS DIVERSIFIED LLC,AMY ELLIS,SAINT PETER,MN,56082,5079315540,ERICKSONS DIVERSIFIED LLC,5079315540,True,True,"Pharmacy, Community/Retail Pharmacy",9.7,33.7,16.6,72332,14512,0,0,611.5,756866.0
1720013279,WATERTOWN PHARMACY LLC,ROSEMARY ROSDAHL,WATERTOWN,MN,55388,9529552153,WATERTOWN PHARMACY LLC,9529552153,True,True,"Pharmacy, Community/Retail Pharmacy",9.5,35.1,13.1,92273,5974,0,0,611.5,756866.0
1033254669,BLAIR INC,DENA FERMAN,NORTH MANKATO,MN,56003,5073876521,BLAIR INC,5073876521,True,True,"Pharmacy, Community/Retail Pharmacy",9.4,33.2,16.8,80587,15319,0,0,611.5,756866.0
1821048950,ACCREDO HEALTH GROUP INC,VIC PERINI,EAGAN,MN,55121,6516810885,ACCREDO HEALTH GROUP INC,6516810885,True,True,Pharmacy,9.4,35.3,13.6,86929,9329,0,0,611.5,756866.0
1518999507,FAIRVIEW PHARMACY SERVICES LLC,SAMEER BADLANI,EAGAN,MN,55121,6514068980,FAIRVIEW PHARMACY SERVICES LLC,6514068980,True,True,"Pharmacy, Community/Retail Pharmacy",9.4,35.3,13.6,86929,9329,0,0,611.5,756866.0
1114060886,DRUG EXPRESS PHARMACIES INC,DALE OTTO,NEW PRAGUE,MN,56071,9527585262,DRUG EXPRESS PHARMACIES INC,9527585262,True,True,"Pharmacy, Community/Retail Pharmacy",9.0,32.9,14.6,109672,13015,0,0,611.5,756866.0
1386737898,NEW PRAGUE SNYDERS INC,KENNETH CLORK,NEW PRAGUE,MN,56071,9527583132,NEW PRAGUE SNYDERS INC,9527583132,True,True,"Pharmacy, Community/Retail Pharmacy",9.0,32.9,14.6,109672,13015,0,0,611.5,756866.0
1942352935,MCBE COMPANY,WADE HANSON,KASSON,MN,55944,5076343341,MCBE COMPANY,5076343341,True,True,"Pharmacy, Community/Retail Pharmacy",8.7,34.3,14.2,90673,8048,0,0,611.5,756866.0
1861818387,FAIRVIEW PHARMACY SERVICES LLC,SAMEER BADLANI,ROSEMOUNT,MN,55068,6513228855,FAIRVIEW PHARMACY SERVICES LLC,6513228855,True,True,"Pharmacy, Community/Retail Pharmacy",8.7,33.9,13.1,125271,32194,0,0,611.5,756866.0
1891807897,CHANHASSEN CENTER DRUG,BRUCE ANDERSON,CHASKA,MN,55318,9529491002,CHANHASSEN CENTER DRUG,9529491002,True,True,"Pharmacy, Community/Retail Pharmacy",8.5,33.0,13.1,111781,29884,0,0,611.5,756866.0
1154873263,"CHASKA CENTER DRUG, PC",RENEE KIRKEBY,CHASKA,MN,55318,9529491002,"CHASKA CENTER DRUG, PC",9529491002,True,True,"Pharmacy, Community/Retail Pharmacy",8.5,33.0,13.1,111781,29884,0,0,611.5,756866.0
1467500728,RBF LLC,EDWARD KITZ,CHASKA,MN,55318,9524485112,RBF LLC,9524485112,True,True,"Pharmacy, Community/Retail Pharmacy",8.5,33.0,13.1,111781,29884,0,0,611.5,756866.0
1366590622,RBF LLC,EDWARD KITZ,EAGAN,MN,55123,6514525663,RBF LLC,6514525663,True,True,"Pharmacy, Community/Retail Pharmacy",8.4,32.1,13.7,134265,27288,0,0,611.5,756866.0
1629159736,ERICKSON DRUG INC,ROBERT KOZIOL,LAKEVILLE,MN,55044,9524692964,ERICKSON DRUG INC,9524692964,True,True,"Pharmacy, Community/Retail Pharmacy",8.4,33.4,11.0,140612,63280,0,0,611.5,756866.0
1275681538,RBF LLC,EDWARD KITZ,LAKEVILLE,MN,55044,9528984505,RBF LLC,9528984505,True,True,"Pharmacy, Community/Retail Pharmacy",8.4,33.4,11.0,140612,63280,0,0,611.5,756866.0
1669837530,LEGACY APOTHECARY,RYAN LOEGERING,WACONIA,MN,55387,9524423274,LEGACY APOTHECARY,9524423274,True,True,"Pharmacy, Community/Retail Pharmacy",8.2,32.2,13.8,109279,14697,0,0,611.5,756866.0
1801924303,"MACKENTHUN BECK PHARMACY, INC",JESSA THEIS,WACONIA,MN,55387,9524424407,"MACKENTHUN BECK PHARMACY, INC",9524424407,True,True,"Pharmacy, Community/Retail Pharmacy",8.2,32.2,13.8,109279,14697,0,0,611.5,756866.0
1780978841,MARKETPLACE PHARMACY LLC,JAMES ROE,ALBERTVILLE,MN,55301,7634972846,MARKETPLACE PHARMACY LLC,7634972846,True,True,"Pharmacy, Community/Retail Pharmacy",7.0,34.1,7.6,131157,13485,0,0,611.5,756866.0
1821253246,CARECENTER PHARMACY LLC,SUSAN COLBERT,SAINT PAUL,MN,55144,6517399028,CARECENTER PHARMACY LLC,6517399028,True,True,Pharmacy,0,0,0,0,0,0,0,611.5,756866.0
