npi,display_name,owner_name,city,state,zip,phone,cms_org_name,cms_phone,address_matches,phone_matches,primary_taxonomy_desc,zip_diabetes_pct,zip_obesity_pct,zip_pct_65_plus,zip_median_income,zip_population,hpsa_designated,hpsa_score,state_glp1_claims_per_pharmacy,state_glp1_cost_per_pharmacy
1548688534,PENDER CARE CENTRE DISTRICT INC,LAURA GAMBLE,PENDER,NE,68047,4023853350,PENDER CARE CENTRE DISTRICT INC,4023853350,True,True,"Pharmacy, Community/Retail Pharmacy",14.4,42.7,20.5,74375,1900,1,20,358.1,399234.0
1902995103,VOGT PHARMACIES INC,MARK VOGT,PENDER,NE,68047,4023853350,VOGT PHARMACIES INC,4023853350,True,True,"Pharmacy, Community/Retail Pharmacy",14.4,42.7,20.5,74375,1900,1,20,358.1,399234.0
1871066159,PENDER CARE CENTRE DISTRICT INC,LAURA GAMBLE,EMERSON,NE,68733,4026958100,PENDER CARE CENTRE DISTRICT INC,4026958100,True,True,"Pharmacy, Community/Retail Pharmacy",13.5,43.3,22.7,64554,1196,1,20,358.1,399234.0
1336124320,STEFFEN DRUG INC,MATTHEW STEFFEN,CREIGHTON,NE,68729,4023583535,STEFFEN DRUG INC,4023583535,True,True,"Pharmacy, Community/Retail Pharmacy",14.1,39.1,29.9,64583,1701,1,19,358.1,399234.0
1629098835,NAGENGAST PHARMACIES INC,ANDREA ABBENHAUS,BLOOMFIELD,NE,68718,4023734411,NAGENGAST PHARMACIES INC,4023734411,True,True,"Pharmacy, Community/Retail Pharmacy",13.8,38.7,29.3,63333,1691,1,19,358.1,399234.0
1609141183,"LOUDERBACK DRUG OF MADISON, INC.",BRETT LOUDERBACK,WAUSA,NE,68786,4025862552,"LOUDERBACK DRUG OF MADISON, INC.",4025862552,True,True,"Pharmacy, Community/Retail Pharmacy",11.9,37.1,23.7,84500,1009,1,19,358.1,399234.0
1952960783,LINCOLN PHARMACY LLC,FAHEEM RASHIDI,LINCOLN,NE,68510,4027708261,LINCOLN PHARMACY LLC,4027708261,True,True,"Pharmacy, Community/Retail Pharmacy",10.8,35.6,22.0,64183,19534,1,19,358.1,399234.0
1568661171,"MORGANRAY, INC.",LYNDON LEITNER,LINCOLN,NE,68510,4024766231,"MORGANRAY, INC.",4024766231,True,True,"Pharmacy, Community/Retail Pharmacy",10.8,35.6,22.0,64183,19534,1,19,358.1,399234.0
1033228754,VOGT PHARMACIES INC,MARK VOGT,LINCOLN,NE,68510,4024765222,VOGT PHARMACIES INC,4024765222,True,True,"Pharmacy, Community/Retail Pharmacy",10.8,35.6,22.0,64183,19534,1,19,358.1,399234.0
1417027590,MORGANRAY INC,LYNDON LEITNER,LINCOLN,NE,68510,4024766231,MORGANRAY INC,4024766231,True,True,"Pharmacy, Community/Retail Pharmacy",10.8,35.6,22.0,64183,19534,1,19,358.1,399234.0
1255381968,70TH & O NEIGHBORHOOD PHARMACY INC,SCOTT LOUDERBACK,LINCOLN,NE,68510,4024881184,70TH & O NEIGHBORHOOD PHARMACY INC,4024881184,True,True,"Pharmacy, Community/Retail Pharmacy",10.8,35.6,22.0,64183,19534,1,19,358.1,399234.0
1528131521,FOUR STAR DRUG OF LINCOLN NEBRASKA INC,MONTY SCHEELE,LINCOLN,NE,68510,4024347730,FOUR STAR DRUG OF LINCOLN NEBRASKA INC,4024347730,True,True,"Pharmacy, Community/Retail Pharmacy",10.8,35.6,22.0,64183,19534,1,19,358.1,399234.0
1003942400,HAVELOCK NEIGHBORHOOD PHARMACY,MITCHELL DEINES,LINCOLN,NE,68507,4024665555,HAVELOCK NEIGHBORHOOD PHARMACY,4024665555,True,True,"Pharmacy, Community/Retail Pharmacy",10.8,36.2,18.4,71194,16481,1,19,358.1,399234.0
1013382159,BRYAN EMPLOYEE SPECIALTY PHARMACY,ERIC MOOSS,LINCOLN,NE,68506,4024818380,BRYAN EMPLOYEE SPECIALTY PHARMACY,4024818380,True,True,"Pharmacy, Community/Retail Pharmacy",10.5,33.8,23.8,70501,27909,1,19,358.1,399234.0
1710711825,LINCOLN PHARMACY LLC,FAHEEM RASHIDI,LINCOLN,NE,68506,4028177978,LINCOLN PHARMACY LLC,4028177978,True,True,"Pharmacy, Community/Retail Pharmacy",10.5,33.8,23.8,70501,27909,1,19,358.1,399234.0
1982362265,LINCOLN SURGERY CENTER LLC,MICHELLE MONHOLLON,LINCOLN,NE,68506,4024849010,LINCOLN SURGERY CENTER LLC,4024849010,True,True,"Pharmacy, Community/Retail Pharmacy",10.5,33.8,23.8,70501,27909,1,19,358.1,399234.0
1609389444,NEBRASKA HEMATOLOGY-ONCOLOGY P.C.,ERIC AVERY,LINCOLN,NE,68506,4024844900,NEBRASKA HEMATOLOGY-ONCOLOGY P.C.,4024844900,True,True,"Pharmacy, Community/Retail Pharmacy",10.5,33.8,23.8,70501,27909,1,19,358.1,399234.0
1144374679,TRAN PHARMACY INC,JUDY TRAN,LINCOLN,NE,68506,4024860445,TRAN PHARMACY INC,4024860445,True,True,Pharmacy,10.5,33.8,23.8,70501,27909,1,19,358.1,399234.0
1649387036,"B & R STORES, INC",ANTHONY SCHMID,LINCOLN,NE,68506,4024896085,"B & R STORES, INC",4024896085,True,True,"Pharmacy, Community/Retail Pharmacy",10.5,33.8,23.8,70501,27909,1,19,358.1,399234.0
1902252521,"WELLNESS PHARMACY, INC",KAYLA PHAM,LINCOLN,NE,68521,4024139950,"WELLNESS PHARMACY, INC",4024139950,True,True,"Pharmacy, Community/Retail Pharmacy",10.2,36.3,10.6,66902,38386,1,19,358.1,399234.0
1497867493,D & S PHARMACY INC,DAVE MEYSENBURG,LINCOLN,NE,68521,4024354800,D & S PHARMACY INC,4024354800,True,True,"Pharmacy, Community/Retail Pharmacy",10.2,36.3,10.6,66902,38386,1,19,358.1,399234.0
1831853696,FULFILLRX LLC,ALI AL-BADRY,LINCOLN,NE,68521,5312206784,FULFILLRX LLC,5312206784,True,True,"Pharmacy, Community/Retail Pharmacy",10.2,36.3,10.6,66902,38386,1,19,358.1,399234.0
1215582317,D & S PHARMACY INC,DAVE MEYSENBURG,LINCOLN,NE,68521,4024354800,D & S PHARMACY INC,4024354800,True,True,"Pharmacy, Community/Retail Pharmacy",10.2,36.3,10.6,66902,38386,1,19,358.1,399234.0
1154437838,"B & R STORES, INC",ANTHONY SCHMID,LINCOLN,NE,68521,4024667775,"B & R STORES, INC",4024667775,True,True,"Pharmacy, Community/Retail Pharmacy",10.2,36.3,10.6,66902,38386,1,19,358.1,399234.0
1295073708,"B&R STORES, INC.",ANTHONY SCHMID,LINCOLN,NE,68521,4024646297,"B&R STORES, INC.",4024646297,True,True,"Pharmacy, Community/Retail Pharmacy",10.2,36.3,10.6,66902,38386,1,19,358.1,399234.0
1275640203,"B & R STORES, INC",ANTHONY SCHMID,LINCOLN,NE,68522,4024358241,"B & R STORES, INC",4024358241,True,True,"Pharmacy, Community/Retail Pharmacy",9.7,37.9,7.5,77151,14330,1,19,358.1,399234.0
1043324478,"B & R STORES, INC",ANTHONY SCHMID,LINCOLN,NE,68502,4024742102,"B & R STORES, INC",4024742102,True,True,"Pharmacy, Community/Retail Pharmacy",9.6,36.4,14.3,65825,25571,1,19,358.1,399234.0
1801919105,SCHMIT PHARMACY INC,LEE SCHMIT,LINCOLN,NE,68502,4024238588,SCHMIT PHARMACY INC,4024238588,True,True,"Pharmacy, Community/Retail Pharmacy",9.6,36.4,14.3,65825,25571,1,19,358.1,399234.0
1477666386,WAGEY DRUG CO,GARY RIHANEK,LINCOLN,NE,68503,4024763341,WAGEY DRUG CO,4024763341,True,True,"Pharmacy, Community/Retail Pharmacy",9.6,36.4,8.7,50886,15625,1,19,358.1,399234.0
1194898197,FOUR STAR DRUG OF BETHANY INC,MONTY SCHEELE,LINCOLN,NE,68505,4024347701,FOUR STAR DRUG OF BETHANY INC,4024347701,True,True,"Pharmacy, Community/Retail Pharmacy",9.3,34.7,13.2,71966,18185,1,19,358.1,399234.0
1952417602,"B & R STORES, INC",ANTHONY SCHMID,LINCOLN,NE,68504,4024648822,"B & R STORES, INC",4024648822,True,True,"Pharmacy, Community/Retail Pharmacy",9.3,36.3,10.9,52159,17396,1,19,358.1,399234.0
1598423220,ALEGENT CREIGHTON HEALTH,ANN THOMPSON,LINCOLN,NE,68516,4023284860,ALEGENT CREIGHTON HEALTH,4023284860,True,True,"Pharmacy, Community/Retail Pharmacy",9.2,32.9,17.6,100093,47389,1,19,358.1,399234.0
1487165452,B&R STORES INC,ANTHONY SCHMID,LINCOLN,NE,68516,4024230870,B&R STORES INC,4024230870,True,True,"Pharmacy, Community/Retail Pharmacy",9.2,32.9,17.6,100093,47389,1,19,358.1,399234.0
1083128250,INNOVATIVE PAIN & SPINE SPECIALISTS,DORI ROTH,LINCOLN,NE,68516,4024135010,INNOVATIVE PAIN & SPINE SPECIALISTS,4024135010,True,True,"Pharmacy, Community/Retail Pharmacy",9.2,32.9,17.6,100093,47389,1,19,358.1,399234.0
1164539565,"B & R STORES, INC",ANTHONY SCHMID,LINCOLN,NE,68516,4024211333,"B & R STORES, INC",4024211333,True,True,"Pharmacy, Community/Retail Pharmacy",9.2,32.9,17.6,100093,47389,1,19,358.1,399234.0
1184731499,"B & R STORES, INC",ANTHONY SCHMID,LINCOLN,NE,68512,4024208268,"B & R STORES, INC",4024208268,True,True,"Pharmacy, Community/Retail Pharmacy",8.9,32.9,17.4,101828,13668,1,19,358.1,399234.0
1609310192,ALIVATION PHARMACY LLC,WALTER DUFFY,LINCOLN,NE,68526,4024765686,ALIVATION PHARMACY LLC,4024765686,True,True,Pharmacy,8.7,31.7,15.5,117447,7767,1,19,358.1,399234.0
1215473293,"ALIVATION PHARMACY, LLC",WALTER DUFFY,LINCOLN,NE,68526,4024765686,"ALIVATION PHARMACY, LLC",4024765686,True,True,"Pharmacy, Community/Retail Pharmacy",8.7,31.7,15.5,117447,7767,1,19,358.1,399234.0
1851986434,NKRX LLC,NICOLE KING,WAVERLY,NE,68462,4027860225,NKRX LLC,4027860225,True,True,Pharmacy,8.1,33.9,21.3,116023,4864,1,19,358.1,399234.0
1629525704,U-SAVE PHARMACY INC,TRAVIS COVEY,WAVERLY,NE,68462,4027860225,U-SAVE PHARMACY INC,4027860225,True,True,"Pharmacy, Community/Retail Pharmacy",8.1,33.9,21.3,116023,4864,1,19,358.1,399234.0
1487727293,FOUR STAR DRUG OF WAVERLY,MONTY SCHEELE,WAVERLY,NE,68462,4027862222,FOUR STAR DRUG OF WAVERLY,4027862222,True,True,"Pharmacy, Community/Retail Pharmacy",8.1,33.9,21.3,116023,4864,1,19,358.1,399234.0
1841798683,MEADOWLARK PHARMACY LLC,JONATHON LAMARQUE,HICKMAN,NE,68372,8312771871,MEADOWLARK PHARMACY LLC,8312771871,True,True,"Pharmacy, Community/Retail Pharmacy",7.6,33.2,12.9,114450,4187,1,19,358.1,399234.0
1194748350,PLAZA-MART INC.,GARY GILMOUR,LINCOLN,NE,68508,4024767631,PLAZA-MART INC.,4024767631,True,True,"Pharmacy, Community/Retail Pharmacy",6.1,35.0,4.2,33561,17444,1,19,358.1,399234.0
1659743920,CHARLES DREW HEALTH CENTER,TARSHA JACKSON,OMAHA,NE,68111,4028109806,CHARLES DREW HEALTH CENTER,4028109806,True,True,"Pharmacy, Community/Retail Pharmacy",18.1,50.1,9.0,41010,25118,1,18,358.1,399234.0
1972054757,ONE2ONE VALENTINE LLC,CHELSEY DELANEY,VALENTINE,NE,69201,4023765959,ONE2ONE VALENTINE LLC,4023765959,True,True,"Pharmacy, Community/Retail Pharmacy",13.7,41.1,20.7,58808,4034,1,18,358.1,399234.0
1003963760,VALENTINE CLINIC PHARMACY,RICHARD TERRY,VALENTINE,NE,69201,4023763531,VALENTINE CLINIC PHARMACY,4023763531,True,True,"Pharmacy, Community/Retail Pharmacy",13.7,41.1,20.7,58808,4034,1,18,358.1,399234.0
1023104999,ALEGENT CREIGHTON HEALTH,MIKE TIESI,OMAHA,NE,68112,4024512125,ALEGENT CREIGHTON HEALTH,4024512125,True,True,"Pharmacy, Community/Retail Pharmacy",13.7,42.7,16.3,57692,12345,1,18,358.1,399234.0
1336153691,PHARMACY EXPRESS SERVICES INC,BRUCE GOLDBERG,OMAHA,NE,68112,4028273500,PHARMACY EXPRESS SERVICES INC,4028273500,True,True,"Pharmacy, Community/Retail Pharmacy",13.7,42.7,16.3,57692,12345,1,18,358.1,399234.0
1851400824,"KUBAT PHARMACY, LLC",BRIAN DANIEL,OMAHA,NE,68107,4027314333,"KUBAT PHARMACY, LLC",4027314333,True,True,"Pharmacy, Community/Retail Pharmacy",13.5,44.1,9.3,59988,30993,1,18,358.1,399234.0
1376910448,ALEGENT CREIGHTON HEALTH,MIKE TIESI,OMAHA,NE,68107,4027177055,ALEGENT CREIGHTON HEALTH,4027177055,True,True,"Pharmacy, Community/Retail Pharmacy",13.5,44.1,9.3,59988,30993,1,18,358.1,399234.0
1982618245,PHARMACY EXPRESS SERVICES INC,BRUCE GOLDBERG,OMAHA,NE,68107,4027333216,PHARMACY EXPRESS SERVICES INC,4027333216,True,True,"Pharmacy, Community/Retail Pharmacy",13.5,44.1,9.3,59988,30993,1,18,358.1,399234.0
1760193809,"3D RX, INC",HELEN IANNIELLO,GORDON,NE,69343,3082821114,"3D RX, INC",3082821114,True,True,"Pharmacy, Community/Retail Pharmacy",13.4,36.8,25.7,56209,2475,1,18,358.1,399234.0
1447265863,MDSLC INC,MICHAEL COOKSTON,GORDON,NE,69343,3082821114,MDSLC INC,3082821114,True,True,"Pharmacy, Community/Retail Pharmacy",13.4,36.8,25.7,56209,2475,1,18,358.1,399234.0
1407139009,TWK INC.,KIRK BEMIS,GORDON,NE,69343,3082821114,TWK INC.,3082821114,True,True,"Pharmacy, Community/Retail Pharmacy",13.4,36.8,25.7,56209,2475,1,18,358.1,399234.0
1821621806,ENDERS PHARMACY SOLUTIONS,JASON ENDERS,OMAHA,NE,68108,4023421731,ENDERS PHARMACY SOLUTIONS,4023421731,True,True,"Pharmacy, Community/Retail Pharmacy",13.0,43.7,12.6,47255,14036,1,18,358.1,399234.0
1407996895,R & V INC.,ROB ALBERS,OMAHA,NE,68108,4023421731,R & V INC.,4023421731,True,True,"Pharmacy, Community/Retail Pharmacy",13.0,43.7,12.6,47255,14036,1,18,358.1,399234.0
1245244508,PHARMACY EXPRESS SERVICES INC.,BRUCE GOLDBERG,OMAHA,NE,68108,4023415226,PHARMACY EXPRESS SERVICES INC.,4023415226,True,True,"Pharmacy, Community/Retail Pharmacy",13.0,43.7,12.6,47255,14036,1,18,358.1,399234.0
1194866582,KEYSTONE WHOLESALE CO,MANNY GOLDBERG,OMAHA,NE,68134,4023912659,KEYSTONE WHOLESALE CO,4023912659,True,True,"Pharmacy, Community/Retail Pharmacy",10.7,39.0,14.3,67353,30231,1,18,358.1,399234.0
1932242609,NO FRILLS PHARMACY LLC,MICHEAL AKSAMIT,OMAHA,NE,68134,4026571793,NO FRILLS PHARMACY LLC,4026571793,True,True,"Pharmacy, Community/Retail Pharmacy",10.7,39.0,14.3,67353,30231,1,18,358.1,399234.0
1902473994,VALLEY MAN LLC,JED LEWIS,VALLEY,NE,68064,4023592284,VALLEY MAN LLC,4023592284,True,True,"Pharmacy, Community/Retail Pharmacy",9.9,35.0,23.2,92938,3924,1,18,358.1,399234.0
1841323284,DOUGLAS COUNTY NEBRASKA,ERIN NELSON,OMAHA,NE,68105,4024447403,DOUGLAS COUNTY NEBRASKA,4024447403,True,True,"Pharmacy, Community/Retail Pharmacy",9.9,39.2,11.3,53253,21933,1,18,358.1,399234.0
1710433172,OAK CREEK RX,ANITHA TEEKARAMAN,OMAHA,NE,68127,4023072566,OAK CREEK RX,4023072566,True,True,"Pharmacy, Community/Retail Pharmacy",9.4,36.6,15.7,65331,20588,1,18,358.1,399234.0
1437504669,BROOKSIDERX LLC,KRISTI HURLEY,OMAHA,NE,68137,4023744021,BROOKSIDERX LLC,4023744021,True,True,"Pharmacy, Community/Retail Pharmacy",9.3,35.2,18.1,82256,24294,1,18,358.1,399234.0
1427397322,STONYBROOK PHARMACY LLC,AMY MCMURTRY,OMAHA,NE,68137,8017270086,STONYBROOK PHARMACY LLC,8017270086,True,True,"Pharmacy, Community/Retail Pharmacy",9.3,35.2,18.1,82256,24294,1,18,358.1,399234.0
1265863880,"GAC, INC.",CHARLES TOMLINSON,OMAHA,NE,68114,4026146363,"GAC, INC.",4026146363,True,True,Pharmacy,9.1,33.6,22.0,73361,17364,1,18,358.1,399234.0
1659633907,PHARMACY EXPRESS SERVICES INC,BRUCE GOLDBERG,OMAHA,NE,68114,4029328709,PHARMACY EXPRESS SERVICES INC,4029328709,True,True,"Pharmacy, Community/Retail Pharmacy",9.1,33.6,22.0,73361,17364,1,18,358.1,399234.0
1104969872,NO FRILLS PHARMACY LLC,MIKE AKSAMIT,OMAHA,NE,68114,4023920371,NO FRILLS PHARMACY LLC,4023920371,True,True,"Pharmacy, Community/Retail Pharmacy",9.1,33.6,22.0,73361,17364,1,18,358.1,399234.0
1558457440,ALEGENT CREIGHTON HEALTH,MIKE TIESI,OMAHA,NE,68124,4023986781,ALEGENT CREIGHTON HEALTH,4023986781,True,True,"Pharmacy, Community/Retail Pharmacy",9.0,33.2,21.3,96341,15630,1,18,358.1,399234.0
1134250046,ALEGENT CREIGHTON HEALTH,MIKE TIESI,OMAHA,NE,68122,4025722300,ALEGENT CREIGHTON HEALTH,4025722300,True,True,"Pharmacy, Community/Retail Pharmacy",9.0,36.3,9.3,103317,12514,1,18,358.1,399234.0
1407610041,ALEGENT CREIGHTON HEALTH,ANN THOMPSON,OMAHA,NE,68122,4025722828,ALEGENT CREIGHTON HEALTH,4025722828,True,True,"Pharmacy, Community/Retail Pharmacy",9.0,36.3,9.3,103317,12514,1,18,358.1,399234.0
1386051746,HEMATOLOGY & ONCOLOGY CONSULTANTS PC,CAROL MURTAUGH,OMAHA,NE,68122,4025723524,HEMATOLOGY & ONCOLOGY CONSULTANTS PC,4025723524,True,True,"Pharmacy, Community/Retail Pharmacy",9.0,36.3,9.3,103317,12514,1,18,358.1,399234.0
1811053184,STEIER PHARMACY INC,RICHARD STEIER,OMAHA,NE,68122,4025723553,STEIER PHARMACY INC,4025723553,True,True,"Pharmacy, Community/Retail Pharmacy",9.0,36.3,9.3,103317,12514,1,18,358.1,399234.0
1457464463,TALAWEI ENTERPRISES INC,FRANCISCO TALAVERA,OMAHA,NE,68144,4023937755,TALAWEI ENTERPRISES INC,4023937755,True,True,"Pharmacy, Community/Retail Pharmacy",8.9,34.1,18.2,81887,25468,1,18,358.1,399234.0
1427317205,ALEGENT CREIGHTON HEALTH,MIKE TIESI,OMAHA,NE,68144,4027179410,ALEGENT CREIGHTON HEALTH,4027179410,True,True,"Pharmacy, Community/Retail Pharmacy",8.9,34.1,18.2,81887,25468,1,18,358.1,399234.0
1609224146,MIDLAND VET SERVICES LLC,MEGAN KENKEL,OMAHA,NE,68164,4023309483,MIDLAND VET SERVICES LLC,4023309483,True,True,Pharmacy,8.6,35.2,14.1,88688,28764,1,18,358.1,399234.0
1497347462,ATLAS RX LLC,MARK CHERNEY,OMAHA,NE,68154,4025206601,ATLAS RX LLC,4025206601,True,True,"Pharmacy, Community/Retail Pharmacy",8.5,33.4,19.9,82509,23232,1,18,358.1,399234.0
1417531153,ATLAS RX LLC,MARK CHERNEY,OMAHA,NE,68154,4025206600,ATLAS RX LLC,4025206600,True,True,"Pharmacy, Community/Retail Pharmacy",8.5,33.4,19.9,82509,23232,1,18,358.1,399234.0
1013050780,NO FRILLS PHARMACY LLC,MICHAEL AKSAMIT,OMAHA,NE,68132,4025569313,NO FRILLS PHARMACY LLC,4025569313,True,True,"Pharmacy, Community/Retail Pharmacy",8.4,35.4,12.4,81556,14245,1,18,358.1,399234.0
1174474183,"ONCOLOGY HEMATOLOGY WEST, PC",MEGAN JACOBSEN,OMAHA,NE,68130,4026915102,"ONCOLOGY HEMATOLOGY WEST, PC",4026915102,True,True,"Pharmacy, Community/Retail Pharmacy",8.3,32.0,18.1,134421,21428,1,18,358.1,399234.0
1992067409,U SAVE FOODS LLC,AMY ELLIS,OMAHA,NE,68130,4028961450,U SAVE FOODS LLC,4028961450,True,True,"Pharmacy, Community/Retail Pharmacy",8.3,32.0,18.1,134421,21428,1,18,358.1,399234.0
1164833307,"ONCOLOGY HEMATOLOGY WEST, PC",ROBERT LANGDON,OMAHA,NE,68130,4026911502,"ONCOLOGY HEMATOLOGY WEST, PC",4026911502,True,True,"Pharmacy, Community/Retail Pharmacy",8.3,32.0,18.1,134421,21428,1,18,358.1,399234.0
1760578652,ALEGENT CREIGHTON HEALTH,MIKE TIESI,OMAHA,NE,68130,4027585006,ALEGENT CREIGHTON HEALTH,4027585006,True,True,"Pharmacy, Community/Retail Pharmacy",8.3,32.0,18.1,134421,21428,1,18,358.1,399234.0
1780753632,ALEGENT CREIGHTON HEALTH,MATTHEW HAZEN,OMAHA,NE,68130,4027585006,ALEGENT CREIGHTON HEALTH,4027585006,True,True,"Pharmacy, Community/Retail Pharmacy",8.3,32.0,18.1,134421,21428,1,18,358.1,399234.0
1215488788,CANCER SPECIALTY PHARMACY LLC,DARLA DUREE,OMAHA,NE,68130,4023346100,CANCER SPECIALTY PHARMACY LLC,4023346100,True,True,"Pharmacy, Community/Retail Pharmacy",8.3,32.0,18.1,134421,21428,1,18,358.1,399234.0
1710206768,NF FOODS LLC,LONNIE EGGERS,OMAHA,NE,68130,4028961450,NF FOODS LLC,4028961450,True,True,"Pharmacy, Community/Retail Pharmacy",8.3,32.0,18.1,134421,21428,1,18,358.1,399234.0
1851448898,BP INC,JED LEWIS,OMAHA,NE,68118,4024969757,BP INC,4024969757,True,True,"Pharmacy, Community/Retail Pharmacy",7.9,31.4,18.5,137358,9327,1,18,358.1,399234.0
1295771657,KILBORNS INC,JEFFREY KILBORN,OMAHA,NE,68106,4025512000,KILBORNS INC,4025512000,True,True,"Pharmacy, Community/Retail Pharmacy",7.9,33.9,14.6,70649,21928,1,18,358.1,399234.0
1437541315,THINK AKSARBEN PHARMACY LLC,JENNIFER KROBOT,OMAHA,NE,68106,4025069010,THINK AKSARBEN PHARMACY LLC,4025069010,True,True,"Pharmacy, Community/Retail Pharmacy",7.9,33.9,14.6,70649,21928,1,18,358.1,399234.0
1295878965,NO FRILLS PHARMACY LLC,MIKE AKSAMIT,OMAHA,NE,68116,4024939844,NO FRILLS PHARMACY LLC,4024939844,True,True,"Pharmacy, Community/Retail Pharmacy",7.5,32.9,11.6,119182,34209,1,18,358.1,399234.0
1427453042,ALEGENT CREIGHTON HEALTH,MIKE TIESI,OMAHA,NE,68116,4027179770,ALEGENT CREIGHTON HEALTH,4027179770,True,True,"Pharmacy, Community/Retail Pharmacy",7.5,32.9,11.6,119182,34209,1,18,358.1,399234.0
1124726179,ALEGENT CREIGHTON HEALTH,ANN THOMPSON,OMAHA,NE,68022,4027585560,ALEGENT CREIGHTON HEALTH,4027585560,True,True,"Pharmacy, Community/Retail Pharmacy",6.9,32.1,10.0,139713,33702,1,18,358.1,399234.0
1548719271,GENEVA PHARMACY LLC,TANNER ANDERSON,ELKHORN,NE,68022,4027599104,GENEVA PHARMACY LLC,4027599104,True,True,"Pharmacy, Community/Retail Pharmacy",6.9,32.1,10.0,139713,33702,1,18,358.1,399234.0
1922187699,ELKHORN RX INC,KYLE JANSSEN,ELKHORN,NE,68022,4022892576,ELKHORN RX INC,4022892576,True,True,"Pharmacy, Community/Retail Pharmacy",6.9,32.1,10.0,139713,33702,1,18,358.1,399234.0
1821247552,U-SAVE PHARMACY INC,LYNN LONGCOR,ELKHORN,NE,68022,4022892576,U-SAVE PHARMACY INC,4022892576,True,True,"Pharmacy, Community/Retail Pharmacy",6.9,32.1,10.0,139713,33702,1,18,358.1,399234.0
1982650297,ACCREDO HEALTH GROUP INC,VIC PERINI,OMAHA,NE,68135,4025972330,ACCREDO HEALTH GROUP INC,4025972330,True,True,Pharmacy,6.9,32.9,9.3,139563,30009,1,18,358.1,399234.0
1750424420,NO FRILLS PHARMACY LLC,MIKE AKSAMIT,BENNINGTON,NE,68007,4029325556,NO FRILLS PHARMACY LLC,4029325556,True,True,"Pharmacy, Community/Retail Pharmacy",6.9,34.0,8.6,137767,18360,1,18,358.1,399234.0
1780605634,HAMIK FAMILY PHARMACY INC,SCOTT WEYERS,GRAND ISLAND,NE,68801,3083823784,HAMIK FAMILY PHARMACY INC,3083823784,True,True,"Pharmacy, Community/Retail Pharmacy",12.2,42.8,11.9,63214,30305,1,17,358.1,399234.0
1780994566,GI PHARMACY INC,JOSE GUERRERO,GRAND ISLAND,NE,68801,3083847372,GI PHARMACY INC,3083847372,True,True,"Pharmacy, Community/Retail Pharmacy",12.2,42.8,11.9,63214,30305,1,17,358.1,399234.0
1720120025,"SKAGWAY DISC DEPT. STORES, INC.",TIM BOLTON,GRAND ISLAND,NE,68801,3083848228,"SKAGWAY DISC DEPT. STORES, INC.",3083848228,True,True,"Pharmacy, Community/Retail Pharmacy",12.2,42.8,11.9,63214,30305,1,17,358.1,399234.0
1679615819,"SKAGWAY DISC DEPT. STORES, INC.",TIM BOLTON,GRAND ISLAND,NE,68801,3083849120,"SKAGWAY DISC DEPT. STORES, INC.",3083849120,True,True,"Pharmacy, Community/Retail Pharmacy",12.2,42.8,11.9,63214,30305,1,17,358.1,399234.0
1710332101,B & R STORES INC,ANTHONY SCHMID,GRAND ISLAND,NE,68801,3083980940,B & R STORES INC,3083980940,True,True,"Pharmacy, Community/Retail Pharmacy",12.2,42.8,11.9,63214,30305,1,17,358.1,399234.0
1982007381,"B&R STORES, INC",ANTHONY SCHMID,GRAND ISLAND,NE,68801,3083848228,"B&R STORES, INC",3083848228,True,True,"Pharmacy, Community/Retail Pharmacy",12.2,42.8,11.9,63214,30305,1,17,358.1,399234.0
1043613995,"B&R STORES, INC",ANTHONY SCHMID,GRAND ISLAND,NE,68801,3083849120,"B&R STORES, INC",3083849120,True,True,"Pharmacy, Community/Retail Pharmacy",12.2,42.8,11.9,63214,30305,1,17,358.1,399234.0
1255226833,ALEGENT CREIGHTON HEALTH,ANN THOMPSON,GRAND ISLAND,NE,68803,3082811112,ALEGENT CREIGHTON HEALTH,3082811112,True,True,"Pharmacy, Community/Retail Pharmacy",11.4,40.0,20.1,70040,25620,1,17,358.1,399234.0
1982403218,HEARTLAND HEALTH CENTER INC,JOEL WRIGHT,GRAND ISLAND,NE,68803,8333614475,HEARTLAND HEALTH CENTER INC,8333614475,True,True,"Pharmacy, Community/Retail Pharmacy",11.4,40.0,20.1,70040,25620,1,17,358.1,399234.0
1992897052,MCM PHARMACY INC,MARK MILLER,GRAND ISLAND,NE,68803,3083849010,MCM PHARMACY INC,3083849010,True,True,"Pharmacy, Community/Retail Pharmacy",11.4,40.0,20.1,70040,25620,1,17,358.1,399234.0
1700993359,U-SAVE PHARMACY INC,MICHAEL HAMIK,GRAND ISLAND,NE,68803,3083894282,U-SAVE PHARMACY INC,3083894282,True,True,"Pharmacy, Community/Retail Pharmacy",11.4,40.0,20.1,70040,25620,1,17,358.1,399234.0
1629157284,PRIEFERT PHARMACY INC,JACK PRIEFERT,HEBRON,NE,68370,4027686319,PRIEFERT PHARMACY INC,4027686319,True,True,"Pharmacy, Community/Retail Pharmacy",14.1,40.0,29.5,62118,1953,1,16,358.1,399234.0
1790890739,TIGERS PHARMACY INC,MELISSA SCHACK,BENKELMAN,NE,69021,3084232759,TIGERS PHARMACY INC,3084232759,True,True,"Pharmacy, Community/Retail Pharmacy",13.7,37.3,26.8,51346,1360,1,16,358.1,399234.0
1801199567,ANDERSON HEALTHCARE INC,DAVID ANDERSON,BENKELMAN,NE,69021,8774232759,ANDERSON HEALTHCARE INC,8774232759,True,True,"Pharmacy, Community/Retail Pharmacy",13.7,37.3,26.8,51346,1360,1,16,358.1,399234.0
1114004504,PONIDAY LLC,MARK MCCURDY,ARAPAHOE,NE,68922,3089627895,PONIDAY LLC,3089627895,True,True,"Pharmacy, Community/Retail Pharmacy",13.7,43.8,25.1,64519,1222,1,16,358.1,399234.0
1811084023,"SUPERIOR PHARMACY, INC.",ANDREW CARTER,SUPERIOR,NE,68978,4028794234,"SUPERIOR PHARMACY, INC.",4028794234,True,True,"Pharmacy, Community/Retail Pharmacy",13.6,42.4,26.5,63068,2382,1,16,358.1,399234.0
1497816680,J & J NEIN LLC,JAMES NEIN,BRIDGEPORT,NE,69336,3082621070,J & J NEIN LLC,3082621070,True,True,"Pharmacy, Community/Retail Pharmacy",13.6,41.6,22.0,53200,1949,1,16,358.1,399234.0
1619022365,ALEX AND YVONNE SCHMUNK INC,SCOTT SCHMUNK,BRIDGEPORT,NE,69336,3082620580,ALEX AND YVONNE SCHMUNK INC,3082620580,True,True,"Pharmacy, Community/Retail Pharmacy",13.6,41.6,22.0,53200,1949,1,16,358.1,399234.0
1558426981,PONIDAY LLC,MARK MCCURDY,OXFORD,NE,68967,3088243600,PONIDAY LLC,3088243600,True,True,"Pharmacy, Community/Retail Pharmacy",12.7,42.3,17.8,56250,962,1,16,358.1,399234.0
1861585200,WESTERN DRUG CO,THOMAS BIRNER,SIDNEY,NE,69162,3082542032,WESTERN DRUG CO,3082542032,True,True,"Pharmacy, Community/Retail Pharmacy",12.6,35.3,19.2,55147,7169,1,16,358.1,399234.0
1063500684,CS BOSCHE INC,CHRIS BOSCHE,GERING,NE,69341,3084362181,CS BOSCHE INC,3084362181,True,True,"Pharmacy, Community/Retail Pharmacy",12.2,38.5,20.4,70142,10721,1,16,358.1,399234.0
1427133875,U-SAVE PHARMACY OF MCCOOK LLC,ANGELA LANGAN,MC COOK,NE,69001,3083455670,U-SAVE PHARMACY OF MCCOOK LLC,3083455670,True,True,"Pharmacy, Community/Retail Pharmacy",12.0,42.1,20.3,60089,9059,1,16,358.1,399234.0
1336173376,FARRELLS PHARMACY INC,PATRICK FARRELL,MC COOK,NE,69001,3083451781,FARRELLS PHARMACY INC,3083451781,True,True,"Pharmacy, Community/Retail Pharmacy",12.0,42.1,20.3,60089,9059,1,16,358.1,399234.0
1649467036,ARBUTHNOTS INC,KEVIN COUTURE,SUTTON,NE,68979,4027734300,ARBUTHNOTS INC,4027734300,True,True,"Pharmacy, Community/Retail Pharmacy",11.9,38.9,23.6,84265,1645,1,16,358.1,399234.0
1184731408,"B & R STORES, INC",ANTHONY SCHMID,COLUMBUS,NE,68601,4025633349,"B & R STORES, INC",4025633349,True,True,"Pharmacy, Community/Retail Pharmacy",11.8,42.3,17.8,70697,30619,1,16,358.1,399234.0
1205049418,TOOLEY DRUG COMPANY,TIMOTHY TOOLEY,COLUMBUS,NE,68601,4025628627,TOOLEY DRUG COMPANY,4025628627,True,True,"Pharmacy, Community/Retail Pharmacy",11.8,42.3,17.8,70697,30619,1,16,358.1,399234.0
1649881681,HEALTHFIRST PHARMACY LLC,HEIDI KOHAKE,PAWNEE CITY,NE,68420,4028522321,HEALTHFIRST PHARMACY LLC,4028522321,True,True,"Pharmacy, Community/Retail Pharmacy",13.8,37.7,27.8,46438,1230,1,15,358.1,399234.0
1174606198,PETES PHARMACY INC,LARRY VONDERFECHT,PAWNEE CITY,NE,68420,4028522322,PETES PHARMACY INC,4028522322,True,True,"Pharmacy, Community/Retail Pharmacy",13.8,37.7,27.8,46438,1230,1,15,358.1,399234.0
1871662726,BARMORE DRUG STORES INC,RICHARD BARMORE,LEXINGTON,NE,68850,3083244611,BARMORE DRUG STORES INC,3083244611,True,True,"Pharmacy, Community/Retail Pharmacy",13.8,43.1,10.0,64269,12394,1,15,358.1,399234.0
1588775837,U SAVE PHARMACY INC,MICHAEL HAMIK,LEXINGTON,NE,68850,3083246325,U SAVE PHARMACY INC,3083246325,True,True,"Pharmacy, Community/Retail Pharmacy",13.8,43.1,10.0,64269,12394,1,15,358.1,399234.0
1689047458,"TGSC VENTURES, LLC",TYLER STURGEON,COZAD,NE,69130,3087843500,"TGSC VENTURES, LLC",3087843500,True,True,"Pharmacy, Community/Retail Pharmacy",13.0,40.0,27.3,58264,5056,1,15,358.1,399234.0
1528281961,MCGINNIS SERVICE DRUG INC.,PAUL MCGINNIS,COZAD,NE,69130,3087842238,MCGINNIS SERVICE DRUG INC.,3087842238,True,True,"Pharmacy, Community/Retail Pharmacy",13.0,40.0,27.3,58264,5056,1,15,358.1,399234.0
1821194358,"OURS, INC.",LARRY MYERS,HOLDREGE,NE,68949,3089955414,"OURS, INC.",3089955414,True,True,"Pharmacy, Community/Retail Pharmacy",12.5,39.3,21.2,59922,6695,1,15,358.1,399234.0
1730263377,KAPS INC.,PAUL FULMER,HOLDREGE,NE,68949,3089954401,KAPS INC.,3089954401,True,True,"Pharmacy, Community/Retail Pharmacy",12.5,39.3,21.2,59922,6695,1,15,358.1,399234.0
1407518145,PMHC PHARMACY GROUP,MARK HARREL,HOLDREGE,NE,68949,3089952999,PMHC PHARMACY GROUP,3089952999,True,True,"Pharmacy, Community/Retail Pharmacy",12.5,39.3,21.2,59922,6695,1,15,358.1,399234.0
1922293554,U SAVE PHARMACY INC,SHERRI EDWARDS,OGALLALA,NE,69153,3082842242,U SAVE PHARMACY INC,3082842242,True,True,"Pharmacy, Community/Retail Pharmacy",12.4,35.9,27.0,58022,5968,1,15,358.1,399234.0
1427002914,U SAVE PHARMACY OF AUBURN LLC,CODY KUSZAK,NEBRASKA CITY,NE,68410,4028733397,U SAVE PHARMACY OF AUBURN LLC,4028733397,True,True,"Pharmacy, Community/Retail Pharmacy",12.4,41.4,18.2,74217,8946,1,15,358.1,399234.0
1285695478,SYRACUSE TOWN & COUNTRY PHARMACY,RONDA STINSON,SYRACUSE,NE,68446,4022692001,SYRACUSE TOWN & COUNTRY PHARMACY,4022692001,True,True,"Pharmacy, Community/Retail Pharmacy",12.1,40.4,28.1,89500,2871,1,15,358.1,399234.0
1740291558,GOTHENBURG DISCOUNT PHARMACY INC.,ADAM LEE,GOTHENBURG,NE,69138,3085377155,GOTHENBURG DISCOUNT PHARMACY INC.,3085377155,True,True,"Pharmacy, Community/Retail Pharmacy",11.8,37.8,17.9,81250,4304,1,15,358.1,399234.0
1255756003,KEX RX FALLS CITY LLC,JOSEPH KOECHNER,FALLS CITY,NE,68355,4022452029,KEX RX FALLS CITY LLC,4022452029,True,True,"Pharmacy, Community/Retail Pharmacy",13.9,45.3,24.4,49065,4872,1,14,358.1,399234.0
1265432561,FALLS CITY MEDS INC,SRINIVASA RAJU VEGESANA,FALLS CITY,NE,68355,4022452029,FALLS CITY MEDS INC,4022452029,True,True,"Pharmacy, Community/Retail Pharmacy",13.9,45.3,24.4,49065,4872,1,14,358.1,399234.0
1447280136,PONIDAY LLC,KIM ERVIN,CAMBRIDGE,NE,69022,3086973400,PONIDAY LLC,3086973400,True,True,"Pharmacy, Community/Retail Pharmacy",13.2,43.8,28.9,63603,1548,1,14,358.1,399234.0
1104914720,WESTFIELD PHARMACY INC,KIM RILEY,NORTH PLATTE,NE,69101,3085325539,WESTFIELD PHARMACY INC,3085325539,True,True,"Pharmacy, Community/Retail Pharmacy",13.1,40.9,20.8,61833,27572,1,14,358.1,399234.0
1124473418,NORTH PLATTE PAVILION PHARMACY INC,TRAVIS COVEY,NORTH PLATTE,NE,69101,3082216993,NORTH PLATTE PAVILION PHARMACY INC,3082216993,True,True,"Pharmacy, Community/Retail Pharmacy",13.1,40.9,20.8,61833,27572,1,14,358.1,399234.0
1053403139,NORTH PLATTE PHARMACY INC,TRAVIS COVEY,NORTH PLATTE,NE,69101,3085320310,NORTH PLATTE PHARMACY INC,3085320310,True,True,"Pharmacy, Community/Retail Pharmacy",13.1,40.9,20.8,61833,27572,1,14,358.1,399234.0
1629421078,WESTFIELD PHARMACY INC,KIM RILEY,NORTH PLATTE,NE,69101,3085325539,WESTFIELD PHARMACY INC,3085325539,True,True,"Pharmacy, Community/Retail Pharmacy",13.1,40.9,20.8,61833,27572,1,14,358.1,399234.0
1497869465,LOUDERBACK DRUG OF MADISON INC,BRETT LOUDERBACK,MADISON,NE,68748,4024542525,LOUDERBACK DRUG OF MADISON INC,4024542525,True,True,"Pharmacy, Community/Retail Pharmacy",13.0,41.9,16.9,65250,2698,1,14,358.1,399234.0
1740526151,J&J PHARMS. LLC,JAMIE HANES,GRANT,NE,69140,3083524511,J&J PHARMS. LLC,3083524511,True,True,"Pharmacy, Community/Retail Pharmacy",12.3,40.3,25.4,68182,1755,1,14,358.1,399234.0
1790885770,REDLERS PROFESSIONAL PHARMACY INC,LOWELL REDLER,S SIOUX CITY,NE,68776,4024945542,REDLERS PROFESSIONAL PHARMACY INC,4024945542,True,True,"Pharmacy, Community/Retail Pharmacy",12.1,44.6,11.9,68686,15034,1,14,358.1,399234.0
1033151329,SVANDA PHARMACY INC,GEOFFREY WRIGHT,RAVENNA,NE,68869,3084523672,SVANDA PHARMACY INC,3084523672,True,True,"Pharmacy, Community/Retail Pharmacy",11.9,39.3,19.5,64893,2158,1,14,358.1,399234.0
1417904632,BREHM REXALL DRUG INC,JEFF PLATEK,SAINT PAUL,NE,68873,3087544611,BREHM REXALL DRUG INC,3087544611,True,True,"Pharmacy, Community/Retail Pharmacy",11.5,38.7,20.2,73169,3710,1,14,358.1,399234.0
1700457330,"KUBAT HEALTH CARE OF NORFOLK, LLC",BRIAN DANIEL,NORFOLK,NE,68701,5313016660,"KUBAT HEALTH CARE OF NORFOLK, LLC",5313016660,True,True,Pharmacy,11.2,39.7,16.9,64862,31172,1,14,358.1,399234.0
1215049218,U-SAVE PHARMACY OF NORFOLK INC,PATRICK HAMMOND,NORFOLK,NE,68701,4023798728,U-SAVE PHARMACY OF NORFOLK INC,4023798728,True,True,"Pharmacy, Community/Retail Pharmacy",11.2,39.7,16.9,64862,31172,1,14,358.1,399234.0
1083147557,LAMBERTS FAMILY PHARMACY LLC,ABBEY LAMBERT,GIBBON,NE,68840,3084685210,LAMBERTS FAMILY PHARMACY LLC,3084685210,True,True,"Pharmacy, Community/Retail Pharmacy",11.0,39.6,18.4,73839,2626,1,14,358.1,399234.0
1831341544,"NASH-FINCH, LLC",AMY ELLIS,KEARNEY,NE,68847,3082346086,"NASH-FINCH, LLC",3082346086,True,True,"Pharmacy, Community/Retail Pharmacy",10.2,38.5,17.4,74877,17911,1,14,358.1,399234.0
1235223645,JAMMAL PHARMS INC,JERRY JENSEN,KEARNEY,NE,68847,3082348056,JAMMAL PHARMS INC,3082348056,True,True,"Pharmacy, Community/Retail Pharmacy",10.2,38.5,17.4,74877,17911,1,14,358.1,399234.0
1487794921,DTAG PHARMACIES INC,AMY BRANDT,KEARNEY,NE,68847,3082372178,DTAG PHARMACIES INC,3082372178,True,True,"Pharmacy, Community/Retail Pharmacy",10.2,38.5,17.4,74877,17911,1,14,358.1,399234.0
1104480151,J3A INC,KIMBERLY HAMIK,KEARNEY,NE,68847,3084551555,J3A INC,3084551555,True,True,"Pharmacy, Community/Retail Pharmacy",10.2,38.5,17.4,74877,17911,1,14,358.1,399234.0
1184650814,B & R STORES INC,ANTHONY SCHMID,KEARNEY,NE,68847,3082372545,B & R STORES INC,3082372545,True,True,"Pharmacy, Community/Retail Pharmacy",10.2,38.5,17.4,74877,17911,1,14,358.1,399234.0
1235617648,CURTIS DISCOUNT PHARMACY INC,DANIEL KREIS,CURTIS,NE,69025,3085377155,CURTIS DISCOUNT PHARMACY INC,3085377155,True,True,"Pharmacy, Community/Retail Pharmacy",9.9,36.3,19.7,62813,1011,1,14,358.1,399234.0
1184289803,HEARTLAND HEMATOLOGY & ONCOLOGY PC,JUDY MAIN,KEARNEY,NE,68845,3088652303,HEARTLAND HEMATOLOGY & ONCOLOGY PC,3088652303,True,True,"Pharmacy, Community/Retail Pharmacy",8.9,37.5,15.6,75350,21012,1,14,358.1,399234.0
1891871059,VALLEY PHARMACY INC,CHRISTOPHER WATTS,KEARNEY,NE,68845,3082343300,VALLEY PHARMACY INC,3082343300,True,True,"Pharmacy, Community/Retail Pharmacy",8.9,37.5,15.6,75350,21012,1,14,358.1,399234.0
1215985916,HARRIS APOTHECARIES LLC,HEATHER HARRIS,RED CLOUD,NE,68970,4027463335,HARRIS APOTHECARIES LLC,4027463335,True,True,"Pharmacy, Community/Retail Pharmacy",14.3,39.7,25.5,60250,1243,1,13,358.1,399234.0
1982329835,CUSTOM PRESCRIPTIONS INC.,NATHAN CLABAUGH,FAIRBURY,NE,68352,4027292620,CUSTOM PRESCRIPTIONS INC.,4027292620,True,True,"Pharmacy, Community/Retail Pharmacy",13.9,38.4,23.0,55734,4897,1,13,358.1,399234.0
1982681532,GLOBE REXALL PHARMACY,ROBERT ATKINS,FAIRBURY,NE,68352,4027292620,GLOBE REXALL PHARMACY,4027292620,True,True,"Pharmacy, Community/Retail Pharmacy",13.9,38.4,23.0,55734,4897,1,13,358.1,399234.0
1043225659,KORBEL DRUG INC,MARIA CAMPOS BURKLEY,FAIRBURY,NE,68352,4027293104,KORBEL DRUG INC,4027293104,True,True,"Pharmacy, Community/Retail Pharmacy",13.9,38.4,23.0,55734,4897,1,13,358.1,399234.0
1902107345,SOUTH LOUP COMMUNITY PHARMACY,BRETT EGGLESTON,CALLAWAY,NE,68825,3088362219,SOUTH LOUP COMMUNITY PHARMACY,3088362219,True,True,"Pharmacy, Community/Retail Pharmacy",13.3,39.0,26.0,67813,983,1,13,358.1,399234.0
1144042524,AINSWORTH PHARMACY,MIRYA HALLOCK,AINSWORTH,NE,69210,4023871403,AINSWORTH PHARMACY,4023871403,True,True,"Pharmacy, Community/Retail Pharmacy",13.2,40.7,29.5,52147,2076,1,13,358.1,399234.0
1740743251,ONE2ONE AINSWORTH LLC,BRADLEY BOWDINO,AINSWORTH,NE,69210,4023871403,ONE2ONE AINSWORTH LLC,4023871403,True,True,"Pharmacy, Community/Retail Pharmacy",13.2,40.7,29.5,52147,2076,1,13,358.1,399234.0
1790886695,VOGT PHARMACIES INC,MARK VOGT,SCHUYLER,NE,68661,4023523020,VOGT PHARMACIES INC,4023523020,True,True,Pharmacy,13.0,40.1,9.1,80653,7368,1,13,358.1,399234.0
1710073895,CUNNINGHAM DRUG INC,GENE CUNNINGHAM,SCHUYLER,NE,68661,4023522611,CUNNINGHAM DRUG INC,4023522611,True,True,"Pharmacy, Community/Retail Pharmacy",13.0,40.1,9.1,80653,7368,1,13,358.1,399234.0
1942399597,SCHUYLER PHARMACY INC,BLAIN LARSON,SCHUYLER,NE,68661,4023523020,SCHUYLER PHARMACY INC,4023523020,True,True,"Pharmacy, Community/Retail Pharmacy",13.0,40.1,9.1,80653,7368,1,13,358.1,399234.0
1568557585,ONEILL FAMILY PHARMACY INC,KEVIN BARLOW,ONEILL,NE,68763,4023362660,ONEILL FAMILY PHARMACY INC,4023362660,True,True,"Pharmacy, Community/Retail Pharmacy",12.9,39.5,24.5,66947,4536,1,13,358.1,399234.0
1043375710,BURWELL PHARMACY LLC,DONALD SNYDER,BURWELL,NE,68823,3083464747,BURWELL PHARMACY LLC,3083464747,True,True,"Pharmacy, Community/Retail Pharmacy",12.8,39.0,28.1,67972,2087,1,13,358.1,399234.0
1922150275,"FRIENDLY NEIGHBOR HEALTHCARE, LLC",KURT CARRAHER,SPALDING,NE,68665,3084972250,"FRIENDLY NEIGHBOR HEALTHCARE, LLC",3084972250,True,True,"Pharmacy, Community/Retail Pharmacy",12.6,35.4,27.0,62917,767,1,13,358.1,399234.0
1003456005,"TGSC VENTURES, LLC",TYLER STURGEON,BROKEN BOW,NE,68822,3088725231,"TGSC VENTURES, LLC",3088725231,True,True,"Pharmacy, Community/Retail Pharmacy",12.4,40.6,21.7,65826,4573,1,13,358.1,399234.0
1053418988,HOLCOMB PHARMACY PC,MIKE HOLCOMB,BROKEN BOW,NE,68822,3088725231,HOLCOMB PHARMACY PC,3088725231,True,True,"Pharmacy, Community/Retail Pharmacy",12.4,40.6,21.7,65826,4573,1,13,358.1,399234.0
1750306619,TOWN AND COUNTRY PHARMACY INC,ROBERT NUNNS,GENEVA,NE,68361,4027594433,TOWN AND COUNTRY PHARMACY INC,4027594433,True,True,"Pharmacy, Community/Retail Pharmacy",12.3,41.0,23.4,79537,2448,1,13,358.1,399234.0
1003646761,BLUE HILL PHARMACY,HEATHER OCKINGA,BLUE HILL,NE,68930,4027563811,BLUE HILL PHARMACY,4027563811,True,True,"Pharmacy, Community/Retail Pharmacy",11.9,37.9,21.3,68819,1238,1,13,358.1,399234.0
1437164068,RONALD J KARMAZIN,RONALD KARMAZIN,BLUE HILL,NE,68930,4027563811,RONALD J KARMAZIN,4027563811,True,True,"Pharmacy, Community/Retail Pharmacy",11.9,37.9,21.3,68819,1238,1,13,358.1,399234.0
1861502411,KELLER PHARMACY,VIRGINIA KELLER,PONCA,NE,68770,4027552216,KELLER PHARMACY,4027552216,True,True,"Pharmacy, Community/Retail Pharmacy",11.7,42.0,27.0,66250,1387,1,13,358.1,399234.0
1609942234,GREEN RIVER ASSOCIATES INC,COLBY HAYNES,TECUMSEH,NE,68450,4023353375,GREEN RIVER ASSOCIATES INC,4023353375,True,True,"Pharmacy, Community/Retail Pharmacy",11.7,39.6,17.5,47157,3111,1,13,358.1,399234.0
1396696654,ST FRANCIS SERVICES LLC,MICHELLE BORGMANN,HOWELLS,NE,68641,4023724060,ST FRANCIS SERVICES LLC,4023724060,True,True,"Pharmacy, Community/Retail Pharmacy",11.5,36.8,27.2,71726,986,1,13,358.1,399234.0
1902946239,JERRY L LAGERSTROM,JERRY LAGERSTROM,PLATTSMOUTH,NE,68048,4022964455,JERRY L LAGERSTROM,4022964455,True,True,"Pharmacy, Community/Retail Pharmacy",11.1,40.7,17.4,85083,13833,1,13,358.1,399234.0
1952316564,RUFFNER PHARMACY LLC,TROY RUFFNER,PLATTSMOUTH,NE,68048,4022966900,RUFFNER PHARMACY LLC,4022966900,True,True,"Pharmacy, Community/Retail Pharmacy",11.1,40.7,17.4,85083,13833,1,13,358.1,399234.0
1396412292,"KUBAT PHARMACY LOUISVILLE, LLC",ANTHONY SCHMID,LOUISVILLE,NE,68037,4022343025,"KUBAT PHARMACY LOUISVILLE, LLC",4022343025,True,True,"Pharmacy, Community/Retail Pharmacy",11.0,40.6,15.5,96875,2471,1,13,358.1,399234.0
1710068572,BALYNOR INC,TRAVIS KUCHAR,CENTRAL CITY,NE,68826,3089463859,BALYNOR INC,3089463859,True,True,"Pharmacy, Community/Retail Pharmacy",11.6,39.1,19.6,66154,3976,1,12,358.1,399234.0
1841585536,FSTH INC,FADI TANBOUZA-HUSSEINI,CENTRAL CITY,NE,68826,3089462205,FSTH INC,3089462205,True,True,"Pharmacy, Community/Retail Pharmacy",11.6,39.1,19.6,66154,3976,1,12,358.1,399234.0
1164576518,DAILEYS CLINIC PHARMACY INC,DANIEL DAILEY,WAHOO,NE,68066,4024433791,DAILEYS CLINIC PHARMACY INC,4024433791,True,True,"Pharmacy, Community/Retail Pharmacy",10.7,39.9,17.8,90324,5725,1,12,358.1,399234.0
1811908452,VOGT PHARMACIES INC,MARK VOGT,WAHOO,NE,68066,4024434188,VOGT PHARMACIES INC,4024434188,True,True,"Pharmacy, Community/Retail Pharmacy",10.7,39.9,17.8,90324,5725,1,12,358.1,399234.0
1730225343,DAILEYS CLINIC PHCY INC,TIMOTHY LORENZ,WAHOO,NE,68066,4024433979,DAILEYS CLINIC PHCY INC,4024433979,True,True,"Pharmacy, Community/Retail Pharmacy",10.7,39.9,17.8,90324,5725,1,12,358.1,399234.0
1063089050,WAHOO MAN LLC,JED LEWIS,WAHOO,NE,68066,4024434167,WAHOO MAN LLC,4024434167,True,True,"Pharmacy, Community/Retail Pharmacy",10.7,39.9,17.8,90324,5725,1,12,358.1,399234.0
1083797005,VOGT PHARMACIES INC,MARK VOGT,WAHOO,NE,68066,4024434167,VOGT PHARMACIES INC,4024434167,True,True,Pharmacy,10.7,39.9,17.8,90324,5725,1,12,358.1,399234.0
1689093031,LOUP CITY RX SHOPPE INC,KASI BODYFIELD,LOUP CITY,NE,68853,3087452109,LOUP CITY RX SHOPPE INC,3087452109,True,True,"Pharmacy, Community/Retail Pharmacy",13.9,41.6,31.8,52159,1309,1,11,358.1,399234.0
1992836357,REIMER PHARMACY LLC,NIKOLAS REIMER,FULLERTON,NE,68638,3085362641,REIMER PHARMACY LLC,3085362641,True,True,"Pharmacy, Community/Retail Pharmacy",13.9,41.0,21.5,61538,1810,1,11,358.1,399234.0
1699191734,"ARBORPHARM, LLC",JEREMY WALTKE,WYMORE,NE,68466,4026453080,"ARBORPHARM, LLC",4026453080,True,True,"Pharmacy, Community/Retail Pharmacy",13.4,42.4,24.8,58000,1675,1,11,358.1,399234.0
1699879650,CLABAUGH PHARMACY INC,NATHAN CLABAUGH,BEATRICE,NE,68310,4022233591,CLABAUGH PHARMACY INC,4022233591,True,True,"Pharmacy, Community/Retail Pharmacy",13.2,42.5,22.1,58608,14381,1,11,358.1,399234.0
1972374163,"KUBAT PHARMACY BEATRICE, LLC",ANTHONY SCHMID,BEATRICE,NE,68310,4022234779,"KUBAT PHARMACY BEATRICE, LLC",4022234779,True,True,Pharmacy,13.2,42.5,22.1,58608,14381,1,11,358.1,399234.0
1487654828,"DEINES PHARMACY, LLC",BRIAN DANIEL,BEATRICE,NE,68310,4022234779,"DEINES PHARMACY, LLC",4022234779,True,True,"Pharmacy, Community/Retail Pharmacy",13.2,42.5,22.1,58608,14381,1,11,358.1,399234.0
1720854722,"KUBAT PHARMACY BEATRICE, LLC",ANTHONY SCHMID,BEATRICE,NE,68310,4022234779,"KUBAT PHARMACY BEATRICE, LLC",4022234779,True,True,Pharmacy,13.2,42.5,22.1,58608,14381,1,11,358.1,399234.0
1043322043,TML4LIFE INC,TOD LUNDBERG,BEATRICE,NE,68310,4022232379,TML4LIFE INC,4022232379,True,True,"Pharmacy, Community/Retail Pharmacy",13.2,42.5,22.1,58608,14381,1,11,358.1,399234.0
1811059652,MARSHALL PHARMACY,STEVE MARSHALL,ST. EDWARD,NE,68660,4026782551,MARSHALL PHARMACY,4026782551,True,True,"Pharmacy, Community/Retail Pharmacy",13.0,34.7,26.1,59479,993,1,11,358.1,399234.0
1386657575,BLAHA & BLAHA INC,MICHAEL BLAHA,ORD,NE,68862,3087285922,BLAHA & BLAHA INC,3087285922,True,True,"Pharmacy, Community/Retail Pharmacy",12.9,42.4,22.8,57303,2940,1,11,358.1,399234.0
1861210726,"KD DRUG, LLC",TRAVIS KUCHAR,GENOA,NE,68640,4029933533,"KD DRUG, LLC",4029933533,True,True,"Pharmacy, Community/Retail Pharmacy",12.5,40.9,21.0,65000,1045,1,11,358.1,399234.0
1508390733,"FRIENDLY NEIGHBOR HEALTHCARE, LLC",KURT CARRAHER,ALBION,NE,68620,4023952184,"FRIENDLY NEIGHBOR HEALTHCARE, LLC",4023952184,True,True,"Pharmacy, Community/Retail Pharmacy",12.1,32.3,23.3,79688,2927,1,11,358.1,399234.0
1528064540,AME,JOAN KICKEN,OSHKOSH,NE,69154,3087723333,AME,3087723333,True,True,"Pharmacy, Community/Retail Pharmacy",15.2,40.2,30.9,43214,1077,1,10,358.1,399234.0
1720004674,BEMIS DRUG LLC,VICKILEE EINHELLIG,KIMBALL,NE,69145,3082353936,BEMIS DRUG LLC,3082353936,True,True,"Pharmacy, Community/Retail Pharmacy",14.9,41.9,28.7,60795,2583,1,10,358.1,399234.0
1932238714,WALKER PHARMACY INC,LARRY WALKER,KIMBALL,NE,69145,3082352361,WALKER PHARMACY INC,3082352361,True,True,"Pharmacy, Community/Retail Pharmacy",14.9,41.9,28.7,60795,2583,1,10,358.1,399234.0
1770145492,OUR TOWN PHARMACY LLC,MICHELLE SCHMID,CHAPPELL,NE,69129,3088742428,OUR TOWN PHARMACY LLC,3088742428,True,True,"Pharmacy, Community/Retail Pharmacy",14.3,40.5,26.5,58333,1241,1,10,358.1,399234.0
1710750997,"3D RX, INC",HELEN IANNIELLO,CRAWFORD,NE,69339,8336652170,"3D RX, INC",8336652170,True,True,"Pharmacy, Community/Retail Pharmacy",14.1,37.6,28.9,63466,1509,1,10,358.1,399234.0
1245852185,"SERVICE DRUGS, INC.",ANDREW PETERSEN,CRAWFORD,NE,69339,3086654138,"SERVICE DRUGS, INC.",3086654138,True,True,"Pharmacy, Community/Retail Pharmacy",14.1,37.6,28.9,63466,1509,1,10,358.1,399234.0
1669663134,"CRAWFORD PHARMACY, LLC",BROOKE HEINE,CRAWFORD,NE,69339,3086651395,"CRAWFORD PHARMACY, LLC",3086651395,True,True,"Pharmacy, Community/Retail Pharmacy",14.1,37.6,28.9,63466,1509,1,10,358.1,399234.0
1073001244,ALLIANCE COMMUNITY PHARMACY,TIMOTHY KOTSCHWAR,ALLIANCE,NE,69301,3086291045,ALLIANCE COMMUNITY PHARMACY,3086291045,True,True,"Pharmacy, Community/Retail Pharmacy",12.9,39.2,20.0,70260,9525,1,10,358.1,399234.0
1093206062,KEYSTONE RX CORPORATION INC,DAVID RANDOLPH,ALLIANCE,NE,69301,3087624811,KEYSTONE RX CORPORATION INC,3087624811,True,True,"Pharmacy, Community/Retail Pharmacy",12.9,39.2,20.0,70260,9525,1,10,358.1,399234.0
1922411925,KEYSTONE RX CORPORATION INC,DAVID RANDOLPH,HEMINGFORD,NE,69348,3084875212,KEYSTONE RX CORPORATION INC,3084875212,True,True,"Pharmacy, Community/Retail Pharmacy",12.7,38.1,22.3,68643,1355,1,10,358.1,399234.0
1770697740,MIDWEST HEALTH INNOVATIONS LLC,TILLARA KRUSE,SCRIBNER,NE,68057,4026643133,MIDWEST HEALTH INNOVATIONS LLC,4026643133,True,True,"Pharmacy, Community/Retail Pharmacy",12.1,39.3,19.9,77563,1435,1,10,358.1,399234.0
1275483299,MIDWEST MEDICATION ADVISORY LLC,KODJOVI HOENOU,FREMONT,NE,68025,4026016565,MIDWEST MEDICATION ADVISORY LLC,4026016565,True,True,"Pharmacy, Community/Retail Pharmacy",11.7,39.7,19.5,69467,31201,1,10,358.1,399234.0
1891453247,"KUBAT PHARMACY, LLC",BRIAN DANIEL,FREMONT,NE,68025,4027274004,"KUBAT PHARMACY, LLC",4027274004,True,True,"Pharmacy, Community/Retail Pharmacy",11.7,39.7,19.5,69467,31201,1,10,358.1,399234.0
1144798729,METHODIST FREMONT HEALTH,BRETT RICHMOND,FREMONT,NE,68025,4027271610,METHODIST FREMONT HEALTH,4027271610,True,True,"Pharmacy, Community/Retail Pharmacy",11.7,39.7,19.5,69467,31201,1,10,358.1,399234.0
1154491462,MILLER PHARMACY NORTH,GARY JURGENSON,FREMONT,NE,68025,4027215433,MILLER PHARMACY NORTH,4027215433,True,True,"Pharmacy, Community/Retail Pharmacy",11.7,39.7,19.5,69467,31201,1,10,358.1,399234.0
1255485603,A & A DRUG COMPANY,CHRISTY PITI,FREMONT,NE,68025,4027217634,A & A DRUG COMPANY,4027217634,True,True,"Pharmacy, Community/Retail Pharmacy",11.7,39.7,19.5,69467,31201,1,10,358.1,399234.0
1568521466,FREMONT HEALTH,PATRICK BOOTH,FREMONT,NE,68025,4027273820,FREMONT HEALTH,4027273820,True,True,"Pharmacy, Community/Retail Pharmacy",11.7,39.7,19.5,69467,31201,1,10,358.1,399234.0
1417968926,MILLER PHARMACY INC,MARK VOGT,FREMONT,NE,68025,4027211100,MILLER PHARMACY INC,4027211100,True,True,"Pharmacy, Community/Retail Pharmacy",11.7,39.7,19.5,69467,31201,1,10,358.1,399234.0
1871680066,RONS PHARMACY INC,RONALD SCHINDLER,NORTH BEND,NE,68649,4026523217,RONS PHARMACY INC,4026523217,True,True,"Pharmacy, Community/Retail Pharmacy",11.6,38.9,20.6,85714,1831,1,10,358.1,399234.0
1962026138,GREEN RIVER ASSOCIATES INC,COLBY HAYNES,AUBURN,NE,68305,4028830500,GREEN RIVER ASSOCIATES INC,4028830500,True,True,"Pharmacy, Community/Retail Pharmacy",12.9,42.3,22.7,58371,4338,1,9,358.1,399234.0
1790701068,HILLTOP ENTERPRISES,GARY GNSZ,AUBURN,NE,68305,4022745225,HILLTOP ENTERPRISES,4022745225,True,True,"Pharmacy, Community/Retail Pharmacy",12.9,42.3,22.7,58371,4338,1,9,358.1,399234.0
1992726640,U SAVE PHARMACY OF AUBURN LLC,CODY KUSZAK,AUBURN,NE,68305,4022744186,U SAVE PHARMACY OF AUBURN LLC,4022744186,True,True,"Pharmacy, Community/Retail Pharmacy",12.9,42.3,22.7,58371,4338,1,9,358.1,399234.0
1457711988,"PHARMWERKS, INC",HYRUM WILSON,AUBURN,NE,68305,4022745225,"PHARMWERKS, INC",4022745225,True,True,Pharmacy,12.9,42.3,22.7,58371,4338,1,9,358.1,399234.0
1801978697,ALLISON PHARMACY,HARRY ALLISON,AUBURN,NE,68305,4022744315,ALLISON PHARMACY,4022744315,True,True,"Pharmacy, Community/Retail Pharmacy",12.9,42.3,22.7,58371,4338,1,9,358.1,399234.0
1912351354,BAILEY DRUG INC.,ROBERT BAILEY,TEKAMAH,NE,68061,4023742500,BAILEY DRUG INC.,4023742500,True,True,"Pharmacy, Community/Retail Pharmacy",12.9,39.9,23.8,56932,2249,1,8,358.1,399234.0
1992800114,"DENDINGER DRUG, LLC",ASHLEY DENDINGER,PLAINVIEW,NE,68769,4025824204,"DENDINGER DRUG, LLC",4025824204,True,True,"Pharmacy, Community/Retail Pharmacy",12.5,40.0,23.3,64737,1685,1,8,358.1,399234.0
1740012855,USPRX INC,BRIAN WILSON,IMPERIAL,NE,69033,3088824949,USPRX INC,3088824949,True,True,"Pharmacy, Community/Retail Pharmacy",12.5,37.3,21.2,58727,2633,1,8,358.1,399234.0
1003840265,ADAMS DRUG INC.,JAMES HANES,IMPERIAL,NE,69033,3088824949,ADAMS DRUG INC.,3088824949,True,True,"Pharmacy, Community/Retail Pharmacy",12.5,37.3,21.2,58727,2633,1,8,358.1,399234.0
1003914615,HOMETOWN DEVELOPMENT,DIANE SANDALL,IMPERIAL,NE,69033,3088824863,HOMETOWN DEVELOPMENT,3088824863,True,True,"Pharmacy, Community/Retail Pharmacy",12.5,37.3,21.2,58727,2633,1,8,358.1,399234.0
1285710913,SCOTT A. TAYLOR,SCOTT TAYLOR,OSMOND,NE,68765,4027493708,SCOTT A. TAYLOR,4027493708,True,True,"Pharmacy, Community/Retail Pharmacy",12.2,39.7,22.1,71375,1158,1,8,358.1,399234.0
1225865900,ST. FRANCIS SERVICES LLC,MICHELLE BORGMANN,OAKLAND,NE,68045,4023724060,ST. FRANCIS SERVICES LLC,4023724060,True,True,"Pharmacy, Community/Retail Pharmacy",12.1,39.2,19.8,76842,2191,1,8,358.1,399234.0
1912949793,PATEFIELD ENTERPRISES INC,MARK PATEFIELD,LAUREL,NE,68745,4022563511,PATEFIELD ENTERPRISES INC,4022563511,True,True,"Pharmacy, Community/Retail Pharmacy",11.4,40.3,17.9,68625,1747,1,8,358.1,399234.0
1679636856,STEFFEN DRUG INC,MATT STEFFEN,HARTINGTON,NE,68739,4022543549,STEFFEN DRUG INC,4022543549,True,True,"Pharmacy, Community/Retail Pharmacy",11.0,40.4,22.7,87621,2766,1,8,358.1,399234.0
1598249146,"STEFFEN DRUG, INC.",MATTHEW STEFFEN,PIERCE,NE,68767,4023294067,"STEFFEN DRUG, INC.",4023294067,True,True,"Pharmacy, Community/Retail Pharmacy",10.4,39.0,18.1,77878,3389,1,8,358.1,399234.0
1619929049,WESTHOLL INC,MARK PATEFIELD,WAYNE,NE,68787,4023752922,WESTHOLL INC,4023752922,True,True,"Pharmacy, Community/Retail Pharmacy",8.9,37.4,14.7,59184,6816,1,8,358.1,399234.0
1790276103,HARRIS APOTHECARIES LLC,HEATHER HARRIS OCKINGA,FRANKLIN,NE,68939,3084253004,HARRIS APOTHECARIES LLC,3084253004,True,True,"Pharmacy, Community/Retail Pharmacy",15.5,40.3,34.7,51207,1094,1,7,358.1,399234.0
1073693735,NADENS PHARMACY,MICHAEL NADEN,FRANKLIN,NE,68939,3084253319,NADENS PHARMACY,3084253319,True,True,"Pharmacy, Community/Retail Pharmacy",15.5,40.3,34.7,51207,1094,1,7,358.1,399234.0
1760785042,SHERDA ENTERPRISES LLC,DAVE LIESKE,FRANKLIN,NE,68939,3084253319,SHERDA ENTERPRISES LLC,3084253319,True,True,"Pharmacy, Community/Retail Pharmacy",15.5,40.3,34.7,51207,1094,1,7,358.1,399234.0
1235570714,MITCHELL DRUG,ROBERT BAILEY,MITCHELL,NE,69357,3086232400,MITCHELL DRUG,3086232400,True,True,"Pharmacy, Community/Retail Pharmacy",13.7,39.5,17.7,69958,3563,1,7,358.1,399234.0
1164524310,GRIFFS COMPOUNDING CENTER INC,CLARK GRIFFITH,SCOTTSBLUFF,NE,69361,3086359800,GRIFFS COMPOUNDING CENTER INC,3086359800,True,True,"Pharmacy, Compounding Pharmacy",13.5,39.8,20.5,55531,16965,1,7,358.1,399234.0
1831710441,ST FRANCIS SERVICES LLC,TYLER TOLINE,WEST POINT,NE,68788,4023724060,ST FRANCIS SERVICES LLC,4023724060,True,True,"Pharmacy, Community/Retail Pharmacy",12.1,41.1,21.2,67632,4531,1,7,358.1,399234.0
1588129720,PENDER CARE CENTRE DISTRICT INC,LAURA GAMBLE,WEST POINT,NE,68788,4023721034,PENDER CARE CENTRE DISTRICT INC,4023721034,True,True,"Pharmacy, Community/Retail Pharmacy",12.1,41.1,21.2,67632,4531,1,7,358.1,399234.0
1770695777,EPE INC,JON EINFALT,WEST POINT,NE,68788,4023722108,EPE INC,4023722108,True,True,"Pharmacy, Community/Retail Pharmacy",12.1,41.1,21.2,67632,4531,1,7,358.1,399234.0
1871942896,PENDER CARE CENTRE DISTRICT INC,LAURA GAMBLE,WISNER,NE,68791,4025293550,PENDER CARE CENTRE DISTRICT INC,4025293550,True,True,"Pharmacy, Community/Retail Pharmacy",12.0,40.7,21.5,76324,1998,1,7,358.1,399234.0
1881780252,RICHARD P. NORGARD,RICHARD NORGARD,WISNER,NE,68791,4025293277,RICHARD P. NORGARD,4025293277,True,True,"Pharmacy, Community/Retail Pharmacy",12.0,40.7,21.5,76324,1998,1,7,358.1,399234.0
1659474765,HAYS PHARMACY INC.,PAUL FULMER,ALMA,NE,68920,3089282022,HAYS PHARMACY INC.,3089282022,True,True,"Pharmacy, Community/Retail Pharmacy",13.4,35.0,23.3,73077,1475,0,0,358.1,399234.0
1215783899,"HILLTOP COMMUNITY PHARMACY, LLC",DIANE BRUGGER,NELIGH,NE,68756,4028875501,"HILLTOP COMMUNITY PHARMACY, LLC",4028875501,True,True,"Pharmacy, Community/Retail Pharmacy",12.8,41.8,22.9,61326,1932,0,0,358.1,399234.0
1144941055,"BLOOD PHARMACY, LLC",JOSHUA BLOOD,NELIGH,NE,68756,4028875426,"BLOOD PHARMACY, LLC",4028875426,True,True,"Pharmacy, Community/Retail Pharmacy",12.8,41.8,22.9,61326,1932,0,0,358.1,399234.0
1306099684,"KUBAT PHARMACY NELIGH, LLC",ANTHONY SCHMID,NELIGH,NE,68756,4028875551,"KUBAT PHARMACY NELIGH, LLC",4028875551,True,True,"Pharmacy, Community/Retail Pharmacy",12.8,41.8,22.9,61326,1932,0,0,358.1,399234.0
1679348593,WARRIOR MAN LLC,JED LEWIS,NELIGH,NE,68756,4028875551,WARRIOR MAN LLC,4028875551,True,True,"Pharmacy, Community/Retail Pharmacy",12.8,41.8,22.9,61326,1932,0,0,358.1,399234.0
1558374140,CW INC,DANELLE CHARF,NELIGH,NE,68756,4028875426,CW INC,4028875426,True,True,"Pharmacy, Community/Retail Pharmacy",12.8,41.8,22.9,61326,1932,0,0,358.1,399234.0
1093857823,"JOHNSON PHARMACY OF FRIEND, INC.",RONALD STYSKAL,FRIEND,NE,68359,4029472341,"JOHNSON PHARMACY OF FRIEND, INC.",4029472341,True,True,"Pharmacy, Community/Retail Pharmacy",12.7,40.0,15.0,81250,1512,0,0,358.1,399234.0
1780409136,"DENDINGER DRUG, LLC",ASHLEY DENDINGER,TILDEN,NE,68781,4026402968,"DENDINGER DRUG, LLC",4026402968,True,True,"Pharmacy, Community/Retail Pharmacy",12.0,41.0,32.1,63375,1388,0,0,358.1,399234.0
1134840044,"BLOOD PHARMACY, LLC",JOSHUA BLOOD,TILDEN,NE,68781,4023685385,"BLOOD PHARMACY, LLC",4023685385,True,True,"Pharmacy, Community/Retail Pharmacy",12.0,41.0,32.1,63375,1388,0,0,358.1,399234.0
1154811701,TILDEN PHARMACY,DANELLE CHARF,TILDEN,NE,68781,4023685385,TILDEN PHARMACY,4023685385,True,True,"Pharmacy, Community/Retail Pharmacy",12.0,41.0,32.1,63375,1388,0,0,358.1,399234.0
1447966965,"KUHILL, INC",TRAVIS KUCHAR,OSCEOLA,NE,68651,4026038728,"KUHILL, INC",4026038728,True,True,"Pharmacy, Community/Retail Pharmacy",12.0,41.2,21.8,80375,1293,0,0,358.1,399234.0
1427113356,"BAILEY DRUG, INC",ROBERT BAILEY,OSCEOLA,NE,68651,4027472441,"BAILEY DRUG, INC",4027472441,True,True,"Pharmacy, Community/Retail Pharmacy",12.0,41.2,21.8,80375,1293,0,0,358.1,399234.0
1548281595,BERTS DRUG INC,MICHAEL FULLER,HASTINGS,NE,68901,4024624466,BERTS DRUG INC,4024624466,True,True,"Pharmacy, Community/Retail Pharmacy",11.9,41.4,18.3,63547,26208,0,0,358.1,399234.0
1952413957,KEITHS DRIVE IN DRUGS INC,PATRICIA GOLLNER,HASTINGS,NE,68901,4024630515,KEITHS DRIVE IN DRUGS INC,4024630515,True,True,"Pharmacy, Community/Retail Pharmacy",11.9,41.4,18.3,63547,26208,0,0,358.1,399234.0
1629094081,ALLENS OF HASTINGS INC,KRISTIN ALLEN,HASTINGS,NE,68901,4024632240,ALLENS OF HASTINGS INC,4024632240,True,True,"Pharmacy, Community/Retail Pharmacy",11.9,41.4,18.3,63547,26208,0,0,358.1,399234.0
1134231137,KEITHS DRIVE-IN DRUGS INC,BRENT GOLLNER,HASTINGS,NE,68901,4024622517,KEITHS DRIVE-IN DRUGS INC,4024622517,True,True,"Pharmacy, Community/Retail Pharmacy",11.9,41.4,18.3,63547,26208,0,0,358.1,399234.0
1982020590,"B&R STORES, INC",ANTHONY SCHMID,HASTINGS,NE,68901,4024633574,"B&R STORES, INC",4024633574,True,True,"Pharmacy, Community/Retail Pharmacy",11.9,41.4,18.3,63547,26208,0,0,358.1,399234.0
1821139551,NO FRILLS PHARMACY LLC,MICHAEL AKSAMIT,BELLEVUE,NE,68005,4026829898,NO FRILLS PHARMACY LLC,4026829898,True,True,Pharmacy,11.9,38.1,17.1,66347,21912,0,0,358.1,399234.0
1588707996,NO FRILLS PHARMACY LLC,MIKE AKSAMIT,BELLEVUE,NE,68005,4027347814,NO FRILLS PHARMACY LLC,4027347814,True,True,"Pharmacy, Community/Retail Pharmacy",11.9,38.1,17.1,66347,21912,0,0,358.1,399234.0
1831283316,BKM INC,KENNETH MARVIN,CRETE,NE,68333,4028263784,BKM INC,4028263784,True,True,"Pharmacy, Community/Retail Pharmacy",11.6,40.4,15.4,80625,9257,0,0,358.1,399234.0
1407517972,HENDERSON PHARMACY LLC,RANDY BALDWIN,HENDERSON,NE,68371,4027234475,HENDERSON PHARMACY LLC,4027234475,True,True,"Pharmacy, Community/Retail Pharmacy",11.5,38.7,30.4,78036,1199,0,0,358.1,399234.0
1881781557,DONALD FRANK NORRIS,DONALD NORRIS,HENDERSON,NE,68371,4027234475,DONALD FRANK NORRIS,4027234475,True,True,"Pharmacy, Community/Retail Pharmacy",11.5,38.7,30.4,78036,1199,0,0,358.1,399234.0
1669493177,MBC PHARMACY INC,CHARLES MOORE,YORK,NE,68467,4023624429,MBC PHARMACY INC,4023624429,True,True,"Pharmacy, Community/Retail Pharmacy",11.3,41.6,20.2,68927,9688,0,0,358.1,399234.0
1518972157,DCRX INC,ANTHONY HRUSKA,DAVID CITY,NE,68632,4023673068,DCRX INC,4023673068,True,True,"Pharmacy, Community/Retail Pharmacy",11.2,38.2,18.5,74375,3877,0,0,358.1,399234.0
1427062785,PHARMACY EXPRESS SERVICES INC.,BRUCE GOLDBERG,OMAHA,NE,68157,4028276700,PHARMACY EXPRESS SERVICES INC.,4028276700,True,True,"Pharmacy, Community/Retail Pharmacy",11.2,37.5,16.2,96126,5345,0,0,358.1,399234.0
1992887780,BARNAS DRUG INC,STEVEN BARNAS,WILBER,NE,68465,4028212834,BARNAS DRUG INC,4028212834,True,True,"Pharmacy, Community/Retail Pharmacy",10.9,39.2,15.1,83938,2682,0,0,358.1,399234.0
1346323946,INNOVATIVE PHARMACISTS INC,TAMI HANSON,MINDEN,NE,68959,3088322816,INNOVATIVE PHARMACISTS INC,3088322816,True,True,"Pharmacy, Community/Retail Pharmacy",10.8,38.6,22.4,68493,3966,0,0,358.1,399234.0
1841333515,NO FRILLS PHARMACY LLC,MICHAEL AKSAMIT,BLAIR,NE,68008,4026571793,NO FRILLS PHARMACY LLC,4026571793,True,True,"Pharmacy, Community/Retail Pharmacy",10.7,41.2,18.1,86905,12906,0,0,358.1,399234.0
1295828119,BLAIR WEST PHARMACY,MIKE COMSTOCK,BLAIR,NE,68008,4024263700,BLAIR WEST PHARMACY,4024263700,True,True,"Pharmacy, Community/Retail Pharmacy",10.7,41.2,18.1,86905,12906,0,0,358.1,399234.0
1306909668,"CCB CONSULTING, INC",VICKI BARR,BLAIR,NE,68008,4024262187,"CCB CONSULTING, INC",4024262187,True,True,"Pharmacy, Community/Retail Pharmacy",10.7,41.2,18.1,86905,12906,0,0,358.1,399234.0
1053854018,SPRINGFIELDDRUG,KEITH HENTZEN,SPRINGFIELD,NE,68059,4022532000,SPRINGFIELDDRUG,4022532000,True,True,"Pharmacy, Community/Retail Pharmacy",10.6,35.1,22.6,97210,3354,0,0,358.1,399234.0
1578571709,U SAVE PHARMACY OF AURORA INC,JIMMIE MORRIS,AURORA,NE,68818,4026943187,U SAVE PHARMACY OF AURORA INC,4026943187,True,True,"Pharmacy, Community/Retail Pharmacy",10.3,40.6,19.8,72330,5596,0,0,358.1,399234.0
1336384940,U-SAVE PHARMACY OF AURORA,JAMES MCHARGUE,AURORA,NE,68818,4026943187,U-SAVE PHARMACY OF AURORA,4026943187,True,True,"Pharmacy, Community/Retail Pharmacy",10.3,40.6,19.8,72330,5596,0,0,358.1,399234.0
1386729515,USAVE PHARMACY MILFORD,TRAVIS MALOLEY,MILFORD,NE,68405,4027612222,USAVE PHARMACY MILFORD,4027612222,True,True,"Pharmacy, Community/Retail Pharmacy",9.7,34.9,16.0,80906,3511,0,0,358.1,399234.0
1326104936,D AND L PHARMACY INC.,MICHAEL CORDWIN,LA VISTA,NE,68128,4025922500,D AND L PHARMACY INC.,4025922500,True,True,"Pharmacy, Community/Retail Pharmacy",9.7,36.0,13.9,81870,18994,0,0,358.1,399234.0
1952660615,ALEGENT CREIGHTON HEALTH,MIKE TIESI,LA VISTA,NE,68128,4027179510,ALEGENT CREIGHTON HEALTH,4027179510,True,True,"Pharmacy, Community/Retail Pharmacy",9.7,36.0,13.9,81870,18994,0,0,358.1,399234.0
1588777411,D & L RX INC,DANIEL POMAJZL,SEWARD,NE,68434,4026432918,D & L RX INC,4026432918,True,True,"Pharmacy, Community/Retail Pharmacy",9.4,33.6,18.4,78064,9032,0,0,358.1,399234.0
1851461636,MEMORIAL HEALTH CARE SYSTEMS,STACIE DYER,SEWARD,NE,68434,4026464607,MEMORIAL HEALTH CARE SYSTEMS,4026464607,True,True,"Pharmacy, Community/Retail Pharmacy",9.4,33.6,18.4,78064,9032,0,0,358.1,399234.0
1790871655,ALEGENT CREIGHTON HEALTH,MIKE TIESI,PAPILLION,NE,68046,4028274200,ALEGENT CREIGHTON HEALTH,4028274200,True,True,"Pharmacy, Community/Retail Pharmacy",9.1,35.4,12.8,113708,34110,0,0,358.1,399234.0
1568704948,JSK DRUG LLC,KHATU ERLBACHER,PAPILLION,NE,68046,4025026511,JSK DRUG LLC,4025026511,True,True,"Pharmacy, Community/Retail Pharmacy",9.1,35.4,12.8,113708,34110,0,0,358.1,399234.0
1083700959,ALEGENT CREIGHTON HEALTH,MIKE TIESI,BELLEVUE,NE,68123,4022915076,ALEGENT CREIGHTON HEALTH,4022915076,True,True,"Pharmacy, Community/Retail Pharmacy",8.8,36.1,10.0,96188,34098,0,0,358.1,399234.0
1770586349,AMBER ENTERPRISES INC.,KRISTIN WILLIAMS,OMAHA,NE,68138,4028965000,AMBER ENTERPRISES INC.,4028965000,True,True,"Pharmacy, Community/Retail Pharmacy",8.6,36.5,9.5,82555,11638,0,0,358.1,399234.0
1508329012,"AMBER ENTERPRISES, INC.",KRISTIN WILLIAMS,OMAHA,NE,68138,4028965000,"AMBER ENTERPRISES, INC.",4028965000,True,True,"Pharmacy, Specialty Pharmacy",8.6,36.5,9.5,82555,11638,0,0,358.1,399234.0
1700115086,"HYVACS, LLC",KRISTIN WILLIAMS,OMAHA,NE,68138,4028614938,"HYVACS, LLC",4028614938,True,True,"Pharmacy, Community/Retail Pharmacy",8.6,36.5,9.5,82555,11638,0,0,358.1,399234.0
1578509956,AH PHARMACY SERVICES LLC,CRAIG STUMPFF,OMAHA,NE,68138,4028295239,AH PHARMACY SERVICES LLC,4028295239,True,True,"Pharmacy, Community/Retail Pharmacy",8.6,36.5,9.5,82555,11638,0,0,358.1,399234.0
1598834442,MCKINNEYS FOOD CENTER LIMITED LIABILITY COMPANY,ROBERT MCKINNEY,GRETNA,NE,68028,4023325167,MCKINNEYS FOOD CENTER LIMITED LIABILITY COMPANY,4023325167,True,True,"Pharmacy, Community/Retail Pharmacy",8.0,34.5,8.3,141356,17248,0,0,358.1,399234.0
1124366851,U-SAVE PHARMACY INC,MIKE HAMIK,GRETNA,NE,68028,4023325990,U-SAVE PHARMACY INC,4023325990,True,True,"Pharmacy, Community/Retail Pharmacy",8.0,34.5,8.3,141356,17248,0,0,358.1,399234.0
