npi,display_name,owner_name,city,state,zip,phone,cms_org_name,cms_phone,address_matches,phone_matches,primary_taxonomy_desc,zip_diabetes_pct,zip_obesity_pct,zip_pct_65_plus,zip_median_income,zip_population,hpsa_designated,hpsa_score,state_glp1_claims_per_pharmacy,state_glp1_cost_per_pharmacy
1942341896,"EMERALD LAKE, I NC",MARCEL EZEOKE,LAS VEGAS,NV,89106,7026786776,"EMERALD LAKE, I NC",7026786776,True,True,"Pharmacy, Community/Retail Pharmacy",17.8,41.3,11.8,38848,26440,1,22,492.5,713100.0
1760266506,UNION HEALTH INC,SANA AFZAL,LAS VEGAS,NV,89106,7029077735,UNION HEALTH INC,7029077735,True,True,"Pharmacy, Community/Retail Pharmacy",17.8,41.3,11.8,38848,26440,1,22,492.5,713100.0
1649653874,AMERICAN SPECIALTY PHARMACY INC,ABDUL HAMEED,LAS VEGAS,NV,89106,7029124844,AMERICAN SPECIALTY PHARMACY INC,7029124844,True,True,"Pharmacy, Community/Retail Pharmacy",17.8,41.3,11.8,38848,26440,1,22,492.5,713100.0
1568854289,UHS RETAIL PHARMACY LLC,DAVID CHAN,LAS VEGAS,NV,89106,7024254904,UHS RETAIL PHARMACY LLC,7024254904,True,True,"Pharmacy, Community/Retail Pharmacy",17.8,41.3,11.8,38848,26440,1,22,492.5,713100.0
1104009182,ASSURED PHARMACY LAS VEGAS INC,ERIC MUTTER,LAS VEGAS,NV,89106,9492229971,ASSURED PHARMACY LAS VEGAS INC,9492229971,True,True,"Pharmacy, Community/Retail Pharmacy",17.8,41.3,11.8,38848,26440,1,22,492.5,713100.0
1760485692,"BIOSCRIP PHARMACY, INC.",JAMES MELANCON,LAS VEGAS,NV,89106,7024717828,"BIOSCRIP PHARMACY, INC.",7024717828,True,True,"Pharmacy, Community/Retail Pharmacy",17.8,41.3,11.8,38848,26440,1,22,492.5,713100.0
1285934588,MLK PHARMACY INC,SIMA MOGHADAM,LAS VEGAS,NV,89106,7022722278,MLK PHARMACY INC,7022722278,True,True,"Pharmacy, Community/Retail Pharmacy",17.8,41.3,11.8,38848,26440,1,22,492.5,713100.0
1912780610,HIVELLC,YOUJIN SEO,LAUGHLIN,NV,89029,7027095300,HIVELLC,7027095300,True,True,"Pharmacy, Community/Retail Pharmacy",17.6,33.2,38.3,45907,8954,1,22,492.5,713100.0
1063825222,EZYFAST PHARMACY L L C,EZEKIEL KESITILWE,LAUGHLIN,NV,89029,7022981701,EZYFAST PHARMACY L L C,7022981701,True,True,"Pharmacy, Community/Retail Pharmacy",17.6,33.2,38.3,45907,8954,1,22,492.5,713100.0
1528897220,GAY AND LESBIAN COMMUNITY CENTER OF SOUTHERN NEVADA INC,LEANA RAMIREZ,LAS VEGAS,NV,89101,7024769436,GAY AND LESBIAN COMMUNITY CENTER OF SOUTHERN NEVADA INC,7024769436,True,True,"Pharmacy, Community/Retail Pharmacy",16.4,38.9,10.5,38653,44199,1,22,492.5,713100.0
1417821513,M. RX LLC,MARTHA OPPONG,LAS VEGAS,NV,89101,7027788087,M. RX LLC,7027788087,True,True,"Pharmacy, Community/Retail Pharmacy",16.4,38.9,10.5,38653,44199,1,22,492.5,713100.0
1639940505,NEVADA SPECIALTY PHARMACY,SALMAN AZEEM,LAS VEGAS,NV,89101,7023568493,NEVADA SPECIALTY PHARMACY,7023568493,True,True,"Pharmacy, Community/Retail Pharmacy",16.4,38.9,10.5,38653,44199,1,22,492.5,713100.0
1093202046,BENZENE KHEMIKALS,BOBBY BENSON,LAS VEGAS,NV,89101,7027788087,BENZENE KHEMIKALS,7027788087,True,True,"Pharmacy, Community/Retail Pharmacy",16.4,38.9,10.5,38653,44199,1,22,492.5,713100.0
1760817167,DUKE PHARMACY LLC,CARY ROSSEL,LAS VEGAS,NV,89101,7029221899,DUKE PHARMACY LLC,7029221899,True,True,"Pharmacy, Community/Retail Pharmacy",16.4,38.9,10.5,38653,44199,1,22,492.5,713100.0
1487185005,NEVADA HEALTH RX INC,GREG SUNDEM,LAS VEGAS,NV,89101,7026370817,NEVADA HEALTH RX INC,7026370817,True,True,"Pharmacy, Community/Retail Pharmacy",16.4,38.9,10.5,38653,44199,1,22,492.5,713100.0
1306958301,SUN RX DRUGS INC,BRIAN HOLT,LAS VEGAS,NV,89101,7023821166,SUN RX DRUGS INC,7023821166,True,True,"Pharmacy, Community/Retail Pharmacy",16.4,38.9,10.5,38653,44199,1,22,492.5,713100.0
1144619362,TRINITY PHARMACY LLC,SANJAY VEERKAR,LAS VEGAS,NV,89109,8334192921,TRINITY PHARMACY LLC,8334192921,True,True,"Pharmacy, Community/Retail Pharmacy",16.1,34.5,19.9,54917,6924,1,22,492.5,713100.0
1326884289,TRINITY PHARMACY LLC,SANJAY VEERKAR,LAS VEGAS,NV,89109,7027768210,TRINITY PHARMACY LLC,7027768210,True,True,"Pharmacy, Community/Retail Pharmacy",16.1,34.5,19.9,54917,6924,1,22,492.5,713100.0
1790136497,BUDDYS PHARMACY LLC,HEMA PATEL,LAS VEGAS,NV,89109,7028910365,BUDDYS PHARMACY LLC,7028910365,True,True,"Pharmacy, Community/Retail Pharmacy",16.1,34.5,19.9,54917,6924,1,22,492.5,713100.0
1497042600,BY HIS STRIPES INC,RACHEL TUNRAREBI,LAS VEGAS,NV,89109,7028363670,BY HIS STRIPES INC,7028363670,True,True,"Pharmacy, Community/Retail Pharmacy",16.1,34.5,19.9,54917,6924,1,22,492.5,713100.0
1104037548,RYAN'S PHARMACY,RYAN OBREGON,LAS VEGAS,NV,89109,7026500445,RYAN'S PHARMACY,7026500445,True,True,"Pharmacy, Community/Retail Pharmacy",16.1,34.5,19.9,54917,6924,1,22,492.5,713100.0
1346060183,"JTJ MEDICAL SUPPLY, INC",MONIQUE HARLEY-CRUZ,LAS VEGAS,NV,89104,8009392022,"JTJ MEDICAL SUPPLY, INC",8009392022,True,True,"Pharmacy, Community/Retail Pharmacy",15.8,36.0,13.9,50945,39883,1,22,492.5,713100.0
1851480404,"OPTUMRX PHARMACY OF NEVADA, INC.",KEVIN BURR,LAS VEGAS,NV,89104,7026504417,"OPTUMRX PHARMACY OF NEVADA, INC.",7026504417,True,True,"Pharmacy, Community/Retail Pharmacy",15.8,36.0,13.9,50945,39883,1,22,492.5,713100.0
1285851386,PETERSON FAMILY DRUG LLC,SHARI BOCK,LAS VEGAS,NV,89104,7023827373,PETERSON FAMILY DRUG LLC,7023827373,True,True,"Pharmacy, Community/Retail Pharmacy",15.8,36.0,13.9,50945,39883,1,22,492.5,713100.0
1700668274,ALL WESTCARE PHARMACY LLC,TASHIN SHANAN,LAS,NV,89104,7026292212,ALL WESTCARE PHARMACY LLC,7026292212,True,True,"Pharmacy, Community/Retail Pharmacy",15.8,36.0,13.9,50945,39883,1,22,492.5,713100.0
1689267692,BLUE FALCON LLC,UGONNA NNODIM,LAS VEGAS,NV,89104,7022093640,BLUE FALCON LLC,7022093640,True,True,"Pharmacy, Community/Retail Pharmacy",15.8,36.0,13.9,50945,39883,1,22,492.5,713100.0
1003500158,"JOSEPHINE PHARMACY, LLC",OBIAGELI MOMODU,LAS VEGAS,NV,89104,7024031118,"JOSEPHINE PHARMACY, LLC",7024031118,True,True,"Pharmacy, Community/Retail Pharmacy",15.8,36.0,13.9,50945,39883,1,22,492.5,713100.0
1184152274,UNLV MEDICINE,JOANN STROBBE,LAS VEGAS,NV,89104,7029684038,UNLV MEDICINE,7029684038,True,True,"Pharmacy, Community/Retail Pharmacy",15.8,36.0,13.9,50945,39883,1,22,492.5,713100.0
1154733905,DIVINE PROVIDENCE INC,MODUPE IROROBEJE,LAS VEGAS,NV,89104,7027783072,DIVINE PROVIDENCE INC,7027783072,True,True,"Pharmacy, Community/Retail Pharmacy",15.8,36.0,13.9,50945,39883,1,22,492.5,713100.0
1306220843,DIVINE TOUCH SERVICES PHARMACY & COMPOUNDING,JOSHUA AIGHOBAHI,LAS VEGAS,NV,89104,7023310887,DIVINE TOUCH SERVICES PHARMACY & COMPOUNDING,7023310887,True,True,"Pharmacy, Community/Retail Pharmacy",15.8,36.0,13.9,50945,39883,1,22,492.5,713100.0
1447330360,BER CORP.,MARCIE DAVIS,LAS VEGAS,NV,89104,7023821733,BER CORP.,7023821733,True,True,"Pharmacy, Community/Retail Pharmacy",15.8,36.0,13.9,50945,39883,1,22,492.5,713100.0
1962265769,"FAMILY MEDICAL PHARMACY, LLC",KARL VILLALUZ,NORTH LAS VEGAS,NV,89030,3125453805,"FAMILY MEDICAL PHARMACY, LLC",3125453805,True,True,"Pharmacy, Community/Retail Pharmacy",15.4,39.2,8.9,46204,52545,1,22,492.5,713100.0
1780478263,HEALTH WORKS PHARMACY,RALPH MARTINEZ,NORTH LAS VEGAS,NV,89030,7255022208,HEALTH WORKS PHARMACY,7255022208,True,True,"Pharmacy, Community/Retail Pharmacy",15.4,39.2,8.9,46204,52545,1,22,492.5,713100.0
1982953659,JFGO HEALTH PHARMACIES LLC,UDECHUKWUNYERE CHUKWUKELU,N LAS VEGAS,NV,89030,7024770311,JFGO HEALTH PHARMACIES LLC,7024770311,True,True,"Pharmacy, Community/Retail Pharmacy",15.4,39.2,8.9,46204,52545,1,22,492.5,713100.0
1922639582,AARON PHARMACY INC,FELIX EGBASE,NORTH LAS VEGAS,NV,89030,7753728344,AARON PHARMACY INC,7753728344,True,True,"Pharmacy, Community/Retail Pharmacy",15.4,39.2,8.9,46204,52545,1,22,492.5,713100.0
1083807069,FARMACIA DEL PUEBLO INC,CHRISTOPHER TYLER,NORTH LAS VEGAS,NV,89030,7023999477,FARMACIA DEL PUEBLO INC,7023999477,True,True,"Pharmacy, Community/Retail Pharmacy",15.4,39.2,8.9,46204,52545,1,22,492.5,713100.0
1649608837,SRI CAITANYA NITAI INC,BHARAT PATEL,NORTH LAS VEGAS,NV,89030,7023016503,SRI CAITANYA NITAI INC,7023016503,True,True,"Pharmacy, Community/Retail Pharmacy",15.4,39.2,8.9,46204,52545,1,22,492.5,713100.0
1881486793,NEVADA CARE PHARMACY LLC,THALIA SOKOL,LAS VEGAS,NV,89121,7024622259,NEVADA CARE PHARMACY LLC,7024622259,True,True,"Pharmacy, Community/Retail Pharmacy",15.2,35.4,15.8,54667,67090,1,22,492.5,713100.0
1205228731,FIRST CLASS RX PHARMACY LLC,SANDRA MARTIN,LAS VEGAS,NV,89121,7025340325,FIRST CLASS RX PHARMACY LLC,7025340325,True,True,"Pharmacy, Community/Retail Pharmacy",15.2,35.4,15.8,54667,67090,1,22,492.5,713100.0
1598161408,HEALTHCARE PLUS LLC,COSMAS EZE,LAS VEGAS,NV,89121,7029025400,HEALTHCARE PLUS LLC,7029025400,True,True,"Pharmacy, Community/Retail Pharmacy",15.2,35.4,15.8,54667,67090,1,22,492.5,713100.0
1184346660,SAHARA PHARMACY,WASEEM SARWAR,LAS VEGAS,NV,89121,7029120080,SAHARA PHARMACY,7029120080,True,True,"Pharmacy, Community/Retail Pharmacy",15.2,35.4,15.8,54667,67090,1,22,492.5,713100.0
1801526603,CANYONLANDS COMMUNITY HEALTH CARE,MARI REED,MESQUITE,NV,89027,7028490558,CANYONLANDS COMMUNITY HEALTH CARE,7028490558,True,True,"Pharmacy, Community/Retail Pharmacy",14.8,29.8,39.9,71176,18398,1,22,492.5,713100.0
1750064622,"MESA RIDGE, LLC",SAMUEL WILDE,MESQUITE,NV,89027,7252530103,"MESA RIDGE, LLC",7252530103,True,True,"Pharmacy, Community/Retail Pharmacy",14.8,29.8,39.9,71176,18398,1,22,492.5,713100.0
1104330059,PINNACLE ABSOLUTE CARE,EMMANUEL KODJOE,MESQUITE,NV,89027,7023463844,PINNACLE ABSOLUTE CARE,7023463844,True,True,"Pharmacy, Community/Retail Pharmacy",14.8,29.8,39.9,71176,18398,1,22,492.5,713100.0
1932635844,"OPTUMRX PHARMACY OF NEVADA, INC",KEVIN BURR,LAS VEGAS,NV,89110,7029639400,"OPTUMRX PHARMACY OF NEVADA, INC",7029639400,True,True,"Pharmacy, Community/Retail Pharmacy",14.8,36.4,11.9,54858,67259,1,22,492.5,713100.0
1053769703,"QHR PHARMACY 1, LLC",KEVIN CURBELO PRIETO,LAS VEGAS,NV,89110,7023316388,"QHR PHARMACY 1, LLC",7023316388,True,True,"Pharmacy, Community/Retail Pharmacy",14.8,36.4,11.9,54858,67259,1,22,492.5,713100.0
1295572881,SW PHARMACY LLC,LYNNA HO,LAS VEGAS,NV,89110,7029292229,SW PHARMACY LLC,7029292229,True,True,"Pharmacy, Community/Retail Pharmacy",14.8,36.4,11.9,54858,67259,1,22,492.5,713100.0
1982314688,ALWAYS YOUR PHARMACY LLC,RAIDEL ECHAVARRIA,LAS VEGAS,NV,89110,7023051415,ALWAYS YOUR PHARMACY LLC,7023051415,True,True,"Pharmacy, Community/Retail Pharmacy",14.8,36.4,11.9,54858,67259,1,22,492.5,713100.0
1871046482,ALL CITY PHARMACY LLC,GAREN GARAKHANYAN,LAS VEGAS,NV,89110,7254657770,ALL CITY PHARMACY LLC,7254657770,True,True,"Pharmacy, Community/Retail Pharmacy",14.8,36.4,11.9,54858,67259,1,22,492.5,713100.0
1316212194,NELLIS CARE PHARMACY INC,SHAHN SHERAFAT,LAS VEGAS,NV,89110,7025316523,NELLIS CARE PHARMACY INC,7025316523,True,True,"Pharmacy, Community/Retail Pharmacy",14.8,36.4,11.9,54858,67259,1,22,492.5,713100.0
1538529102,SOUTHWEST PHARMACY LLC,JOHN TRAN,LAS VEGAS,NV,89110,7029292229,SOUTHWEST PHARMACY LLC,7029292229,True,True,"Pharmacy, Community/Retail Pharmacy",14.8,36.4,11.9,54858,67259,1,22,492.5,713100.0
1548925845,ATLAS HEALTHCARE,OBIDIKE IHEANACHO,LAS VEGAS,NV,89169,7025809863,ATLAS HEALTHCARE,7025809863,True,True,"Pharmacy, Community/Retail Pharmacy",14.6,37.8,12.2,39740,21203,1,22,492.5,713100.0
1487434262,DIGNITY SPECIALTY PHARMACY,MODUPE IROROBEJE,LAS VEGAS,NV,89169,9546631759,DIGNITY SPECIALTY PHARMACY,9546631759,True,True,"Pharmacy, Specialty Pharmacy",14.6,37.8,12.2,39740,21203,1,22,492.5,713100.0
1285398099,GREENLEAF PHARMACY LLC,PARAG PATEL,LAS VEGAS,NV,89169,7252543210,GREENLEAF PHARMACY LLC,7252543210,True,True,"Pharmacy, Community/Retail Pharmacy",14.6,37.8,12.2,39740,21203,1,22,492.5,713100.0
1447581913,ADVANCED CARE RX PHARMACY,EGHE IGBINOVIA,LAS VEGAS,NV,89169,7022722709,ADVANCED CARE RX PHARMACY,7022722709,True,True,"Pharmacy, Community/Retail Pharmacy",14.6,37.8,12.2,39740,21203,1,22,492.5,713100.0
1437312964,RAXO DRUG INC,SHARAF HASSEEBULLAH,LAS VEGAS,NV,89169,7023699135,RAXO DRUG INC,7023699135,True,True,"Pharmacy, Community/Retail Pharmacy",14.6,37.8,12.2,39740,21203,1,22,492.5,713100.0
1497597496,APOLLO PHARMACY INC,ROBERT OJEDA,LAS VEGAS,NV,89102,7026056665,APOLLO PHARMACY INC,7026056665,True,True,"Pharmacy, Community/Retail Pharmacy",14.5,34.8,15.1,48518,37540,1,22,492.5,713100.0
1679391460,DISTRICT PHARMACY CORPORATION,GEORGE GANGE,LAS VEGAS,NV,89102,4085043193,DISTRICT PHARMACY CORPORATION,4085043193,True,True,"Pharmacy, Community/Retail Pharmacy",14.5,34.8,15.1,48518,37540,1,22,492.5,713100.0
1003565938,OMNIA PHARMACY INC,MATHEW EISSA,LAS VEGAS,NV,89102,7024058585,OMNIA PHARMACY INC,7024058585,True,True,"Pharmacy, Community/Retail Pharmacy",14.5,34.8,15.1,48518,37540,1,22,492.5,713100.0
1871005041,A1C PHARMACY INC,PETER WONG,LAS VEGAS,NV,89102,7028998097,A1C PHARMACY INC,7028998097,True,True,"Pharmacy, Community/Retail Pharmacy",14.5,34.8,15.1,48518,37540,1,22,492.5,713100.0
1760621155,LIFEFIRST PHARMACY,GERALDINE OBIAJULU,LAS VEGAS,NV,89102,7026465433,LIFEFIRST PHARMACY,7026465433,True,True,Pharmacy,14.5,34.8,15.1,48518,37540,1,22,492.5,713100.0
1194140152,A PHARMACY,AN HA,LAS VEGAS,NV,89102,7026461100,A PHARMACY,7026461100,True,True,"Pharmacy, Community/Retail Pharmacy",14.5,34.8,15.1,48518,37540,1,22,492.5,713100.0
1841547411,ALI RAZA LLC,ALI RAZA,LAS VEGAS,NV,89102,7024136500,ALI RAZA LLC,7024136500,True,True,"Pharmacy, Community/Retail Pharmacy",14.5,34.8,15.1,48518,37540,1,22,492.5,713100.0
1245345289,AMEX PHARMACY LLC,THUHO NGUYEN,LAS VEGAS,NV,89102,7028899200,AMEX PHARMACY LLC,7028899200,True,True,"Pharmacy, Community/Retail Pharmacy",14.5,34.8,15.1,48518,37540,1,22,492.5,713100.0
1548215593,COFII CORPORATION,ROCKELL HANKIN,LAS VEGAS,NV,89102,7023843784,COFII CORPORATION,7023843784,True,True,"Pharmacy, Community/Retail Pharmacy",14.5,34.8,15.1,48518,37540,1,22,492.5,713100.0
1427332683,DISCOUNT PHARMACY LLC,ANDY DO,LAS VEGAS,NV,89102,7028762273,DISCOUNT PHARMACY LLC,7028762273,True,True,"Pharmacy, Community/Retail Pharmacy",14.5,34.8,15.1,48518,37540,1,22,492.5,713100.0
1932277837,FOOD4LESS OF SOUTHERN CALIFORNIA INC,ANGELA TRUSTER,LAS VEGAS,NV,89102,7028714100,FOOD4LESS OF SOUTHERN CALIFORNIA INC,7028714100,True,True,"Pharmacy, Community/Retail Pharmacy",14.5,34.8,15.1,48518,37540,1,22,492.5,713100.0
1457590580,MESA PHARMACY INC,ANDREW DO,LAS VEGAS,NV,89102,7028762273,MESA PHARMACY INC,7028762273,True,True,"Pharmacy, Community/Retail Pharmacy",14.5,34.8,15.1,48518,37540,1,22,492.5,713100.0
1093122111,SUNSET PHARMACY LLC,ANDREW DO,LAS VEGAS,NV,89102,7023804160,SUNSET PHARMACY LLC,7023804160,True,True,"Pharmacy, Community/Retail Pharmacy",14.5,34.8,15.1,48518,37540,1,22,492.5,713100.0
1023054889,THE VON'S COMPANIES INC,MICHELLE RIVERS,LAS VEGAS,NV,89102,7022589998,THE VON'S COMPANIES INC,7022589998,True,True,"Pharmacy, Community/Retail Pharmacy",14.5,34.8,15.1,48518,37540,1,22,492.5,713100.0
1508628793,VEGAS YOUN PHARMACY LLC,CHANGPA KIM,LAS VEGAS,NV,89103,7252513302,VEGAS YOUN PHARMACY LLC,7252513302,True,True,"Pharmacy, Community/Retail Pharmacy",14.2,33.4,17.5,48311,49546,1,22,492.5,713100.0
1356882641,REMEDIES PHARMACY INC,SARAH MASHREKY,LAS VEGAS,NV,89103,7027223707,REMEDIES PHARMACY INC,7027223707,True,True,"Pharmacy, Community/Retail Pharmacy",14.2,33.4,17.5,48311,49546,1,22,492.5,713100.0
1962730168,UNIQUE CARE PHARMACY INC,CHIDI ONYIRIMBA,LAS VEGAS,NV,89103,7025229777,UNIQUE CARE PHARMACY INC,7025229777,True,True,"Pharmacy, Community/Retail Pharmacy",14.2,33.4,17.5,48311,49546,1,22,492.5,713100.0
1568115608,US PHARMACY LLC,TANIA PRIETO HERNANDEZ,LAS VEGAS,NV,89103,7029164622,US PHARMACY LLC,7029164622,True,True,"Pharmacy, Community/Retail Pharmacy",14.2,33.4,17.5,48311,49546,1,22,492.5,713100.0
1861741837,W CARE LLC,JOHN OKOYE,LAS VEGAS,NV,89103,7025389388,W CARE LLC,7025389388,True,True,"Pharmacy, Community/Retail Pharmacy",14.2,33.4,17.5,48311,49546,1,22,492.5,713100.0
1487978136,FVS HOLDINS INC,GLENN TRUITT,LAS VEGAS,NV,89103,7023656100,FVS HOLDINS INC,7023656100,True,True,"Pharmacy, Compounding Pharmacy",14.2,33.4,17.5,48311,49546,1,22,492.5,713100.0
1053863605,SOUTHERN NEVADA HEALTH DISTRICT,ANDREW GLASS,LAS VEGAS,NV,89107,7027591135,SOUTHERN NEVADA HEALTH DISTRICT,7027591135,True,True,"Pharmacy, Community/Retail Pharmacy",14.2,34.8,14.5,60466,37087,1,22,492.5,713100.0
1477599082,THE VON'S COMPANIES INC,MICHELLE RIVERS,LAS VEGAS,NV,89107,7028703511,THE VON'S COMPANIES INC,7028703511,True,True,"Pharmacy, Community/Retail Pharmacy",14.2,34.8,14.5,60466,37087,1,22,492.5,713100.0
1154796506,QUADRA HEALTHCARE INC,ROBERT OJEDA,LAS VEGAS,NV,89134,7024765888,QUADRA HEALTHCARE INC,7024765888,True,True,"Pharmacy, Community/Retail Pharmacy",14.1,25.6,50.0,79986,23503,1,22,492.5,713100.0
1134250814,"LAS VEGAS PHARMACY, INC.",LORI ORTALE,LAS VEGAS,NV,89146,7022203906,"LAS VEGAS PHARMACY, INC.",7022203906,True,True,"Pharmacy, Community/Retail Pharmacy",13.3,32.1,16.1,64330,20727,1,22,492.5,713100.0
1689367344,ADVANCE PHARMA,GABRIELA DE LUNA OLIVARES,LAS VEGAS,NV,89146,7023419316,ADVANCE PHARMA,7023419316,True,True,"Pharmacy, Community/Retail Pharmacy",13.3,32.1,16.1,64330,20727,1,22,492.5,713100.0
1447728373,GOODWILL PHARMACY INC.,ARUN PASRICHA,LAS VEGAS,NV,89146,7022133102,GOODWILL PHARMACY INC.,7022133102,True,True,"Pharmacy, Community/Retail Pharmacy",13.3,32.1,16.1,64330,20727,1,22,492.5,713100.0
1508525957,WAYNEFARGO ICARE LLC,MINHQUANG NGUYEN,LAS VEGAS,NV,89146,7024788551,WAYNEFARGO ICARE LLC,7024788551,True,True,"Pharmacy, Community/Retail Pharmacy",13.3,32.1,16.1,64330,20727,1,22,492.5,713100.0
1982142055,"BROTHERS PHARMACY, LLC",MICHAEL AGWARA,LAS VEGAS,NV,89146,7026786267,"BROTHERS PHARMACY, LLC",7026786267,True,True,"Pharmacy, Community/Retail Pharmacy",13.3,32.1,16.1,64330,20727,1,22,492.5,713100.0
1629344429,KIM'S BETTER HEALTH PHARMACY LLC,KE KIM,LAS VEGAS,NV,89146,7027497800,KIM'S BETTER HEALTH PHARMACY LLC,7027497800,True,True,"Pharmacy, Community/Retail Pharmacy",13.3,32.1,16.1,64330,20727,1,22,492.5,713100.0
1629569892,SAHARA LIMITED GROUP LLC.,LOUIS NGUYEN,LAS VEGAS,NV,89146,7023309836,SAHARA LIMITED GROUP LLC.,7023309836,True,True,"Pharmacy, Community/Retail Pharmacy",13.3,32.1,16.1,64330,20727,1,22,492.5,713100.0
1568637783,SPRING VALLEY PHARMACY,JESSICA NGUYEN,LAS VEGAS,NV,89146,7022484119,SPRING VALLEY PHARMACY,7022484119,True,True,"Pharmacy, Community/Retail Pharmacy",13.3,32.1,16.1,64330,20727,1,22,492.5,713100.0
1669795696,GLOBAL DRUGS,JOSEPH SALAZAR,LAS VEGAS,NV,89146,7022277249,GLOBAL DRUGS,7022277249,True,True,"Pharmacy, Community/Retail Pharmacy",13.3,32.1,16.1,64330,20727,1,22,492.5,713100.0
1346255973,NATURE POINT INC,KUO CHIN CHEN,LAS VEGAS,NV,89146,7022539818,NATURE POINT INC,7022539818,True,True,"Pharmacy, Community/Retail Pharmacy",13.3,32.1,16.1,64330,20727,1,22,492.5,713100.0
1457224628,VEGAS SPECIALTY PHARMACY LLC,HASHIM NAWAZ,LAS VEGAS,NV,89108,7029964455,VEGAS SPECIALTY PHARMACY LLC,7029964455,True,True,"Pharmacy, Community/Retail Pharmacy",13.3,35.3,12.0,57403,74566,1,22,492.5,713100.0
1528368990,KDTK,KHANH PHAM,LAS VEGAS,NV,89108,7024365279,KDTK,7024365279,True,True,"Pharmacy, Community/Retail Pharmacy",13.3,35.3,12.0,57403,74566,1,22,492.5,713100.0
1386680999,THE VON'S COMPANIES INC,MICHELLE RIVERS,LAS VEGAS,NV,89108,7026453443,THE VON'S COMPANIES INC,7026453443,True,True,"Pharmacy, Community/Retail Pharmacy",13.3,35.3,12.0,57403,74566,1,22,492.5,713100.0
1902851157,ACCREDO HEALTH GROUP INC,VIC PERINI,LAS VEGAS,NV,89119,7028958990,ACCREDO HEALTH GROUP INC,7028958990,True,True,Pharmacy,13.1,34.4,11.5,46472,50585,1,22,492.5,713100.0
1093501975,ADVANTIXX PHARMACY LLC,OSMEL VILLARREAL,LAS VEGAS,NV,89119,7020000000,ADVANTIXX PHARMACY LLC,7020000000,True,True,"Pharmacy, Community/Retail Pharmacy",13.1,34.4,11.5,46472,50585,1,22,492.5,713100.0
1982341475,COMPLETE CARE PHARMACY & MEDICAL SUPPLY INC,TAMMY FREEMAN,LAS VEGAS,NV,89119,7029832243,COMPLETE CARE PHARMACY & MEDICAL SUPPLY INC,7029832243,True,True,"Pharmacy, Community/Retail Pharmacy",13.1,34.4,11.5,46472,50585,1,22,492.5,713100.0
1982598546,NATIONAL HEALTH RX LLC,MASSIMO CAVALLARO,LAS VEGAS,NV,89119,7027913800,NATIONAL HEALTH RX LLC,7027913800,True,True,"Pharmacy, Community/Retail Pharmacy",13.1,34.4,11.5,46472,50585,1,22,492.5,713100.0
1336254374,ONE WAY DRUG LLC,ROBERT SEIK,LAS VEGAS,NV,89119,7027913800,ONE WAY DRUG LLC,7027913800,True,True,"Pharmacy, Community/Retail Pharmacy",13.1,34.4,11.5,46472,50585,1,22,492.5,713100.0
1780771972,OP PHARMACY LLC,ALLISON BROWN,LAS VEGAS,NV,89119,7027774911,OP PHARMACY LLC,7027774911,True,True,"Pharmacy, Community/Retail Pharmacy",13.1,34.4,11.5,46472,50585,1,22,492.5,713100.0
1558145375,PRIME CARE PHARMACY,WASEEM SARWAR,LAS VEGAS,NV,89119,7027453500,PRIME CARE PHARMACY,7027453500,True,True,"Pharmacy, Community/Retail Pharmacy",13.1,34.4,11.5,46472,50585,1,22,492.5,713100.0
1841351665,VILLAGE EAST DRUGS,RONALD HORVATH,LAS VEGAS,NV,89119,7027367018,VILLAGE EAST DRUGS,7027367018,True,True,"Pharmacy, Community/Retail Pharmacy",13.1,34.4,11.5,46472,50585,1,22,492.5,713100.0
1053866558,ALI RAZA LLC,NUREEN RAZA,LAS VEGAS,NV,89119,7028164277,ALI RAZA LLC,7028164277,True,True,"Pharmacy, Community/Retail Pharmacy",13.1,34.4,11.5,46472,50585,1,22,492.5,713100.0
1114380227,K.ROBINSON HOLDINGS,KELLIE ROBINSON,LAS VEGAS,NV,89119,7024965880,K.ROBINSON HOLDINGS,7024965880,True,True,"Pharmacy, Community/Retail Pharmacy",13.1,34.4,11.5,46472,50585,1,22,492.5,713100.0
1629637129,MODERN RX,AIMEE BROWN,LAS VEGAS,NV,89119,7028315877,MODERN RX,7028315877,True,True,Pharmacy,13.1,34.4,11.5,46472,50585,1,22,492.5,713100.0
1457726671,RX2U LLC,MARYAM RASTKERDAR,LAS VEGAS,NV,89119,7022527928,RX2U LLC,7022527928,True,True,Pharmacy,13.1,34.4,11.5,46472,50585,1,22,492.5,713100.0
1104218825,UHS RETAIL PHARMACY LLC,MARVIN PEMBER,LAS VEGAS,NV,89119,7024254939,UHS RETAIL PHARMACY LLC,7024254939,True,True,"Pharmacy, Community/Retail Pharmacy",13.1,34.4,11.5,46472,50585,1,22,492.5,713100.0
1376088849,VESPER SPECIALTY PHARMACY LLC,JOSHUA KOROGHLI,LAS VEGAS,NV,89119,7023334377,VESPER SPECIALTY PHARMACY LLC,7023334377,True,True,"Pharmacy, Community/Retail Pharmacy",13.1,34.4,11.5,46472,50585,1,22,492.5,713100.0
1750688388,ADVANCED CARE RX PHARMACY 2 LLC,EGHOMWARE IGBINOVIA,LAS VEGAS,NV,89119,7023310284,ADVANCED CARE RX PHARMACY 2 LLC,7023310284,True,True,"Pharmacy, Community/Retail Pharmacy",13.1,34.4,11.5,46472,50585,1,22,492.5,713100.0
1154555720,TOTAL PAIN SOLUTIONS,BRION BOWMAN,LAS VEGAS,NV,89119,2056084995,TOTAL PAIN SOLUTIONS,2056084995,True,True,"Pharmacy, Community/Retail Pharmacy",13.1,34.4,11.5,46472,50585,1,22,492.5,713100.0
1750442570,VILLAGE EAST DRUG,RONALD HORVATH,LAS VEGAS,NV,89119,7023618800,VILLAGE EAST DRUG,7023618800,True,True,Pharmacy,13.1,34.4,11.5,46472,50585,1,22,492.5,713100.0
1295251338,"986 SPECIALTY PHARMACY #2, INC.",DANNY THAI,LAS VEGAS,NV,89145,7029094072,"986 SPECIALTY PHARMACY #2, INC.",7029094072,True,True,"Pharmacy, Community/Retail Pharmacy",12.9,31.5,18.8,73515,26675,1,22,492.5,713100.0
1639479165,"ADVANCED CARE RX PHARMACY 1, LLC",MOLIH OROCK,LAS VEGAS,NV,89145,7023316796,"ADVANCED CARE RX PHARMACY 1, LLC",7023316796,True,True,"Pharmacy, Community/Retail Pharmacy",12.9,31.5,18.8,73515,26675,1,22,492.5,713100.0
1285444828,"OPTUMRX PHARMACY OF NEVADA, INC",KEVIN BURR,NORTH LAS VEGAS,NV,89032,7148253780,"OPTUMRX PHARMACY OF NEVADA, INC",7148253780,True,True,"Pharmacy, Community/Retail Pharmacy",12.7,33.8,10.7,74661,48055,1,22,492.5,713100.0
1053072744,NOWRX INC,CHRISTIE HANCOCK,NORTH LAS VEGAS,NV,89032,7024758187,NOWRX INC,7024758187,True,True,"Pharmacy, Community/Retail Pharmacy",12.7,33.8,10.7,74661,48055,1,22,492.5,713100.0
1548894397,PINNACLE ABSOLUTE CARE LLC,EMMANUEL KODJOE,NORTH LAS VEGAS,NV,89032,7028476675,PINNACLE ABSOLUTE CARE LLC,7028476675,True,True,"Pharmacy, Community/Retail Pharmacy",12.7,33.8,10.7,74661,48055,1,22,492.5,713100.0
1306385877,"TANGO, INC",ROBENSON APIBO-TANGO,NORTH LAS VEGAS,NV,89032,7026362054,"TANGO, INC",7026362054,True,True,"Pharmacy, Specialty Pharmacy",12.7,33.8,10.7,74661,48055,1,22,492.5,713100.0
1487722385,FOOD4LESS OF SOUTHERN CALIFORNIA INC,ANGELA TRUSTER,N LAS VEGAS,NV,89032,7026481608,FOOD4LESS OF SOUTHERN CALIFORNIA INC,7026481608,True,True,"Pharmacy, Community/Retail Pharmacy",12.7,33.8,10.7,74661,48055,1,22,492.5,713100.0
1033091152,ILY-LARC LLC,YVONNE NKWEN-TAMO,HENDERSON,NV,89015,7024769776,ILY-LARC LLC,7024769776,True,True,"Pharmacy, Community/Retail Pharmacy",12.3,32.1,17.4,71300,43762,1,22,492.5,713100.0
1790853521,FOOD4LESS OF SOUTHERN CALIFORNIA INC,ANGELA TRUSTER,HENDERSON,NV,89015,7025589277,FOOD4LESS OF SOUTHERN CALIFORNIA INC,7025589277,True,True,"Pharmacy, Community/Retail Pharmacy",12.3,32.1,17.4,71300,43762,1,22,492.5,713100.0
1295844306,LIN'S SUPERMARKETS INC,CHRIS SHEARD,OVERTON,NV,89040,7023972308,LIN'S SUPERMARKETS INC,7023972308,True,True,"Pharmacy, Community/Retail Pharmacy",12.2,30.2,21.6,75714,3842,1,22,492.5,713100.0
1275398414,CAPITAL CARE PHARMACY LLC,MARK YU,LAS VEGAS,NV,89118,7028448445,CAPITAL CARE PHARMACY LLC,7028448445,True,True,"Pharmacy, Community/Retail Pharmacy",12.2,31.4,15.0,67384,23299,1,22,492.5,713100.0
1740694413,NATIONAL SPECIALTY PHARMACY LLC,STUART KOSZER,LAS VEGAS,NV,89118,7028323320,NATIONAL SPECIALTY PHARMACY LLC,7028323320,True,True,"Pharmacy, Community/Retail Pharmacy",12.2,31.4,15.0,67384,23299,1,22,492.5,713100.0
1700154549,SHRI KRISHNA INC,HITENDRA CHOKSHI,LAS VEGAS,NV,89118,7024572100,SHRI KRISHNA INC,7024572100,True,True,"Pharmacy, Community/Retail Pharmacy",12.2,31.4,15.0,67384,23299,1,22,492.5,713100.0
1700208089,AEVA LLC,BARBARA DEINET,LAS VEGAS,NV,89118,7025582382,AEVA LLC,7025582382,True,True,Pharmacy,12.2,31.4,15.0,67384,23299,1,22,492.5,713100.0
1255761128,FIDELIS HEALTH GROUP LLC,WAGNER LEMUS,LAS VEGAS,NV,89118,7028150800,FIDELIS HEALTH GROUP LLC,7028150800,True,True,"Pharmacy, Specialty Pharmacy",12.2,31.4,15.0,67384,23299,1,22,492.5,713100.0
1306238027,UHS RETAIL PHARMACY LLC,MARVIN PEMBER,LAS VEGAS,NV,89118,7024254623,UHS RETAIL PHARMACY LLC,7024254623,True,True,"Pharmacy, Community/Retail Pharmacy",12.2,31.4,15.0,67384,23299,1,22,492.5,713100.0
1871700435,ANAZAOHEALTH CORPORATION,DOUGLAS BERKOFF,LAS VEGAS,NV,89118,7028738455,ANAZAOHEALTH CORPORATION,7028738455,True,True,"Pharmacy, Community/Retail Pharmacy",12.2,31.4,15.0,67384,23299,1,22,492.5,713100.0
1881024347,C&K PHARMACY LLC,ANDY TRAN,LAS VEGAS,NV,89118,7025220844,C&K PHARMACY LLC,7025220844,True,True,"Pharmacy, Community/Retail Pharmacy",12.2,31.4,15.0,67384,23299,1,22,492.5,713100.0
1184978405,DOCTOR'S CHOICE LLC,ROGER LY,LAS VEGAS,NV,89118,7029447446,DOCTOR'S CHOICE LLC,7029447446,True,True,"Pharmacy, Community/Retail Pharmacy",12.2,31.4,15.0,67384,23299,1,22,492.5,713100.0
1962773135,PROCARE PHARMACY LLC,THAI VO,LAS VEGAS,NV,89118,7022077777,PROCARE PHARMACY LLC,7022077777,True,True,"Pharmacy, Community/Retail Pharmacy",12.2,31.4,15.0,67384,23299,1,22,492.5,713100.0
1164175519,MEDTRUST PHARMACY LLC,MAHMOUD NOURELDEEN,LAS VEGAS,NV,89120,7023313414,MEDTRUST PHARMACY LLC,7023313414,True,True,"Pharmacy, Community/Retail Pharmacy",12.1,31.1,17.0,75813,23797,1,22,492.5,713100.0
1275019770,GUADALUPE PHARMACY INC.,MICHAEL SOLIMAN,LAS VEGAS,NV,89120,9098159946,GUADALUPE PHARMACY INC.,9098159946,True,True,"Pharmacy, Community/Retail Pharmacy",12.1,31.1,17.0,75813,23797,1,22,492.5,713100.0
1821560095,PARTELL PHARMACY,MATTHEW PETERS,LAS VEGAS,NV,89120,7025416023,PARTELL PHARMACY,7025416023,True,True,"Pharmacy, Community/Retail Pharmacy",12.1,31.1,17.0,75813,23797,1,22,492.5,713100.0
1366988206,PROFESSIONAL RX PHARMACY LLC,MASSIMO CAVALLARO,LAS VEGAS,NV,89120,7024786690,PROFESSIONAL RX PHARMACY LLC,7024786690,True,True,"Pharmacy, Community/Retail Pharmacy",12.1,31.1,17.0,75813,23797,1,22,492.5,713100.0
1316115413,GETTYS CORP LLP,DARLENE WILD,LAS VEGAS,NV,89120,7025416023,GETTYS CORP LLP,7025416023,True,True,"Pharmacy, Community/Retail Pharmacy",12.1,31.1,17.0,75813,23797,1,22,492.5,713100.0
1194761700,THE VON'S COMPANIES,MICHELLE RIVERS,LAS VEGAS,NV,89120,7024545521,THE VON'S COMPANIES,7024545521,True,True,"Pharmacy, Community/Retail Pharmacy",12.1,31.1,17.0,75813,23797,1,22,492.5,713100.0
1538996137,DIAMOND SPECIALTY PHARMACY LLC,EARLMATTHEW PEREGRINO,LAS VEGAS,NV,89147,7029923668,DIAMOND SPECIALTY PHARMACY LLC,7029923668,True,True,"Pharmacy, Community/Retail Pharmacy",12.1,29.2,15.8,73025,56108,1,22,492.5,713100.0
1700694734,LYFE PHARMACY INC,NAZOKAT NIGMATOVA,LAS VEGAS,NV,89147,7027804144,LYFE PHARMACY INC,7027804144,True,True,"Pharmacy, Community/Retail Pharmacy",12.1,29.2,15.8,73025,56108,1,22,492.5,713100.0
1255103024,CREDO PHARMACY LLC,DAVID TATERA,LAS VEGAS,NV,89147,7028004000,CREDO PHARMACY LLC,7028004000,True,True,"Pharmacy, Community/Retail Pharmacy",12.1,29.2,15.8,73025,56108,1,22,492.5,713100.0
1558638742,OM SAI P C,SHIVANI PATEL,LAS VEGAS,NV,89147,7022332010,OM SAI P C,7022332010,True,True,"Pharmacy, Community/Retail Pharmacy",12.1,29.2,15.8,73025,56108,1,22,492.5,713100.0
1205425667,VALUE RX LLC,KRISTY TRAN,LAS VEGAS,NV,89130,7023310449,VALUE RX LLC,7023310449,True,True,"Pharmacy, Community/Retail Pharmacy",12.0,31.4,20.3,82599,35152,1,22,492.5,713100.0
1619906641,THE VON'S COMPANIES,MICHELLE RIVERS,LAS VEGAS,NV,89130,7026561484,THE VON'S COMPANIES,7026561484,True,True,"Pharmacy, Community/Retail Pharmacy",12.0,31.4,20.3,82599,35152,1,22,492.5,713100.0
1619332848,"ACE PHARMACY, LLC",ANUSH AMIN,LAS VEGAS,NV,89117,7024875207,"ACE PHARMACY, LLC",7024875207,True,True,"Pharmacy, Community/Retail Pharmacy",11.9,29.6,17.8,71497,55832,1,22,492.5,713100.0
1043199797,AZ CARE PHARMACY LLC,KARDAM PANJABI,LAS VEGAS,NV,89128,7257109120,AZ CARE PHARMACY LLC,7257109120,True,True,"Pharmacy, Community/Retail Pharmacy",11.5,30.5,17.4,70641,39397,1,22,492.5,713100.0
1316531700,MONICOS PHARMACY LLC,ELAINE ROBLES,LAS VEGAS,NV,89128,7025054898,MONICOS PHARMACY LLC,7025054898,True,True,Pharmacy,11.5,30.5,17.4,70641,39397,1,22,492.5,713100.0
1386428779,PHARMA BUDIES LLC,ABISH THOMAS,LAS VEGAS,NV,89128,7025086009,PHARMA BUDIES LLC,7025086009,True,True,"Pharmacy, Community/Retail Pharmacy",11.5,30.5,17.4,70641,39397,1,22,492.5,713100.0
1164207155,SWIFT PHARMACEUTICAL INC,ARLENE MELENDRES,LAS VEGAS,NV,89128,7027898779,SWIFT PHARMACEUTICAL INC,7027898779,True,True,"Pharmacy, Community/Retail Pharmacy",11.5,30.5,17.4,70641,39397,1,22,492.5,713100.0
1699240697,SILVER STATE PHARMACY LLC,LIZET TORRES,LAS VEGAS,NV,89128,7024633891,SILVER STATE PHARMACY LLC,7024633891,True,True,"Pharmacy, Community/Retail Pharmacy",11.5,30.5,17.4,70641,39397,1,22,492.5,713100.0
1376349050,HEALTHY CHOICE PHARMACY LLC,GIOVANNI BAYLE,LAS VEGAS,NV,89123,7027509955,HEALTHY CHOICE PHARMACY LLC,7027509955,True,True,"Pharmacy, Community/Retail Pharmacy",11.3,29.3,17.8,80992,57693,1,22,492.5,713100.0
1134965676,"SW SPECIALTY PHARMACY, LLC",ENRIQUE SOLIS,LAS VEGAS,NV,89123,7029292229,"SW SPECIALTY PHARMACY, LLC",7029292229,True,True,"Pharmacy, Community/Retail Pharmacy",11.3,29.3,17.8,80992,57693,1,22,492.5,713100.0
1982368171,TMS PHARMACY LLC,TAHSIN SHANAN,LAS VEGAS,NV,89123,2572049605,TMS PHARMACY LLC,2572049605,True,True,"Pharmacy, Community/Retail Pharmacy",11.3,29.3,17.8,80992,57693,1,22,492.5,713100.0
1750947677,SOUTHWEST SPECIALTY PHARMACY LLC,JOHN TRAN,LAS VEGAS,NV,89123,7029292229,SOUTHWEST SPECIALTY PHARMACY LLC,7029292229,True,True,"Pharmacy, Community/Retail Pharmacy",11.3,29.3,17.8,80992,57693,1,22,492.5,713100.0
1720099369,TLGRX CORPORATION,MATTHEW LASARSO,LAS VEGAS,NV,89123,7027923777,TLGRX CORPORATION,7027923777,True,True,"Pharmacy, Community/Retail Pharmacy",11.3,29.3,17.8,80992,57693,1,22,492.5,713100.0
1710125091,M PHARMACY LLC,DAVID VASENDEN,HENDERSON,NV,89044,7027971900,M PHARMACY LLC,7027971900,True,True,"Pharmacy, Community/Retail Pharmacy",11.2,26.4,29.7,106875,28319,1,22,492.5,713100.0
1861119588,HENDERSON SPECIALTY RX LLC,IGOR CHERNYAVSKY,HENDERSON,NV,89052,7024769088,HENDERSON SPECIALTY RX LLC,7024769088,True,True,"Pharmacy, Community/Retail Pharmacy",11.1,27.0,25.1,98462,59542,1,22,492.5,713100.0
1851037881,HENDERSON PHARMACY LLC,BRADLY LENDE,HENDERSON,NV,89052,7252384608,HENDERSON PHARMACY LLC,7252384608,True,True,"Pharmacy, Community/Retail Pharmacy",11.1,27.0,25.1,98462,59542,1,22,492.5,713100.0
1396857421,EVERGREENS DRUGS INC,SEAN TRAN,HENDERSON,NV,89052,7022691354,EVERGREENS DRUGS INC,7022691354,True,True,"Pharmacy, Community/Retail Pharmacy",11.1,27.0,25.1,98462,59542,1,22,492.5,713100.0
1508333899,KHOI HA PLLC,KHOI HA,HENDERSON,NV,89052,7029670500,KHOI HA PLLC,7029670500,True,True,"Pharmacy, Community/Retail Pharmacy",11.1,27.0,25.1,98462,59542,1,22,492.5,713100.0
1912042201,FVS HOLDINGS INC,AMANDA WILLIAMS,HENDERSON,NV,89052,7022936900,FVS HOLDINGS INC,7022936900,True,True,"Pharmacy, Compounding Pharmacy",11.1,27.0,25.1,98462,59542,1,22,492.5,713100.0
1033434022,NEVADA DRUG COMPOUNDING PHARMACY EAST,GLENN TRUITT,HENDERSON,NV,89052,7022936900,NEVADA DRUG COMPOUNDING PHARMACY EAST,7022936900,True,True,"Pharmacy, Community/Retail Pharmacy",11.1,27.0,25.1,98462,59542,1,22,492.5,713100.0
1730718248,ALLIANCE FOR CHILDHOOD DISEASES,CHRISTINE TONN,LAS VEGAS,NV,89135,7027321493,ALLIANCE FOR CHILDHOOD DISEASES,7027321493,True,True,"Pharmacy, Community/Retail Pharmacy",10.9,26.2,25.7,115362,31432,1,22,492.5,713100.0
1275315509,TRUSTED CARE PHARMACY,CHISOM UMEH,HENDERSON,NV,89014,7252023900,TRUSTED CARE PHARMACY,7252023900,True,True,"Pharmacy, Community/Retail Pharmacy",10.6,30.5,15.7,73130,42138,1,22,492.5,713100.0
1982834131,VALLEY LAKE INC,AKUWUDIKE ANOZIE,HENDERSON,NV,89014,7025653374,VALLEY LAKE INC,7025653374,True,True,"Pharmacy, Community/Retail Pharmacy",10.6,30.5,15.7,73130,42138,1,22,492.5,713100.0
1700815735,THE VON'S COMPANIES INC,MICHELL RIVERS,HENDERSON,NV,89014,7024585339,THE VON'S COMPANIES INC,7024585339,True,True,"Pharmacy, Community/Retail Pharmacy",10.6,30.5,15.7,73130,42138,1,22,492.5,713100.0
1760050231,BH ENDEAVORS NV LLC,JESSICA HOPPER,LAS VEGAS,NV,89113,7024442021,BH ENDEAVORS NV LLC,7024442021,True,True,"Pharmacy, Community/Retail Pharmacy",10.5,27.4,16.2,88750,37313,1,22,492.5,713100.0
1427719038,"FIRST CHOICE PHARMACY, LLC",KIRK BEAULIEU,LAS VEGAS,NV,89113,7024444210,"FIRST CHOICE PHARMACY, LLC",7024444210,True,True,"Pharmacy, Community/Retail Pharmacy",10.5,27.4,16.2,88750,37313,1,22,492.5,713100.0
1174335327,"META PHARMACY SERVICES, LLC",SEAN BARCLAY,LAS VEGAS,NV,89113,7027540172,"META PHARMACY SERVICES, LLC",7027540172,True,True,"Pharmacy, Compounding Pharmacy",10.5,27.4,16.2,88750,37313,1,22,492.5,713100.0
1184232449,ALL CITY PHARMACY LLC,GAREN GARAKHANYAN,LAS VEGAS,NV,89113,7024739997,ALL CITY PHARMACY LLC,7024739997,True,True,"Pharmacy, Community/Retail Pharmacy",10.5,27.4,16.2,88750,37313,1,22,492.5,713100.0
1376246942,"OPTUMRX PHARMACY OF NEVADA, INC.",KEVIN BURR,LAS VEGAS,NV,89113,7252332100,"OPTUMRX PHARMACY OF NEVADA, INC.",7252332100,True,True,"Pharmacy, Community/Retail Pharmacy",10.5,27.4,16.2,88750,37313,1,22,492.5,713100.0
1003092438,"SAM'S WEST, INC.",LAURA LEVINE,LAS VEGAS,NV,89113,7022609003,"SAM'S WEST, INC.",7022609003,True,True,"Pharmacy, Community/Retail Pharmacy",10.5,27.4,16.2,88750,37313,1,22,492.5,713100.0
1508452780,VEGAS PHARMACY LLC,BRADLY LENDE,LAS VEGAS,NV,89113,7024105620,VEGAS PHARMACY LLC,7024105620,True,True,"Pharmacy, Community/Retail Pharmacy",10.5,27.4,16.2,88750,37313,1,22,492.5,713100.0
1154830990,QUIRE PHARMACY LLC,MATTHEW CUNNINGHAM,LAS VEGAS,NV,89113,8005927174,QUIRE PHARMACY LLC,8005927174,True,True,"Pharmacy, Community/Retail Pharmacy",10.5,27.4,16.2,88750,37313,1,22,492.5,713100.0
1881085140,UHS RETAIL PHARMACY LLC,MARVIN PEMBER,LAS VEGAS,NV,89144,7754327907,UHS RETAIL PHARMACY LLC,7754327907,True,True,"Pharmacy, Community/Retail Pharmacy",10.4,27.6,18.5,100398,19949,1,22,492.5,713100.0
1770047391,"WELL CARE PHARMACY I, LLC SERIES A",VANESSA ROBERTS,HENDERSON,NV,89074,7029121400,"WELL CARE PHARMACY I, LLC SERIES A",7029121400,True,True,"Pharmacy, Community/Retail Pharmacy",10.4,28.6,18.0,85995,51843,1,22,492.5,713100.0
1134541691,WELLNESS PHARMACY LLC,THAI VO,HENDERSON,NV,89074,7029121400,WELLNESS PHARMACY LLC,7029121400,True,True,"Pharmacy, Community/Retail Pharmacy",10.4,28.6,18.0,85995,51843,1,22,492.5,713100.0
1457758948,ATLAS SPECIALTY PHARMACY LLC,NELSON MWANGI,HENDERSON,NV,89074,7027448060,ATLAS SPECIALTY PHARMACY LLC,7027448060,True,True,"Pharmacy, Community/Retail Pharmacy",10.4,28.6,18.0,85995,51843,1,22,492.5,713100.0
1982619573,CEDAR PHARMACY,JENNIFER CHAU,HENDERSON,NV,89074,7024360016,CEDAR PHARMACY,7024360016,True,True,"Pharmacy, Community/Retail Pharmacy",10.4,28.6,18.0,85995,51843,1,22,492.5,713100.0
1679220792,"LAS VEGAS COMMUNITY PHARMACY, INC",KRISHNA PATEL,LAS VEGAS,NV,89129,7252288498,"LAS VEGAS COMMUNITY PHARMACY, INC",7252288498,True,True,"Pharmacy, Community/Retail Pharmacy",10.3,29.6,16.3,87544,54575,1,22,492.5,713100.0
1518471093,3 PHARMACY LLC,TRACY NGUYEN,LAS VEGAS,NV,89129,7023953004,3 PHARMACY LLC,7023953004,True,True,"Pharmacy, Community/Retail Pharmacy",10.3,29.6,16.3,87544,54575,1,22,492.5,713100.0
1801962907,W R PHARMACIES INC,JOEL RAIMAN,LAS VEGAS,NV,89129,7023605310,W R PHARMACIES INC,7023605310,True,True,"Pharmacy, Community/Retail Pharmacy",10.3,29.6,16.3,87544,54575,1,22,492.5,713100.0
1639671324,LGCM LLC,CLARE-LANIE MACARAEG,HENDERSON,NV,89002,7027500475,LGCM LLC,7027500475,True,True,Pharmacy,9.9,29.6,14.7,98725,37238,1,22,492.5,713100.0
1821792292,AEVA II LLC,BARBARA DEINET,LAS VEGAS,NV,89139,7025582382,AEVA II LLC,7025582382,True,True,Pharmacy,9.9,26.8,10.2,96044,44501,1,22,492.5,713100.0
1710741780,LYFE PHARMACY INC,NAZOKAT NIGMATOVA,LAS VEGAS,NV,89148,7027449454,LYFE PHARMACY INC,7027449454,True,True,"Pharmacy, Community/Retail Pharmacy",9.7,27.3,12.5,94926,64013,1,22,492.5,713100.0
1518527431,BAM HEALTHCARE LVIC LLC,ROBIN WIDROFF,LAS VEGAS,NV,89148,7027473007,BAM HEALTHCARE LVIC LLC,7027473007,True,True,Pharmacy,9.7,27.3,12.5,94926,64013,1,22,492.5,713100.0
1124678453,KCKLG LLC,LAYLANI MACARAEG,LAS VEGAS,NV,89148,7027497404,KCKLG LLC,7027497404,True,True,"Pharmacy, Specialty Pharmacy",9.7,27.3,12.5,94926,64013,1,22,492.5,713100.0
1205442928,"PLUS ONE PHARMACY, LLC",ANISHA PATEL,LAS VEGAS,NV,89148,7027204006,"PLUS ONE PHARMACY, LLC",7027204006,True,True,"Pharmacy, Community/Retail Pharmacy",9.7,27.3,12.5,94926,64013,1,22,492.5,713100.0
1295003028,PHAMS SIN CITY CARE LTD,DANIEL PHAM,LAS VEGAS,NV,89148,7026753050,PHAMS SIN CITY CARE LTD,7026753050,True,True,"Pharmacy, Community/Retail Pharmacy",9.7,27.3,12.5,94926,64013,1,22,492.5,713100.0
1992145965,PHOENIX PHARMACEUTICALS INC,JASMINE TA,LAS VEGAS,NV,89148,7026851233,PHOENIX PHARMACEUTICALS INC,7026851233,True,True,"Pharmacy, Community/Retail Pharmacy",9.7,27.3,12.5,94926,64013,1,22,492.5,713100.0
1699166652,UHS RETAIL PHARMACY LLC,MARVIN PEMBER,LAS VEGAS,NV,89149,7024702694,UHS RETAIL PHARMACY LLC,7024702694,True,True,"Pharmacy, Community/Retail Pharmacy",9.6,29.2,14.2,99085,45009,1,22,492.5,713100.0
1093500712,LUMIS PHARMACY LLC,LESLIE ASANGA,LAS VEGAS,NV,89141,7027106819,LUMIS PHARMACY LLC,7027106819,True,True,"Pharmacy, Community/Retail Pharmacy",9.4,27.1,12.0,109715,41181,1,22,492.5,713100.0
1366476210,"NEVADA HEALTH CENTERS, INC.",WALTER DAVIS,CARSON CITY,NV,89706,8558887426,"NEVADA HEALTH CENTERS, INC.",8558887426,True,True,"Pharmacy, Community/Retail Pharmacy",13.4,34.9,19.4,63653,20724,1,20,492.5,713100.0
1326118407,TUCKER & DAHL LLC,NATHAN DAHL,CARSON CITY,NV,89703,7758858881,TUCKER & DAHL LLC,7758858881,True,True,Pharmacy,11.7,29.5,29.8,82237,10939,1,20,492.5,713100.0
1821182700,HAUTEKEET INC,MICHAEL HAUTEKEET,CARSON CITY,NV,89703,7758411400,HAUTEKEET INC,7758411400,True,True,"Pharmacy, Community/Retail Pharmacy",11.7,29.5,29.8,82237,10939,1,20,492.5,713100.0
1124130125,FRONTIER PHARMACIES LLC,NATHAN DAHL,FALLON,NV,89406,7754233194,FRONTIER PHARMACIES LLC,7754233194,True,True,Pharmacy,12.2,37.7,19.6,73268,25536,1,19,492.5,713100.0
1396842464,"HERBERT L BURKE, INC",HERBERT BURKE,SUN VALLEY,NV,89433,7756735000,"HERBERT L BURKE, INC",7756735000,True,True,"Pharmacy, Community/Retail Pharmacy",12.2,33.1,11.7,74208,23385,1,19,492.5,713100.0
1578923876,VALLEY PHARMACY LLC,AMAR CHANDALURI,SUN VALLEY,NV,89433,7752000945,VALLEY PHARMACY LLC,7752000945,True,True,"Pharmacy, Community/Retail Pharmacy",12.2,33.1,11.7,74208,23385,1,19,492.5,713100.0
1023835436,NNAMHS OUTPATIENT PHARMACY,BRYAN HOANG,SPARKS,NV,89431,7756882067,NNAMHS OUTPATIENT PHARMACY,7756882067,True,True,"Pharmacy, Community/Retail Pharmacy",11.5,31.6,13.1,64496,40772,1,19,492.5,713100.0
1528262425,SCOLARI'S FOOD & DRUG CO.,DAVID CHAN,SPARKS,NV,89431,7753562558,SCOLARI'S FOOD & DRUG CO.,7753562558,True,True,"Pharmacy, Community/Retail Pharmacy",11.5,31.6,13.1,64496,40772,1,19,492.5,713100.0
1164478830,"BUR-KIE, INC",EDWARD MACKIE,SPARKS,NV,89431,7753563500,"BUR-KIE, INC",7753563500,True,True,"Pharmacy, Community/Retail Pharmacy",11.5,31.6,13.1,64496,40772,1,19,492.5,713100.0
1881106219,AIO PHARMACY SERVICES INC,EDGAR GONZALEZ,RENO,NV,89502,7755074291,AIO PHARMACY SERVICES INC,7755074291,True,True,"Pharmacy, Community/Retail Pharmacy",11.3,31.5,13.7,62719,45708,1,19,492.5,713100.0
1427121334,RENOWN HEALTH PHARMACY,JENNIFER GRAY,RENO,NV,89502,7759825060,RENOWN HEALTH PHARMACY,7759825060,True,True,"Pharmacy, Community/Retail Pharmacy",11.3,31.5,13.7,62719,45708,1,19,492.5,713100.0
1326519513,SPECTRUM PHARMACY SERVICES LLC,STEPHEN LARIVIERE,RENO,NV,89502,7758256111,SPECTRUM PHARMACY SERVICES LLC,7758256111,True,True,"Pharmacy, Specialty Pharmacy",11.3,31.5,13.7,62719,45708,1,19,492.5,713100.0
1295910990,EDGE MEDICAL LLC,LESLIE BAKER,RENO,NV,89502,7758290774,EDGE MEDICAL LLC,7758290774,True,True,"Pharmacy, Community/Retail Pharmacy",11.3,31.5,13.7,62719,45708,1,19,492.5,713100.0
1053322560,HALES 50 KIRMAN INC,BILL LOCKE,RENO,NV,89502,7753222171,HALES 50 KIRMAN INC,7753222171,True,True,"Pharmacy, Community/Retail Pharmacy",11.3,31.5,13.7,62719,45708,1,19,492.5,713100.0
1083962989,SIERRA COMPOUNDING PHARMACY,BRANT SKANSON,RENO,NV,89502,7753222171,SIERRA COMPOUNDING PHARMACY,7753222171,True,True,"Pharmacy, Community/Retail Pharmacy",11.3,31.5,13.7,62719,45708,1,19,492.5,713100.0
1871504381,FERNLEY PHARMACY LLC,NATHAN DAHL,FERNLEY,NV,89408,7755754435,FERNLEY PHARMACY LLC,7755754435,True,True,Pharmacy,10.9,35.0,14.1,87723,24025,1,19,492.5,713100.0
1023724945,NORTHERN NEVADA HIV OUTPATIENT PROGRAM EDUCATION AND SERVICES,SHARON CHAMBERLAIN,RENO,NV,89512,7757864673,NORTHERN NEVADA HIV OUTPATIENT PROGRAM EDUCATION AND SERVICES,7757864673,True,True,"Pharmacy, Community/Retail Pharmacy",10.8,30.7,14.7,45284,28133,1,19,492.5,713100.0
1114969649,VILLAGE PHARMACY INC,BRANT SKANSON,INCLINE VILLAGE,NV,89451,7758311133,VILLAGE PHARMACY INC,7758311133,True,True,"Pharmacy, Community/Retail Pharmacy",9.4,25.6,20.0,162300,9165,1,19,492.5,713100.0
1912155094,SIERRA COMPOUNDING PHARMACY,DAVID VASENDEN,RENO,NV,89511,7758533500,SIERRA COMPOUNDING PHARMACY,7758533500,True,True,"Pharmacy, Community/Retail Pharmacy",9.3,25.8,24.6,117287,30214,1,19,492.5,713100.0
1508264979,UHS RETAIL PHARMACY LLC,MARVIN PEMBER,SPARKS,NV,89434,7754327907,UHS RETAIL PHARMACY LLC,7754327907,True,True,"Pharmacy, Community/Retail Pharmacy",9.1,27.1,18.6,90953,27798,1,19,492.5,713100.0
1033206339,"NORTHERN NEVADA HIV OUTPATIENT PROGRAM, EDUCATION AND SERVICES",SHARON CHAMBERLAIN,RENO,NV,89503,7753481306,"NORTHERN NEVADA HIV OUTPATIENT PROGRAM, EDUCATION AND SERVICES",7753481306,True,True,"Pharmacy, Community/Retail Pharmacy",8.4,28.0,14.5,66956,30740,1,19,492.5,713100.0
1487668760,DONS PHARMACY,DAVID VASENDEN,RENO,NV,89503,7753292000,DONS PHARMACY,7753292000,True,True,"Pharmacy, Community/Retail Pharmacy",8.4,28.0,14.5,66956,30740,1,19,492.5,713100.0
1962413476,WELLS PHARMACY INC,LAMONT STEWART,WELLS,NV,89835,7757523556,WELLS PHARMACY INC,7757523556,True,True,"Pharmacy, Community/Retail Pharmacy",14.6,39.7,9.7,64583,1481,1,18,492.5,713100.0
1073369344,INDEPENDENCE DRUG LLC,CAMERIN PASSEY,ELKO,NV,89801,7752644747,INDEPENDENCE DRUG LLC,7752644747,True,True,"Pharmacy, Community/Retail Pharmacy",10.5,37.9,12.9,83777,26070,1,18,492.5,713100.0
1386467009,"RIDLEY'S FAMILY MARKETS, INC",TODD WISE,SPRING CREEK,NV,89815,7757359248,"RIDLEY'S FAMILY MARKETS, INC",7757359248,True,True,"Pharmacy, Community/Retail Pharmacy",9.8,37.1,13.1,103691,15707,1,18,492.5,713100.0
1780695296,SPRING CREEK PHARMACY LLC,ANGELA ATKINS,SPRING CREEK,NV,89815,7757779119,SPRING CREEK PHARMACY LLC,7757779119,True,True,"Pharmacy, Community/Retail Pharmacy",9.8,37.1,13.1,103691,15707,1,18,492.5,713100.0
1295166221,"THE PILL BOX, LLC",CONNIE ELSNER,SPRING CREEK,NV,89815,7757783784,"THE PILL BOX, LLC",7757783784,True,True,"Pharmacy, Community/Retail Pharmacy",9.8,37.1,13.1,103691,15707,1,18,492.5,713100.0
1609981646,REX DRUG CO,MATTHEW CHRISTENSEN,YERINGTON,NV,89447,7754632345,REX DRUG CO,7754632345,True,True,"Pharmacy, Community/Retail Pharmacy",16.3,38.4,32.5,52553,8410,1,17,492.5,713100.0
1265925606,BOUNTIFUL PHARMACY LLC,MATTHEW CHRISTENSEN,SILVER SPRINGS,NV,89429,7759094855,BOUNTIFUL PHARMACY LLC,7759094855,True,True,"Pharmacy, Community/Retail Pharmacy",15.1,37.6,25.9,60661,7949,1,17,492.5,713100.0
1760882831,"PHARMACIST AT LARGE, INC.",GRANT MOULTON,SILVER SPRINGS,NV,89429,7759094855,"PHARMACIST AT LARGE, INC.",7759094855,True,True,"Pharmacy, Community/Retail Pharmacy",15.1,37.6,25.9,60661,7949,1,17,492.5,713100.0
1871169110,SILVER STATE DRUG,ANDREW BLEAK,CALIENTE,NV,89008,7757263771,SILVER STATE DRUG,7757263771,True,True,"Pharmacy, Community/Retail Pharmacy",12.4,31.5,22.2,55089,792,1,17,492.5,713100.0
1891738951,A & H KATSCHKE LTD,ADAM KATSCHKE,CALIENTE,NV,89008,7757263771,A & H KATSCHKE LTD,7757263771,True,True,"Pharmacy, Community/Retail Pharmacy",12.4,31.5,22.2,55089,792,1,17,492.5,713100.0
1003583535,SILVER STATE DRUG,ANDREW BLEAK,ALAMO,NV,89001,7757253515,SILVER STATE DRUG,7757253515,True,True,"Pharmacy, Community/Retail Pharmacy",11.3,32.1,8.8,85543,1045,1,17,492.5,713100.0
1124459631,"A & H KATSCHKE, LTD",ADAM KATSCHKE,ALAMO,NV,89001,7757263771,"A & H KATSCHKE, LTD",7757263771,True,True,"Pharmacy, Community/Retail Pharmacy",11.3,32.1,8.8,85543,1045,1,17,492.5,713100.0
1518450857,BOUNTIFUL PHARMACY LLC,MATTHEW CHRISTENSEN,LOVELOCK,NV,89419,7752731700,BOUNTIFUL PHARMACY LLC,7752731700,True,True,"Pharmacy, Community/Retail Pharmacy",12.0,36.7,18.5,66250,5043,1,15,492.5,713100.0
1184203390,APEX HEALTH,WASEEM SARWAR,PAHRUMP,NV,89048,7757273905,APEX HEALTH,7757273905,True,True,"Pharmacy, Community/Retail Pharmacy",16.4,39.7,31.5,55747,25473,1,14,492.5,713100.0
1619215936,"PAHRUMP VALLEY PHARMACY, LLC",EMANUEL SAS,PAHRUMP,NV,89048,7757271200,"PAHRUMP VALLEY PHARMACY, LLC",7757271200,True,True,"Pharmacy, Community/Retail Pharmacy",16.4,39.7,31.5,55747,25473,1,14,492.5,713100.0
1619356953,CC & SONS LLC,JUSTIN CURNUTT,PAHRUMP,NV,89060,7029608640,CC & SONS LLC,7029608640,True,True,"Pharmacy, Community/Retail Pharmacy",16.4,40.8,30.7,49008,12783,1,14,492.5,713100.0
1083257729,"ECONOMY DRUG, INC.",ANDREW BATH,EUREKA,NV,89316,7752377700,"ECONOMY DRUG, INC.",7752377700,True,True,"Pharmacy, Community/Retail Pharmacy",15.5,38.1,25.2,72798,951,1,14,492.5,713100.0
1225183445,STEPTOE DRUG INC,ART OLSON,ELY,NV,89301,7752892671,STEPTOE DRUG INC,7752892671,True,True,"Pharmacy, Community/Retail Pharmacy",11.5,34.5,16.7,74695,6795,1,14,492.5,713100.0
1700116050,"RIDLEY'S FAMILY MARKETS, INC",CATHI KETTERLING,ELY,NV,89301,7752892671,"RIDLEY'S FAMILY MARKETS, INC",7752892671,True,True,"Pharmacy, Community/Retail Pharmacy",11.5,34.5,16.7,74695,6795,1,14,492.5,713100.0
1023322906,"RIDLEY'S FAMILY MARKETS, INC",CATHI KETTERLING,ELY,NV,89301,7752893420,"RIDLEY'S FAMILY MARKETS, INC",7752893420,True,True,"Pharmacy, Community/Retail Pharmacy",11.5,34.5,16.7,74695,6795,1,14,492.5,713100.0
1831729268,WILLIAM BEE RIRIE RETAIL PHARMACY,FRANK RUVOLO,ELY,NV,89301,7752892338,WILLIAM BEE RIRIE RETAIL PHARMACY,7752892338,True,True,"Pharmacy, Community/Retail Pharmacy",11.5,34.5,16.7,74695,6795,1,14,492.5,713100.0
1710358304,RIDLEYS FAMILY MARKETS INC,TODD WISE,WINNEMUCCA,NV,89445,7756232548,RIDLEYS FAMILY MARKETS INC,7756232548,True,True,"Pharmacy, Community/Retail Pharmacy",11.2,36.3,14.7,80801,17188,1,12,492.5,713100.0
1740238948,"ROCOCO ENTERPRISES, INC",CHRISTOPHER OLSEN,WINNEMUCCA,NV,89445,7756252777,"ROCOCO ENTERPRISES, INC",7756252777,True,True,"Pharmacy, Community/Retail Pharmacy",11.2,36.3,14.7,80801,17188,1,12,492.5,713100.0
1184035487,"WELL CARE PHARMACY I, LLC",MARCELINO CASAL,LAS VEGAS,NV,89111,7025769545,"WELL CARE PHARMACY I, LLC",7025769545,True,True,"Pharmacy, Community/Retail Pharmacy",0,0,0,0,0,0,0,492.5,713100.0
