npi,display_name,owner_name,city,state,zip,phone,cms_org_name,cms_phone,address_matches,phone_matches,primary_taxonomy_desc,zip_diabetes_pct,zip_obesity_pct,zip_pct_65_plus,zip_median_income,zip_population,hpsa_designated,hpsa_score,state_glp1_claims_per_pharmacy,state_glp1_cost_per_pharmacy
1073272852,"MAIN STREET DRUG & BOUTIQUE, INC.",TYLER GILSON,MONTICELLO,UT,84535,4355872302,"MAIN STREET DRUG & BOUTIQUE, INC.",4355872302,True,True,"Pharmacy, Community/Retail Pharmacy",11.9,30.1,19.0,71357,2669,1,20,299.2,366432.0
1487363214,MAIN STREET PHARMACARE LLC,BYRON ROBINSON,MONTICELLO,UT,84535,4355872302,MAIN STREET PHARMACARE LLC,4355872302,True,True,"Pharmacy, Community/Retail Pharmacy",11.9,30.1,19.0,71357,2669,1,20,299.2,366432.0
1215144308,SAN JUAN PHARMACY MONTICELLO INC.,TIM YOUNG,MONTICELLO,UT,84535,4355872302,SAN JUAN PHARMACY MONTICELLO INC.,4355872302,True,True,"Pharmacy, Community/Retail Pharmacy",11.9,30.1,19.0,71357,2669,1,20,299.2,366432.0
1205929650,SAN JUAN PHARMACY INC,DANA NIELSON,BLANDING,UT,84511,4356782781,SAN JUAN PHARMACY INC,4356782781,True,True,"Pharmacy, Community/Retail Pharmacy",11.4,30.4,14.8,62015,4248,1,20,299.2,366432.0
1790157261,GLOBAL MEDICAL THERAPEUTICS INC,MAYSAM MORTAZAVI,SALT LAKE CITY,UT,84104,8019354305,GLOBAL MEDICAL THERAPEUTICS INC,8019354305,True,True,"Pharmacy, Community/Retail Pharmacy",11.8,35.9,9.7,61326,24057,1,19,299.2,366432.0
1669123279,"NOMI PHARMA, LLC",JOSHUA WALKER,SALT LAKE CITY,UT,84120,3853756555,"NOMI PHARMA, LLC",3853756555,True,True,"Pharmacy, Community/Retail Pharmacy",10.9,33.2,10.3,90847,50589,1,19,299.2,366432.0
1558374462,HARMON CITY INC,GREGORY JONES,WEST VALLEY CITY,UT,84120,8019661497,HARMON CITY INC,8019661497,True,True,"Pharmacy, Community/Retail Pharmacy",10.9,33.2,10.3,90847,50589,1,19,299.2,366432.0
1134893217,"PHARMACARE, LLC",STEPHEN BROWN,WEST VALLEY CITY,UT,84120,3855576747,"PHARMACARE, LLC",3855576747,True,True,"Pharmacy, Community/Retail Pharmacy",10.9,33.2,10.3,90847,50589,1,19,299.2,366432.0
1093685273,"PHARMACARE, LLC",STEPHEN BROWN,WEST VALLEY CITY,UT,84120,3855576747,"PHARMACARE, LLC",3855576747,True,True,"Pharmacy, Community/Retail Pharmacy",10.9,33.2,10.3,90847,50589,1,19,299.2,366432.0
1780695338,GRANGER CLINIC PHARMACY INC,MELISSA YOUNG,WEST VALLEY CITY,UT,84120,8019653639,GRANGER CLINIC PHARMACY INC,8019653639,True,True,"Pharmacy, Community/Retail Pharmacy",10.9,33.2,10.3,90847,50589,1,19,299.2,366432.0
1548906845,VIEW PHARMACY LLC,HEIDI SCHILLER,WEST VALLEY CITY,UT,84120,8019604601,VIEW PHARMACY LLC,8019604601,True,True,"Pharmacy, Community/Retail Pharmacy",10.9,33.2,10.3,90847,50589,1,19,299.2,366432.0
1235628223,"MEDS IN MOTION, LLC",JACOB CORSI,DRAPER,UT,84120,8015066999,"MEDS IN MOTION, LLC",8015066999,True,True,"Pharmacy, Community/Retail Pharmacy",10.9,33.2,10.3,90847,50589,1,19,299.2,366432.0
1821014986,"HORNG, INC.",WAN-JEN HORNG,WEST VALLEY CITY,UT,84120,8019643935,"HORNG, INC.",8019643935,True,True,"Pharmacy, Community/Retail Pharmacy",10.9,33.2,10.3,90847,50589,1,19,299.2,366432.0
1740534056,GRANGER PHARMACY,KATY RAMSAY,WEST VALLEY CITY,UT,84120,8019653639,GRANGER PHARMACY,8019653639,True,True,"Pharmacy, Community/Retail Pharmacy",10.9,33.2,10.3,90847,50589,1,19,299.2,366432.0
1922154756,GRANGER PHARMACY,BRYAN ALLRED,WEST VALLEY CITY,UT,84119,8019653639,GRANGER PHARMACY,8019653639,True,True,Pharmacy,10.9,34.6,7.4,66616,50745,1,19,299.2,366432.0
1134617889,STONERIDGE PHARMACY LLC,ZACH HANKS,WEST VALLEY CITY,UT,84119,8014199388,STONERIDGE PHARMACY LLC,8014199388,True,True,"Pharmacy, Community/Retail Pharmacy",10.9,34.6,7.4,66616,50745,1,19,299.2,366432.0
1700119013,MACEYS INC,SHAWNA HANSON,WEST VALLEY CITY,UT,84119,8019636874,MACEYS INC,8019636874,True,True,"Pharmacy, Community/Retail Pharmacy",10.9,34.6,7.4,66616,50745,1,19,299.2,366432.0
1588927792,OLIVE PHARMACY,KAMRAN KHAN,WEST VALLEY CITY,UT,84119,8019725155,OLIVE PHARMACY,8019725155,True,True,"Pharmacy, Community/Retail Pharmacy",10.9,34.6,7.4,66616,50745,1,19,299.2,366432.0
1588709570,VALLEY PHARMACY INC,HOA NGUYEN,WEST VALLEY CITY,UT,84119,8019789655,VALLEY PHARMACY INC,8019789655,True,True,"Pharmacy, Community/Retail Pharmacy",10.9,34.6,7.4,66616,50745,1,19,299.2,366432.0
1073847323,MACEYS INC,SHAWNA HANSON,TAYLORSVILLE,UT,84129,8019642626,MACEYS INC,8019642626,True,True,Pharmacy,10.0,31.2,13.3,94051,38128,1,19,299.2,366432.0
1538722863,TUYETS PHARMACY LLC,TUYET NGUYEN,TAYLORSVILLE,UT,84129,8019873265,TUYETS PHARMACY LLC,8019873265,True,True,"Pharmacy, Community/Retail Pharmacy",10.0,31.2,13.3,94051,38128,1,19,299.2,366432.0
1275546111,HARMON CITY INC,GREGORY JONES,TAYLORSVILLE,UT,84123,8019679185,HARMON CITY INC,8019679185,True,True,"Pharmacy, Community/Retail Pharmacy",9.4,31.2,12.8,80079,36913,1,19,299.2,366432.0
1508879438,HARMON CITY INC,GREGORY JONES,KEARNS,UT,84118,8019637200,HARMON CITY INC,8019637200,True,True,"Pharmacy, Community/Retail Pharmacy",9.4,32.7,7.7,87457,41969,1,19,299.2,366432.0
1225026842,GLADES HYLAND PHARMACIES,HEATHER KARREN,KEARNS,UT,84118,8019691986,GLADES HYLAND PHARMACIES,8019691986,True,True,"Pharmacy, Community/Retail Pharmacy",9.4,32.7,7.7,87457,41969,1,19,299.2,366432.0
1902857501,ACCREDO HEALTH GROUP INC,VIC PERINI,SALT LAKE CITY,UT,84115,8018320222,ACCREDO HEALTH GROUP INC,8018320222,True,True,Pharmacy,9.2,32.4,11.4,61505,28411,1,19,299.2,366432.0
1508649567,MIDTOWN COMMUNITY HEALTH CENTER INC,SONJA LEVESQUE,SOUTH SALT LAKE,UT,84115,8012623315,MIDTOWN COMMUNITY HEALTH CENTER INC,8012623315,True,True,"Pharmacy, Community/Retail Pharmacy",9.2,32.4,11.4,61505,28411,1,19,299.2,366432.0
1518577741,BLACK PANDA LLC,BARBARA DEINET,SALT LAKE CITY,UT,84115,8555582382,BLACK PANDA LLC,8555582382,True,True,Pharmacy,9.2,32.4,11.4,61505,28411,1,19,299.2,366432.0
1033199666,DIABETES SPECIALTY CENTER,KIM DOMAN,SALT LAKE CITY,UT,84115,8012689699,DIABETES SPECIALTY CENTER,8012689699,True,True,Pharmacy,9.2,32.4,11.4,61505,28411,1,19,299.2,366432.0
1497023675,REAMS PHARMACY INC,LORA CHISHOLM,SALT LAKE CITY,UT,84115,8014850054,REAMS PHARMACY INC,8014850054,True,True,"Pharmacy, Community/Retail Pharmacy",9.2,32.4,11.4,61505,28411,1,19,299.2,366432.0
1295033264,SIMPLIFY RX,EDWARD EYRING,SOUTH SALT LAKE,UT,84115,8016181433,SIMPLIFY RX,8016181433,True,True,"Pharmacy, Community/Retail Pharmacy",9.2,32.4,11.4,61505,28411,1,19,299.2,366432.0
1942714639,HARMON CITY INC,SCOTT LEWIS,HOLLADAY,UT,84117,3852578310,HARMON CITY INC,3852578310,True,True,"Pharmacy, Community/Retail Pharmacy",8.8,27.7,21.1,87451,24873,1,19,299.2,366432.0
1023234093,K&A HOLDINGS,KERRY BROWN,HOLLADAY,UT,84117,8012772696,K&A HOLDINGS,8012772696,True,True,"Pharmacy, Compounding Pharmacy",8.8,27.7,21.1,87451,24873,1,19,299.2,366432.0
1275660789,HOLLADAY PHARMACY,GORDON HANKS,SALT LAKE CITY,UT,84117,8012780411,HOLLADAY PHARMACY,8012780411,True,True,"Pharmacy, Community/Retail Pharmacy",8.8,27.7,21.1,87451,24873,1,19,299.2,366432.0
1669753166,MEIERS PHARMACY LLC,DEVIN MEIER,HOLLADAY,UT,84117,8016793278,MEIERS PHARMACY LLC,8016793278,True,True,"Pharmacy, Community/Retail Pharmacy",8.8,27.7,21.1,87451,24873,1,19,299.2,366432.0
1326371584,MACEYS INC,SHAWNA HANSON,SALT LAKE CITY,UT,84117,8012785388,MACEYS INC,8012785388,True,True,Pharmacy,8.8,27.7,21.1,87451,24873,1,19,299.2,366432.0
1629454772,MEDS IN MOTION,DANIEL RICHARDS,SALT LAKE CITY,UT,84117,8013160790,MEDS IN MOTION,8013160790,True,True,"Pharmacy, Community/Retail Pharmacy",8.8,27.7,21.1,87451,24873,1,19,299.2,366432.0
1891700498,K AND A HOLDINGS,KERRY BROWN,SALT LAKE CITY,UT,84117,8012772696,K AND A HOLDINGS,8012772696,True,True,Pharmacy,8.8,27.7,21.1,87451,24873,1,19,299.2,366432.0
1174390520,MACEYS INC,SHAWNA HANSON,SANDY,UT,84093,8016923942,MACEYS INC,8016923942,True,True,"Pharmacy, Community/Retail Pharmacy",8.8,27.7,18.4,132453,23998,1,19,299.2,366432.0
1225799075,SAI SCRIPTS LLC,JAYASREE VANTERU,SANDY,UT,84093,3852757436,SAI SCRIPTS LLC,3852757436,True,True,"Pharmacy, Community/Retail Pharmacy",8.8,27.7,18.4,132453,23998,1,19,299.2,366432.0
1578890695,OQUIRRH MOUNTAIN PHARMACY LLC,SHELDON BIRCH,MAGNA,UT,84044,8012521000,OQUIRRH MOUNTAIN PHARMACY LLC,8012521000,True,True,"Pharmacy, Community/Retail Pharmacy",8.8,32.7,8.3,87516,29488,1,19,299.2,366432.0
1174928949,MMCP,CHAD HAMMON,HOLLADAY,UT,84121,8015597719,MMCP,8015597719,True,True,"Pharmacy, Community/Retail Pharmacy",8.6,27.7,19.3,114912,39204,1,19,299.2,366432.0
1265908719,SALT LAKE CITY PHARMACY LLC,WALKER BATEMAN,COTTONWOOD HEIGHTS,UT,84121,8017838025,SALT LAKE CITY PHARMACY LLC,8017838025,True,True,"Pharmacy, Community/Retail Pharmacy",8.6,27.7,19.3,114912,39204,1,19,299.2,366432.0
1356674667,MACEYS INC,SHAWNA HANSON,MURRAY,UT,84121,8012621025,MACEYS INC,8012621025,True,True,"Pharmacy, Community/Retail Pharmacy",8.6,27.7,19.3,114912,39204,1,19,299.2,366432.0
1225147382,DANS SUPERMARKETS INC,SHAWNA HANSON,SALT LAKE CITY,UT,84121,8019430951,DANS SUPERMARKETS INC,8019430951,True,True,"Pharmacy, Community/Retail Pharmacy",8.6,27.7,19.3,114912,39204,1,19,299.2,366432.0
1245459627,MEDIPHARM,PAUL DUNN,SALT LAKE CITY,UT,84121,8017339902,MEDIPHARM,8017339902,True,True,"Pharmacy, Specialty Pharmacy",8.6,27.7,19.3,114912,39204,1,19,299.2,366432.0
1174638118,NIELSON FAMILY PHARMACY CORP,LEE NIELSON,SALT LAKE CITY,UT,84121,8012782101,NIELSON FAMILY PHARMACY CORP,8012782101,True,True,"Pharmacy, Community/Retail Pharmacy",8.6,27.7,19.3,114912,39204,1,19,299.2,366432.0
1942923974,WELLCARE PHARMACY LLC,VIJAY KALE,WEST JORDAN,UT,84088,3858553055,WELLCARE PHARMACY LLC,3858553055,True,True,"Pharmacy, Community/Retail Pharmacy",8.6,30.5,10.1,100532,38915,1,19,299.2,366432.0
1043329261,MACEYS INC,SHAWNA HANSON,WEST JORDAN,UT,84088,8012557557,MACEYS INC,8012557557,True,True,"Pharmacy, Community/Retail Pharmacy",8.6,30.5,10.1,100532,38915,1,19,299.2,366432.0
1861068082,UTAH PARTNERS FOR HEALTH,DEBBIE TURNER,WEST JORDAN,UT,84088,8014170131,UTAH PARTNERS FOR HEALTH,8014170131,True,True,"Pharmacy, Community/Retail Pharmacy",8.6,30.5,10.1,100532,38915,1,19,299.2,366432.0
1508638107,UTAH PARTNERS FOR HEALTH,DEBBIE TURNER,WEST JORDAN,UT,84088,8018930033,UTAH PARTNERS FOR HEALTH,8018930033,True,True,"Pharmacy, Community/Retail Pharmacy",8.6,30.5,10.1,100532,38915,1,19,299.2,366432.0
1831171941,FAMILY PLAZA PHARMACY INC,SHANE JENSEN,WEST JORDAN,UT,84088,8015690175,FAMILY PLAZA PHARMACY INC,8015690175,True,True,"Pharmacy, Community/Retail Pharmacy",8.6,30.5,10.1,100532,38915,1,19,299.2,366432.0
1891715496,TMJ INC,TAD JOLLEY,WEST JORDAN,UT,84088,8017477500,TMJ INC,8017477500,True,True,"Pharmacy, Community/Retail Pharmacy",8.6,30.5,10.1,100532,38915,1,19,299.2,366432.0
1891345237,STRIVE PHARMACY UTAH 1 LLC,MICHAEL WALKER,SANDY,UT,84070,8018997505,STRIVE PHARMACY UTAH 1 LLC,8018997505,True,True,"Pharmacy, Compounding Pharmacy",8.5,29.9,11.2,79414,30348,1,19,299.2,366432.0
1891283735,ALTA RX LLC.,NICOLE COX,SANDY,UT,84070,8017167200,ALTA RX LLC.,8017167200,True,True,"Pharmacy, Community/Retail Pharmacy",8.5,29.9,11.2,79414,30348,1,19,299.2,366432.0
1174960405,BRIGHTON PHARMACY,STEPHANIE AUSTIN,SANDY,UT,84070,8016620265,BRIGHTON PHARMACY,8016620265,True,True,"Pharmacy, Community/Retail Pharmacy",8.5,29.9,11.2,79414,30348,1,19,299.2,366432.0
1669767356,EVEREST PHARMACY LLC,DAVID DIEHL,SANDY,UT,84070,8017271964,EVEREST PHARMACY LLC,8017271964,True,True,"Pharmacy, Community/Retail Pharmacy",8.5,29.9,11.2,79414,30348,1,19,299.2,366432.0
1063736304,MEDSOURCE RX PHARMACY LLC,SAHILY PAOLINE,SANDY,UT,84070,8017271979,MEDSOURCE RX PHARMACY LLC,8017271979,True,True,"Pharmacy, Community/Retail Pharmacy",8.5,29.9,11.2,79414,30348,1,19,299.2,366432.0
1033535166,NEW LIFE PHARMACY LLC,SIRTAJ SINGH,SANDY,UT,84070,8017167200,NEW LIFE PHARMACY LLC,8017167200,True,True,"Pharmacy, Community/Retail Pharmacy",8.5,29.9,11.2,79414,30348,1,19,299.2,366432.0
1235311176,SNOWBIRD RESORT LLC,WILLIAM HOGE,SNOWBIRD,UT,84092,8019332275,SNOWBIRD RESORT LLC,8019332275,True,True,"Pharmacy, Community/Retail Pharmacy",8.4,27.3,18.9,153333,28162,1,19,299.2,366432.0
1821442856,GIBSON PHARMACY SERVICES LLC,BYRON ROBINSON,MURRAY,UT,84107,8012625526,GIBSON PHARMACY SERVICES LLC,8012625526,True,True,"Pharmacy, Community/Retail Pharmacy",8.1,29.7,14.1,73469,37548,1,19,299.2,366432.0
1861504771,GIBSONS PHARMACY INC,RANDY WARDELL,MURRAY,UT,84107,8012625526,GIBSONS PHARMACY INC,8012625526,True,True,"Pharmacy, Community/Retail Pharmacy",8.1,29.7,14.1,73469,37548,1,19,299.2,366432.0
1306955539,MACEYS INC,SHAWNA HANSON,SANDY,UT,84094,8015671423,MACEYS INC,8015671423,True,True,"Pharmacy, Community/Retail Pharmacy",8.0,28.9,12.7,102881,28277,1,19,299.2,366432.0
1518046283,T & R PHARMACEUTICAL LLC,TROY JOHANSEN,SANDY,UT,84094,8015710201,T & R PHARMACEUTICAL LLC,8015710201,True,True,"Pharmacy, Compounding Pharmacy",8.0,28.9,12.7,102881,28277,1,19,299.2,366432.0
1639100803,APOTHECARY SHOP OF SANDY INC,NATHAN DOWNHOUR,SANDY,UT,84094,8015710340,APOTHECARY SHOP OF SANDY INC,8015710340,True,True,"Pharmacy, Community/Retail Pharmacy",8.0,28.9,12.7,102881,28277,1,19,299.2,366432.0
1013525864,HRX PHARMACY,CODY WALKER,HOLLADAY,UT,84124,6053051722,HRX PHARMACY,6053051722,True,True,Pharmacy,7.9,26.9,17.4,117500,22992,1,19,299.2,366432.0
1417400797,HRX PHARMACY LLC,CODY WALKER,SALT LAKE CITY,UT,84124,8015533426,HRX PHARMACY LLC,8015533426,True,True,"Pharmacy, Community/Retail Pharmacy",7.9,26.9,17.4,117500,22992,1,19,299.2,366432.0
1083723142,MACEYS INC,SHAWNA HANSON,SLC,UT,84124,8012729494,MACEYS INC,8012729494,True,True,"Pharmacy, Community/Retail Pharmacy",7.9,26.9,17.4,117500,22992,1,19,299.2,366432.0
1447760228,"MEDS IN MOTION, LLC",DANIEL RICHARDS,SALT LAKE CITY,UT,84124,8012700600,"MEDS IN MOTION, LLC",8012700600,True,True,"Pharmacy, Community/Retail Pharmacy",7.9,26.9,17.4,117500,22992,1,19,299.2,366432.0
1992027098,VERIDICUS CONSULTING,DOUGLAS BURGOYNE,HOLLADAY,UT,84124,8018651997,VERIDICUS CONSULTING,8018651997,True,True,"Pharmacy, Community/Retail Pharmacy",7.9,26.9,17.4,117500,22992,1,19,299.2,366432.0
1073548699,COMMUNTIY PHARMACY,REED JENSEN,SALT LAKE CITY,UT,84124,8012700600,COMMUNTIY PHARMACY,8012700600,True,True,"Pharmacy, Community/Retail Pharmacy",7.9,26.9,17.4,117500,22992,1,19,299.2,366432.0
1851304760,HARMON CITY INC,GREGORY JONES,MIDVALE,UT,84047,8015611491,HARMON CITY INC,8015611491,True,True,"Pharmacy, Community/Retail Pharmacy",7.9,30.3,10.3,73120,36573,1,19,299.2,366432.0
1811437569,"ALLERGY BUTLER, LLC",EDWARD LOOMIS,MIDVALE,UT,84047,8016527666,"ALLERGY BUTLER, LLC",8016527666,True,True,"Pharmacy, Community/Retail Pharmacy",7.9,30.3,10.3,73120,36573,1,19,299.2,366432.0
1366958191,HILLCREST PHARMACY,JUSTIN MEIER,MIDVALE,UT,84047,8018287389,HILLCREST PHARMACY,8018287389,True,True,"Pharmacy, Community/Retail Pharmacy",7.9,30.3,10.3,73120,36573,1,19,299.2,366432.0
1306115274,HARMON CITY INC,GREGORY JONES,SALT LAKE CITY,UT,84111,8014280399,HARMON CITY INC,8014280399,True,True,"Pharmacy, Community/Retail Pharmacy",7.8,30.1,9.9,57188,12446,1,19,299.2,366432.0
1962415810,HARMON CITY INC,GREGORY JONES,SOUTH JORDAN,UT,84095,8013029220,HARMON CITY INC,8013029220,True,True,"Pharmacy, Community/Retail Pharmacy",7.7,27.0,16.5,123082,38240,1,19,299.2,366432.0
1003995549,"HARMON CITY, INC",GREGORY JONES,SOUTH JORDAN,UT,84095,8014955353,"HARMON CITY, INC",8014955353,True,True,"Pharmacy, Community/Retail Pharmacy",7.7,27.0,16.5,123082,38240,1,19,299.2,366432.0
1134452840,ASSOCIATED FRESH MARKETS INC,SHAWNA HANSON,SALT LAKE CITY,UT,84108,8014871018,ASSOCIATED FRESH MARKETS INC,8014871018,True,True,Pharmacy,7.3,26.0,15.1,120469,21951,1,19,299.2,366432.0
1801905971,DANS SUPERMARKETS INC,SHAWNA HANSON,SLC,UT,84108,8015811700,DANS SUPERMARKETS INC,8015811700,True,True,"Pharmacy, Community/Retail Pharmacy",7.3,26.0,15.1,120469,21951,1,19,299.2,366432.0
1972964104,CONTINUED CARE PHARMACY LLC,BRANDON HAGEN,DRAPER,UT,84020,8885574318,CONTINUED CARE PHARMACY LLC,8885574318,True,True,"Pharmacy, Community/Retail Pharmacy",7.3,28.6,10.0,130680,50159,1,19,299.2,366432.0
1134132061,HARMON CITY INC,GREGORY JONES,DRAPER,UT,84020,8014957720,HARMON CITY INC,8014957720,True,True,"Pharmacy, Community/Retail Pharmacy",7.3,28.6,10.0,130680,50159,1,19,299.2,366432.0
1386816304,HARMON CITY INC,GREGORY JONES,DRAPER,UT,84020,8016170123,HARMON CITY INC,8016170123,True,True,"Pharmacy, Community/Retail Pharmacy",7.3,28.6,10.0,130680,50159,1,19,299.2,366432.0
1225463169,INNOVATIVE RX LLC,ANGELEE DEAN,DRAPER,UT,84020,8013555176,INNOVATIVE RX LLC,8013555176,True,True,"Pharmacy, Community/Retail Pharmacy",7.3,28.6,10.0,130680,50159,1,19,299.2,366432.0
1386963593,MACEY'S INC,SHAWNA HANSON,DRAPER,UT,84020,8015711406,MACEY'S INC,8015711406,True,True,"Pharmacy, Community/Retail Pharmacy",7.3,28.6,10.0,130680,50159,1,19,299.2,366432.0
1295037505,ASPIRE RX LLC,JAY ALAN ROACH,DRAPER,UT,84020,8772213464,ASPIRE RX LLC,8772213464,True,True,"Pharmacy, Community/Retail Pharmacy",7.3,28.6,10.0,130680,50159,1,19,299.2,366432.0
1366748238,MOUNT OLYMPUS COMPOUNDING LLC,ANGIE KILPATRICK,DRAPER,UT,84020,8012789008,MOUNT OLYMPUS COMPOUNDING LLC,8012789008,True,True,"Pharmacy, Compounding Pharmacy",7.3,28.6,10.0,130680,50159,1,19,299.2,366432.0
1114089794,SOUTHEAST PHARMACY,ROBERT HUNTER,SALT LAKE CITY,UT,84109,8014662181,SOUTHEAST PHARMACY,8014662181,True,True,"Pharmacy, Community/Retail Pharmacy",7.2,26.1,14.1,136823,25879,1,19,299.2,366432.0
1225361934,ASSOCIATED FRESH MARKETS INC,SHAWNA HANSON,SALT LAKE CITY,UT,84109,8012725298,ASSOCIATED FRESH MARKETS INC,8012725298,True,True,Pharmacy,7.2,26.1,14.1,136823,25879,1,19,299.2,366432.0
1821432626,ISOMERIC PHARMACY SOLUTIONS LLC,JACOB CORSI,SALT LAKE CITY,UT,84109,8004180730,ISOMERIC PHARMACY SOLUTIONS LLC,8004180730,True,True,"Pharmacy, Community/Retail Pharmacy",7.2,26.1,14.1,136823,25879,1,19,299.2,366432.0
1790274546,HARMON CITY INC,GREGORY JONES,RIVERTON,UT,84065,3852576444,HARMON CITY INC,3852576444,True,True,"Pharmacy, Community/Retail Pharmacy",7.1,28.8,11.1,122809,50284,1,19,299.2,366432.0
1215701933,NEEDLE CORPORATION,BRETT HAMMOND,BLUFFDALE,UT,84065,3852140599,NEEDLE CORPORATION,3852140599,True,True,"Pharmacy, Community/Retail Pharmacy",7.1,28.8,11.1,122809,50284,1,19,299.2,366432.0
1013148071,SOUTH VALLEY COMPOUNDING PHARMACY LLC,BART SMITH,RIVERTON,UT,84065,8016767880,SOUTH VALLEY COMPOUNDING PHARMACY LLC,8016767880,True,True,"Pharmacy, Community/Retail Pharmacy",7.1,28.8,11.1,122809,50284,1,19,299.2,366432.0
1649643909,ECO PHARMACY OF SALT LAKE CITY 1 LLC,JASMEET SINGH,RIVERTON,UT,84065,8012546111,ECO PHARMACY OF SALT LAKE CITY 1 LLC,8012546111,True,True,"Pharmacy, Community/Retail Pharmacy",7.1,28.8,11.1,122809,50284,1,19,299.2,366432.0
1780917930,PETERSON MARKET LLC,MONTE PETERSON,RIVERTON,UT,84065,8012540809,PETERSON MARKET LLC,8012540809,True,True,"Pharmacy, Community/Retail Pharmacy",7.1,28.8,11.1,122809,50284,1,19,299.2,366432.0
1598776148,PETERSON FOODTOWN INC,MONTE PETERSON,RIVERTON,UT,84065,8012540809,PETERSON FOODTOWN INC,8012540809,True,True,"Pharmacy, Community/Retail Pharmacy",7.1,28.8,11.1,122809,50284,1,19,299.2,366432.0
1902819832,HARMON CITY INC,GREGORY JONES,SALT LAKE CITY,UT,84106,8014875461,HARMON CITY INC,8014875461,True,True,"Pharmacy, Community/Retail Pharmacy",7.0,27.8,14.8,94452,33791,1,19,299.2,366432.0
1568703650,"AMPHEX PHARMACY, LLC",RAJIV SHARMA,SALT LAKE CITY,UT,84106,8013411300,"AMPHEX PHARMACY, LLC",8013411300,True,True,"Pharmacy, Community/Retail Pharmacy",7.0,27.8,14.8,94452,33791,1,19,299.2,366432.0
1043543754,ASSOCIATED FRESH MARKETS INC,SHAWNA HANSON,SALT LAKE CITY,UT,84105,8014848742,ASSOCIATED FRESH MARKETS INC,8014848742,True,True,Pharmacy,6.6,27.7,11.9,94145,22963,1,19,299.2,366432.0
1659445187,JOLLEY COMP AND SPECIALTY PHAM,DEAN JOLLEY,SALT LAKE CITY,UT,84105,8014844393,JOLLEY COMP AND SPECIALTY PHAM,8014844393,True,True,"Pharmacy, Community/Retail Pharmacy",6.6,27.7,11.9,94145,22963,1,19,299.2,366432.0
1114592722,JOLLEY'S CORNER BUSINESSES LLC,CHRIS KENDRICK,SALT LAKE CITY,UT,84105,8016572286,JOLLEY'S CORNER BUSINESSES LLC,8016572286,True,True,"Pharmacy, Community/Retail Pharmacy",6.6,27.7,11.9,94145,22963,1,19,299.2,366432.0
1740940329,HARMON CITY INC,GREGORY JONES,SOUTH JORDAN,UT,84009,3852979740,HARMON CITY INC,3852979740,True,True,"Pharmacy, Community/Retail Pharmacy",6.5,28.0,9.9,130559,42091,1,19,299.2,366432.0
1528151388,"NIELSON'S PHARMACY, INC",WESTIN WINN,CASTLE DALE,UT,84513,4353815464,"NIELSON'S PHARMACY, INC",4353815464,True,True,"Pharmacy, Community/Retail Pharmacy",10.8,30.1,21.3,69821,1463,1,18,299.2,366432.0
1790209633,O'NEILS SMART HEALTH PHARMACY,KENDALL O'NEIL,HUNTINGTON,UT,84528,4356875050,O'NEILS SMART HEALTH PHARMACY,4356875050,True,True,"Pharmacy, Community/Retail Pharmacy",10.8,30.2,14.7,79489,2955,1,18,299.2,366432.0
1255324554,DAVIS-BURKETT FOOD CORP,MIKE SORENSON,VERNAL,UT,84078,4357897011,DAVIS-BURKETT FOOD CORP,4357897011,True,True,Pharmacy,9.7,34.9,10.8,71230,30669,1,18,299.2,366432.0
1245347558,MOUNTAIN VIEW FAMILY PHARMACY INC,CHRIS MCCLELLAN,PAYSON,UT,84651,8014654322,MOUNTAIN VIEW FAMILY PHARMACY INC,8014654322,True,True,"Pharmacy, Community/Retail Pharmacy",8.4,31.0,10.7,94152,29502,1,18,299.2,366432.0
1174559330,PAYSON FOOD CORPORATION INC.,HAROLD MEASOM,PAYSON,UT,84651,8014652343,PAYSON FOOD CORPORATION INC.,8014652343,True,True,"Pharmacy, Community/Retail Pharmacy",8.4,31.0,10.7,94152,29502,1,18,299.2,366432.0
1811390768,PAYSON RX EXPRESS LLC,JAMES WEBSTER,PAYSON,UT,84651,4356100353,PAYSON RX EXPRESS LLC,4356100353,True,True,"Pharmacy, Community/Retail Pharmacy",8.4,31.0,10.7,94152,29502,1,18,299.2,366432.0
1558374405,HARMON CITY INC,GREGORY JONES,OREM,UT,84097,8017144150,HARMON CITY INC,8017144150,True,True,"Pharmacy, Community/Retail Pharmacy",8.3,29.4,14.3,97034,22024,1,18,299.2,366432.0
1437627288,TAYLOR DRUG OF LINDON,BRITTANI PETERSEN,LINDON,UT,84042,3854401222,TAYLOR DRUG OF LINDON,3854401222,True,True,"Pharmacy, Community/Retail Pharmacy",8.3,29.6,12.2,104840,11570,1,18,299.2,366432.0
1881915957,HOLLADAY PHARMACEUTICAL LLC,PENNY GUSTAFSON,OREM,UT,84057,8014347670,HOLLADAY PHARMACEUTICAL LLC,8014347670,True,True,"Pharmacy, Community/Retail Pharmacy",8.3,31.4,9.9,80184,37620,1,18,299.2,366432.0
1548379753,MACEYS INC,SHAWNA HANSON,OREM,UT,84057,8012254621,MACEYS INC,8012254621,True,True,"Pharmacy, Community/Retail Pharmacy",8.3,31.4,9.9,80184,37620,1,18,299.2,366432.0
1457380131,SUPER SAVE MARKETS,GARY ALLEN,OREM,UT,84057,8012243131,SUPER SAVE MARKETS,8012243131,True,True,"Pharmacy, Community/Retail Pharmacy",8.3,31.4,9.9,80184,37620,1,18,299.2,366432.0
1205977162,WARREN RX ENTERPRISES INC,GARY NAKKEN,OREM,UT,84057,8017352003,WARREN RX ENTERPRISES INC,8017352003,True,True,"Pharmacy, Community/Retail Pharmacy",8.3,31.4,9.9,80184,37620,1,18,299.2,366432.0
1770723306,SALEM HILLS PHARMACY INC,BRENT WARREN,SALEM,UT,84653,8017230570,SALEM HILLS PHARMACY INC,8017230570,True,True,"Pharmacy, Community/Retail Pharmacy",8.1,30.0,10.2,111420,11531,1,18,299.2,366432.0
1548795461,CD PHARMACY LLC,KENNETH NORRIS,SPRINGVILLE,UT,84663,8014779444,CD PHARMACY LLC,8014779444,True,True,"Pharmacy, Community/Retail Pharmacy",8.1,31.1,9.6,88919,35889,1,18,299.2,366432.0
1194754804,ALLENS INC.,GARY ALLEN,SPRINGVILLE,UT,84663,8014489732,ALLENS INC.,8014489732,True,True,"Pharmacy, Community/Retail Pharmacy",8.1,31.1,9.6,88919,35889,1,18,299.2,366432.0
1467810093,REAMS SPRINGVILLE PHARMACY LLC,MARY KAYE SPENCER,SPRINGVILLE,UT,84663,8014893784,REAMS SPRINGVILLE PHARMACY LLC,8014893784,True,True,"Pharmacy, Community/Retail Pharmacy",8.1,31.1,9.6,88919,35889,1,18,299.2,366432.0
1558406181,VILLAGE PANTRY #9,MICHAEL JOHNSON,SPRINGVILLE,UT,84663,8014895618,VILLAGE PANTRY #9,8014895618,True,True,"Pharmacy, Community/Retail Pharmacy",8.1,31.1,9.6,88919,35889,1,18,299.2,366432.0
1215948708,PARK PHARMACY INC,ELLIS LEWIS,PROVO,UT,84601,8013736043,PARK PHARMACY INC,8013736043,True,True,"Pharmacy, Community/Retail Pharmacy",8.1,32.7,7.5,64758,32871,1,18,299.2,366432.0
1427381714,ASSOCIATED FRESH MARKETS INC,SHAWNA HANSON,PROVO,UT,84601,8013741704,ASSOCIATED FRESH MARKETS INC,8013741704,True,True,Pharmacy,8.1,32.7,7.5,64758,32871,1,18,299.2,366432.0
1497170401,HOBBLE CREEK FAMILY PHARMACIES LLC,KENT TAYLOR,PROVO,UT,84601,8013737288,HOBBLE CREEK FAMILY PHARMACIES LLC,8013737288,True,True,"Pharmacy, Community/Retail Pharmacy",8.1,32.7,7.5,64758,32871,1,18,299.2,366432.0
1427119593,B AND H MEDICAL,RAYMOND FRAEDRICH,PROVO,UT,84601,8013737288,B AND H MEDICAL,8013737288,True,True,"Pharmacy, Community/Retail Pharmacy",8.1,32.7,7.5,64758,32871,1,18,299.2,366432.0
1457603037,MAPLE MOUNTAIN PHARMACY INC,MICHAEL JOHNSON,MAPLETON,UT,84664,8015156048,MAPLE MOUNTAIN PHARMACY INC,8015156048,True,True,"Pharmacy, Community/Retail Pharmacy",7.9,28.9,12.7,127860,12340,1,18,299.2,366432.0
1619063427,STONE DRUG INC,MICHAEL STONE,SPANISH FORK,UT,84660,8017988611,STONE DRUG INC,8017988611,True,True,"Pharmacy, Community/Retail Pharmacy",7.4,30.9,9.0,98398,47004,1,18,299.2,366432.0
1407965650,MACEYS INC,SHAWNA HANSON,SPANISH FORK,UT,84660,8017988832,MACEYS INC,8017988832,True,True,"Pharmacy, Community/Retail Pharmacy",7.4,30.9,9.0,98398,47004,1,18,299.2,366432.0
1811406218,"MEDS IN MOTION, LLC",DANIEL RICHARDS,SPANISH FORK,UT,84660,8015066999,"MEDS IN MOTION, LLC",8015066999,True,True,"Pharmacy, Community/Retail Pharmacy",7.4,30.9,9.0,98398,47004,1,18,299.2,366432.0
1255870564,"SPANISH FORK COMMUNITY PHARMACY, INC",BRENT WARREN,SPANISH FORK,UT,84660,8013611000,"SPANISH FORK COMMUNITY PHARMACY, INC",8013611000,True,True,"Pharmacy, Compounding Pharmacy",7.4,30.9,9.0,98398,47004,1,18,299.2,366432.0
1891028106,ASSOCIATED FRESH MARKETS INC,SHAWNA HANSON,AMERICAN FORK,UT,84003,8017562411,ASSOCIATED FRESH MARKETS INC,8017562411,True,True,"Pharmacy, Community/Retail Pharmacy",7.4,29.1,9.0,120262,55259,1,18,299.2,366432.0
1982762373,TAYLOR DRUG INC,CLAYTON GRACE,AMERICAN FORK,UT,84003,8017564021,TAYLOR DRUG INC,8017564021,True,True,Pharmacy,7.4,29.1,9.0,120262,55259,1,18,299.2,366432.0
1912403502,MARCHANTS PHARM WAGON,KEVIN MARCHANT,SANTAQUIN,UT,84655,8017541141,MARCHANTS PHARM WAGON,8017541141,True,True,"Pharmacy, Community/Retail Pharmacy",7.4,31.8,6.8,97003,17157,1,18,299.2,366432.0
1023637675,"SANTAQUIN MARKET, INC.",HAROLD MEASOM,SANTAQUIN,UT,84655,8014652343,"SANTAQUIN MARKET, INC.",8014652343,True,True,"Pharmacy, Community/Retail Pharmacy",7.4,31.8,6.8,97003,17157,1,18,299.2,366432.0
1467745562,SANTAQUIN PHARMACY,JAMES WEBSTER,SANTAQUIN,UT,84655,8017541141,SANTAQUIN PHARMACY,8017541141,True,True,"Pharmacy, Community/Retail Pharmacy",7.4,31.8,6.8,97003,17157,1,18,299.2,366432.0
1164780854,SANTAQUIN PHARMACY PLLC,JIM WEBSTER,SANTAQUIN,UT,84655,8017541141,SANTAQUIN PHARMACY PLLC,8017541141,True,True,"Pharmacy, Community/Retail Pharmacy",7.4,31.8,6.8,97003,17157,1,18,299.2,366432.0
1851529333,"SANTAQUIN PHARMACY, P.L.L.C.",JAMES WEBSTER,SANTAQUIN,UT,84655,8017541141,"SANTAQUIN PHARMACY, P.L.L.C.",8017541141,True,True,"Pharmacy, Community/Retail Pharmacy",7.4,31.8,6.8,97003,17157,1,18,299.2,366432.0
1598874737,MACEYS INC,SHAWNA HANSON,PLEASANT GROVE,UT,84062,8017966580,MACEYS INC,8017966580,True,True,"Pharmacy, Community/Retail Pharmacy",7.3,29.9,9.7,101584,47489,1,18,299.2,366432.0
1588694228,SMITH DRUG COMPANY OF PLEASANT GROVE,KRISTINE PENCE,PLEASANT GRV,UT,84062,8017853221,SMITH DRUG COMPANY OF PLEASANT GROVE,8017853221,True,True,"Pharmacy, Community/Retail Pharmacy",7.3,29.9,9.7,101584,47489,1,18,299.2,366432.0
1376920629,UTAH VALLEY PHARMACY,DAVID GLENN,OREM,UT,84058,8012243932,UTAH VALLEY PHARMACY,8012243932,True,True,"Pharmacy, Community/Retail Pharmacy",6.9,30.0,7.6,71474,34706,1,18,299.2,366432.0
1659859965,BETTERCARE FAMILY PHARMACY LLC,HAKSOO KIM,PROVO,UT,84604,3854774942,BETTERCARE FAMILY PHARMACY LLC,3854774942,True,True,"Pharmacy, Community/Retail Pharmacy",6.2,28.9,9.6,74522,43749,1,18,299.2,366432.0
1346282951,"CANYON PHARMACEUTICAL, LLC",RYAN JOHANSEN,PROVO,UT,84604,8013772002,"CANYON PHARMACEUTICAL, LLC",8013772002,True,True,"Pharmacy, Community/Retail Pharmacy",6.2,28.9,9.6,74522,43749,1,18,299.2,366432.0
1083723217,MACEYS INC,SHAWNA HANSON,PROVO,UT,84604,8013770307,MACEYS INC,8013770307,True,True,"Pharmacy, Community/Retail Pharmacy",6.2,28.9,9.6,74522,43749,1,18,299.2,366432.0
1467961995,"MEDS IN MOTION, LLC",DANIEL RICHARDS,PROVO,UT,84604,8015066999,"MEDS IN MOTION, LLC",8015066999,True,True,"Pharmacy, Community/Retail Pharmacy",6.2,28.9,9.6,74522,43749,1,18,299.2,366432.0
1659301885,RED BEAKER INC,MIKE CHAMBERLAIN,PROVO,UT,84604,8012267994,RED BEAKER INC,8012267994,True,True,"Pharmacy, Community/Retail Pharmacy",6.2,28.9,9.6,74522,43749,1,18,299.2,366432.0
1083062707,"HARMON CITY, INC",GREGORY JONES,LEHI,UT,84043,3853528018,"HARMON CITY, INC",3853528018,True,True,"Pharmacy, Community/Retail Pharmacy",6.0,29.3,5.5,125598,81839,1,18,299.2,366432.0
1386753549,MACEYS INC,SHAWNA HANSON,LEHI,UT,84043,8017660355,MACEYS INC,8017660355,True,True,"Pharmacy, Community/Retail Pharmacy",6.0,29.3,5.5,125598,81839,1,18,299.2,366432.0
1063051761,REXALL DRUG,SHAY BINGHAM,LEHI,UT,84043,8013316630,REXALL DRUG,8013316630,True,True,"Pharmacy, Community/Retail Pharmacy",6.0,29.3,5.5,125598,81839,1,18,299.2,366432.0
1326218694,DRY CREEK PHARMACY LLC,CODY LITTLEFIELD,LEHI,UT,84043,8013316630,DRY CREEK PHARMACY LLC,8013316630,True,True,"Pharmacy, Community/Retail Pharmacy",6.0,29.3,5.5,125598,81839,1,18,299.2,366432.0
1780614479,SHERN DRUG INC,CECIL SHERN,LEHI,UT,84043,8017684244,SHERN DRUG INC,8017684244,True,True,"Pharmacy, Community/Retail Pharmacy",6.0,29.3,5.5,125598,81839,1,18,299.2,366432.0
1306826128,KIRKPATRICK DRUG LLC,JEFF KIRKPATRICK,SARATOGA SPRINGS,UT,84043,8017664894,KIRKPATRICK DRUG LLC,8017664894,True,True,"Pharmacy, Community/Retail Pharmacy",6.0,29.3,5.5,125598,81839,1,18,299.2,366432.0
1700107604,"PRECISION MEDICAL PHARMACY, LLC",KERRY BROWN,SARATOGA SPRINGS,UT,84045,8012219355,"PRECISION MEDICAL PHARMACY, LLC",8012219355,True,True,"Pharmacy, Community/Retail Pharmacy",5.6,29.6,5.1,123870,43369,1,18,299.2,366432.0
1689238479,PIONEER DRUG LLC,SHELDON BIRCH,EAGLE MOUNTAIN,UT,84005,8017535100,PIONEER DRUG LLC,8017535100,True,True,"Pharmacy, Community/Retail Pharmacy",5.3,31.0,2.7,105576,49116,1,18,299.2,366432.0
1568115715,RIDLEYS FAMILY MARKETS INC,TODD WISE,EAGLE MOUNTAIN,UT,84005,8013583365,RIDLEYS FAMILY MARKETS INC,8013583365,True,True,"Pharmacy, Community/Retail Pharmacy",5.3,31.0,2.7,105576,49116,1,18,299.2,366432.0
1548681877,RIDLEYS FAMILY MARKETS INC,TODD WISE,EAGLE MOUNTAIN,UT,84005,8017894997,RIDLEYS FAMILY MARKETS INC,8017894997,True,True,"Pharmacy, Community/Retail Pharmacy",5.3,31.0,2.7,105576,49116,1,18,299.2,366432.0
1174552848,SUPER SAVE MARKETS,GARY ALLEN,PROVO,UT,84606,8013755005,SUPER SAVE MARKETS,8013755005,True,True,"Pharmacy, Community/Retail Pharmacy",4.7,31.3,2.7,52110,35931,1,18,299.2,366432.0
1306718135,BADGER MANAGEMENT LLC,CRYSTAL GRIMES,VINEYARD,UT,84059,3854722385,BADGER MANAGEMENT LLC,3854722385,True,True,Pharmacy,4.4,29.1,2.4,101842,16419,1,18,299.2,366432.0
1356215008,BADGER MANAGEMENT LLC,CRYSTAL GRIMES,VINEYARD,UT,84059,3854722385,BADGER MANAGEMENT LLC,3854722385,True,True,"Pharmacy, Community/Retail Pharmacy",4.4,29.1,2.4,101842,16419,1,18,299.2,366432.0
1730679085,OAK HILLS PHARMACY LLC,MIKE CHAMBERLAIN,PROVO,UT,84602,8014225171,OAK HILLS PHARMACY LLC,8014225171,True,True,"Pharmacy, Community/Retail Pharmacy",2.2,31.0,0.0,31250,2115,1,18,299.2,366432.0
1639131907,CARBON MEDICAL SERVICE ASSOCIATION INCORPORATED,VANESSA ANDERSON,SUNNYSIDE,UT,84539,4358884411,CARBON MEDICAL SERVICE ASSOCIATION INCORPORATED,4358884411,True,True,"Pharmacy, Community/Retail Pharmacy",14.5,35.5,21.0,36900,485,1,17,299.2,366432.0
1568974830,"PRICE FAMILY PHARMACY, INC.",CLIFF HOLT,PRICE,UT,84501,4366373737,"PRICE FAMILY PHARMACY, INC.",4366373737,True,True,"Pharmacy, Community/Retail Pharmacy",13.0,35.4,18.0,53256,13002,1,17,299.2,366432.0
1346573656,LIN'S SUPERMARKETS INC,SHAWNA HANSON,PRICE,UT,84501,4356377112,LIN'S SUPERMARKETS INC,4356377112,True,True,"Pharmacy, Community/Retail Pharmacy",13.0,35.4,18.0,53256,13002,1,17,299.2,366432.0
1649720723,CARBON MEDICAL SERVICE ASSOCIATION INCORPORATED,MICHAEL SMITH,HELPER,UT,84526,4352999165,CARBON MEDICAL SERVICE ASSOCIATION INCORPORATED,4352999165,True,True,"Pharmacy, Community/Retail Pharmacy",12.7,34.5,19.7,53786,4267,1,17,299.2,366432.0
1558605816,DAVIS-BURKETT FOOD CORP,MIKE SORENSON,LA VERKIN,UT,84745,4356356944,DAVIS-BURKETT FOOD CORP,4356356944,True,True,Pharmacy,12.1,37.5,14.0,63061,4429,1,17,299.2,366432.0
1366573461,MARKET PHARMACY,CLIFFORD HOLT,LA VERKIN,UT,84745,4356358880,MARKET PHARMACY,4356358880,True,True,"Pharmacy, Community/Retail Pharmacy",12.1,37.5,14.0,63061,4429,1,17,299.2,366432.0
1316187602,HURRICANE FAMILY PHARMACY INC,CLIFFORD HOLT,HURRICANE,UT,84737,4356358200,HURRICANE FAMILY PHARMACY INC,4356358200,True,True,"Pharmacy, Community/Retail Pharmacy",11.2,34.2,22.9,70417,23477,1,17,299.2,366432.0
1477333417,"SOUTHWEST UTAH COMMUNITY HEALTH CENTER, INC",LORI WRIGHT,HURRICANE,UT,84737,4353599899,"SOUTHWEST UTAH COMMUNITY HEALTH CENTER, INC",4353599899,True,True,"Pharmacy, Community/Retail Pharmacy",11.2,34.2,22.9,70417,23477,1,17,299.2,366432.0
1588100416,HURRICANE FAMILY PHARMACY,CLIFF HOLT,HURRICANE,UT,84737,4356358200,HURRICANE FAMILY PHARMACY,4356358200,True,True,"Pharmacy, Community/Retail Pharmacy",11.2,34.2,22.9,70417,23477,1,17,299.2,366432.0
1598874695,LIN'S SUPERMARKETS INC,SHAWNA HANSON,HURRICANE,UT,84737,4356353840,LIN'S SUPERMARKETS INC,4356353840,True,True,"Pharmacy, Community/Retail Pharmacy",11.2,34.2,22.9,70417,23477,1,17,299.2,366432.0
1417066598,LIN'S SUPERMARKETS INC,SHAWNA HANSON,SAINT GEORGE,UT,84770,4356739781,LIN'S SUPERMARKETS INC,4356739781,True,True,"Pharmacy, Community/Retail Pharmacy",10.7,33.6,22.3,68174,47226,1,17,299.2,366432.0
1750687802,PHARMBOY VENTURES UNLIMITED INC,CAROLINE MCFADDEN,SAINT GEORGE,UT,84770,4356745667,PHARMBOY VENTURES UNLIMITED INC,4356745667,True,True,"Pharmacy, Community/Retail Pharmacy",10.7,33.6,22.3,68174,47226,1,17,299.2,366432.0
1962859033,SIENAS PHARMACY LLC,STEVE KIRKLAND,SAINT GEORGE,UT,84770,4356736777,SIENAS PHARMACY LLC,4356736777,True,True,"Pharmacy, Community/Retail Pharmacy",10.7,33.6,22.3,68174,47226,1,17,299.2,366432.0
1558391441,STAPLEY PHARMACY INC,CHRISTOPHER CHRISTENSEN,SAINT GEORGE,UT,84770,4356733575,STAPLEY PHARMACY INC,4356733575,True,True,"Pharmacy, Community/Retail Pharmacy",10.7,33.6,22.3,68174,47226,1,17,299.2,366432.0
1033120522,CCK INC,CALE BATT,ST GEORGE,UT,84770,4356284554,CCK INC,4356284554,True,True,"Pharmacy, Community/Retail Pharmacy",10.7,33.6,22.3,68174,47226,1,17,299.2,366432.0
1134132079,HARMON CITY INC,GREG JONES,ST GEORGE,UT,84790,4356282824,HARMON CITY INC,4356282824,True,True,"Pharmacy, Community/Retail Pharmacy",10.6,32.4,21.7,85720,54353,1,17,299.2,366432.0
1477314300,"RED CLIFFS FAMILY PHARMACY, INC",CLIFF HOLT,ST GEORGE,UT,84790,4354296700,"RED CLIFFS FAMILY PHARMACY, INC",4354296700,True,True,"Pharmacy, Community/Retail Pharmacy",10.6,32.4,21.7,85720,54353,1,17,299.2,366432.0
1093576928,ST GEORGE FAMILY PHARMACY,CLIFF HOLT,ST GEORGE,UT,84790,4356521548,ST GEORGE FAMILY PHARMACY,4356521548,True,True,"Pharmacy, Community/Retail Pharmacy",10.6,32.4,21.7,85720,54353,1,17,299.2,366432.0
1134895543,JW2 LLC,TRAVIS JACKMAN,ST GEORGE,UT,84790,4359001008,JW2 LLC,4359001008,True,True,"Pharmacy, Community/Retail Pharmacy",10.6,32.4,21.7,85720,54353,1,17,299.2,366432.0
1891770715,PROFESSIONAL PARK PHARMACY INC,R BRAD ANDERSON,ST GEORGE,UT,84790,4356521548,PROFESSIONAL PARK PHARMACY INC,4356521548,True,True,"Pharmacy, Community/Retail Pharmacy",10.6,32.4,21.7,85720,54353,1,17,299.2,366432.0
1780288571,PROFESSIONAL PARK PHARMACY INC,ROBERT ANDERSON,ST GEORGE,UT,84790,4354296700,PROFESSIONAL PARK PHARMACY INC,4354296700,True,True,"Pharmacy, Community/Retail Pharmacy",10.6,32.4,21.7,85720,54353,1,17,299.2,366432.0
1629768676,"SOUTHWEST UTAH COMMUNITY HEALTH CENTER, INC",KEVIN JONES,ST. GEORGE,UT,84790,4359862565,"SOUTHWEST UTAH COMMUNITY HEALTH CENTER, INC",4359862565,True,True,"Pharmacy, Community/Retail Pharmacy",10.6,32.4,21.7,85720,54353,1,17,299.2,366432.0
1184134819,PHARMBOY VENTURES UNLIMITED INC,CAROLINE MCFADDEN,ST. GEORGE,UT,84790,4352557160,PHARMBOY VENTURES UNLIMITED INC,4352557160,True,True,"Pharmacy, Community/Retail Pharmacy",10.6,32.4,21.7,85720,54353,1,17,299.2,366432.0
1154735785,SAMUEL K. STUCKI,SAMUEL STUCKI,WASHINGTON,UT,84780,4356278848,SAMUEL K. STUCKI,4356278848,True,True,"Pharmacy, Community/Retail Pharmacy",9.9,32.2,20.0,94103,30709,1,17,299.2,366432.0
1942686761,"STAPLEY PHARMACY, INC.",CHRISTOPHER CHRISTENSEN,ENTERPRISE,UT,84725,4358782300,"STAPLEY PHARMACY, INC.",4358782300,True,True,"Pharmacy, Community/Retail Pharmacy",8.6,32.1,19.3,80875,1665,1,17,299.2,366432.0
1225265689,KTM HEALTH CARE INC,ADAM KATSCHKE,ENTERPRISE,UT,84725,4358782760,KTM HEALTH CARE INC,4358782760,True,True,"Pharmacy, Community/Retail Pharmacy",8.6,32.1,19.3,80875,1665,1,17,299.2,366432.0
1508104712,FUSION SPECIALTY PHARMACY INC,KOBY TAYLOR,SANTA CLARA,UT,84765,4357039680,FUSION SPECIALTY PHARMACY INC,4357039680,True,True,"Pharmacy, Community/Retail Pharmacy",8.6,31.0,15.2,93083,7891,1,17,299.2,366432.0
1881069706,HARMON CITY INC,GREGORY JONES,SANTA CLARA,UT,84765,8019578454,HARMON CITY INC,8019578454,True,True,"Pharmacy, Community/Retail Pharmacy",8.6,31.0,15.2,93083,7891,1,17,299.2,366432.0
1235918962,"MOAB VALLEY HEALTHCARE, INC.",ZACH WOJCIESZEK,MOAB,UT,84532,4357195555,"MOAB VALLEY HEALTHCARE, INC.",4357195555,True,True,"Pharmacy, Community/Retail Pharmacy",11.1,28.9,19.0,64145,10648,1,16,299.2,366432.0
1114597853,SPANISH VALLEY CLINIC PHARMACY,BRIAN BOTHWELL,SPANISH VALLEY,UT,84532,4355871181,SPANISH VALLEY CLINIC PHARMACY,4355871181,True,True,"Pharmacy, Community/Retail Pharmacy",11.1,28.9,19.0,64145,10648,1,16,299.2,366432.0
1881786358,WALKER DRUG COMPANY INC,JACK WALKER,MOAB,UT,84532,4352595959,WALKER DRUG COMPANY INC,4352595959,True,True,"Pharmacy, Community/Retail Pharmacy",11.1,28.9,19.0,64145,10648,1,16,299.2,366432.0
1114083359,C AND C PHARMACIES INC,MICHAEL CONGER,BRIGHAM CITY,UT,84302,4357235211,C AND C PHARMACIES INC,4357235211,True,True,"Pharmacy, Community/Retail Pharmacy",9.7,32.3,14.6,75247,26711,1,16,299.2,366432.0
1316532500,C AND C PHARMACIES INC,DIANE KROEGER,BRIGHAM CITY,UT,84302,4357235211,C AND C PHARMACIES INC,4357235211,True,True,"Pharmacy, Community/Retail Pharmacy",9.7,32.3,14.6,75247,26711,1,16,299.2,366432.0
1346253515,ELITE MUS HOLDINGS LLC,THOMAS MUSGRAVE,EDEN,UT,84310,8017451800,ELITE MUS HOLDINGS LLC,8017451800,True,True,"Pharmacy, Community/Retail Pharmacy",9.2,32.2,18.4,143137,5002,1,16,299.2,366432.0
1871758987,ROE RX INC,HAL ROE,OGDEN,UT,84404,8014753795,ROE RX INC,8014753795,True,True,"Pharmacy, Community/Retail Pharmacy",9.2,35.5,11.8,81917,65875,1,16,299.2,366432.0
1730370479,ROE RX INC,HAL ROE,PLEASANT VIEW,UT,84404,8014753695,ROE RX INC,8014753695,True,True,"Pharmacy, Community/Retail Pharmacy",9.2,35.5,11.8,81917,65875,1,16,299.2,366432.0
1538284716,12TH ST PHARMACY INC,WALLACE EGGLESTON,OGDEN,UT,84404,8016212154,12TH ST PHARMACY INC,8016212154,True,True,"Pharmacy, Community/Retail Pharmacy",9.2,35.5,11.8,81917,65875,1,16,299.2,366432.0
1134645526,"PCO-KTA, LLC",MARK SCHULTZ,PLAIN CITY,UT,84404,8018270688,"PCO-KTA, LLC",8018270688,True,True,"Pharmacy, Community/Retail Pharmacy",9.2,35.5,11.8,81917,65875,1,16,299.2,366432.0
1881614535,RAYCO CORPORATION,EMORY ELWELL,OGDEN,UT,84404,8013994054,RAYCO CORPORATION,8013994054,True,True,"Pharmacy, Community/Retail Pharmacy",9.2,35.5,11.8,81917,65875,1,16,299.2,366432.0
1598766545,F CRAIG HAZEN INC,F HAZEN,OGDEN,UT,84401,8013991151,F CRAIG HAZEN INC,8013991151,True,True,"Pharmacy, Community/Retail Pharmacy",9.2,36.0,8.3,77333,46784,1,16,299.2,366432.0
1528391836,ASSOCIATED FRESH MARKETS INC,SHAWNA HANSON,OGDEN,UT,84401,8013935270,ASSOCIATED FRESH MARKETS INC,8013935270,True,True,"Pharmacy, Community/Retail Pharmacy",9.2,36.0,8.3,77333,46784,1,16,299.2,366432.0
1245536051,SBB PHARMACEUTICAL LLC,SHELDON BIRCH,GRANTSVILLE,UT,84029,4358849990,SBB PHARMACEUTICAL LLC,4358849990,True,True,"Pharmacy, Community/Retail Pharmacy",9.2,37.5,8.2,97330,14159,1,16,299.2,366432.0
1386689420,WILLIAMS FAMILY DRUG LLC,SCOTT WILLIAMS,GRANTSVILLE,UT,84029,4358843285,WILLIAMS FAMILY DRUG LLC,4358843285,True,True,"Pharmacy, Community/Retail Pharmacy",9.2,37.5,8.2,97330,14159,1,16,299.2,366432.0
1881119469,ROE RX INC,JOSH WILDE,WASHINGTON TERRACE,UT,84405,8016893420,ROE RX INC,8016893420,True,True,"Pharmacy, Community/Retail Pharmacy",9.1,33.7,14.1,84488,34931,1,16,299.2,366432.0
1952748519,MACEYS INC,SHAWNA HANSON,OGDEN,UT,84405,8013995866,MACEYS INC,8013995866,True,True,"Pharmacy, Community/Retail Pharmacy",9.1,33.7,14.1,84488,34931,1,16,299.2,366432.0
1295765204,KWIK STOP DRUG,TERRY VAN VLEET,OGDEN,UT,84405,8013995866,KWIK STOP DRUG,8013995866,True,True,"Pharmacy, Community/Retail Pharmacy",9.1,33.7,14.1,84488,34931,1,16,299.2,366432.0
1295829976,TERRACE PHARMACY,ALAN WINTER,OGDEN,UT,84405,8014799645,TERRACE PHARMACY,8014799645,True,True,"Pharmacy, Community/Retail Pharmacy",9.1,33.7,14.1,84488,34931,1,16,299.2,366432.0
1063400448,TREMONTON COMMUNITY PHARMACY INC,LARRY DURRANT,TREMONTON,UT,84337,4352575249,TREMONTON COMMUNITY PHARMACY INC,4352575249,True,True,"Pharmacy, Community/Retail Pharmacy",9.1,32.8,9.2,73854,15452,1,16,299.2,366432.0
1912470246,RIDLEY'S FAMILY MARKETS INC,TODD WISE,TREMONTON,UT,84337,8013583365,RIDLEY'S FAMILY MARKETS INC,8013583365,True,True,"Pharmacy, Community/Retail Pharmacy",9.1,32.8,9.2,73854,15452,1,16,299.2,366432.0
1235394347,ROE RX INC,HAL ROE,OGDEN,UT,84403,8014753295,ROE RX INC,8014753295,True,True,"Pharmacy, Community/Retail Pharmacy",9.0,33.9,14.7,84589,37244,1,16,299.2,366432.0
1982938239,ASSOCIATED FRESH MARKETS INC,SHAWNA HANSON,SOUTH OGDEN,UT,84403,8014790827,ASSOCIATED FRESH MARKETS INC,8014790827,True,True,"Pharmacy, Community/Retail Pharmacy",9.0,33.9,14.7,84589,37244,1,16,299.2,366432.0
1396827077,DIVERSIFIED PROFESSIONAL COMPANY,GARY BAILEY,OGDEN,UT,84403,8014794030,DIVERSIFIED PROFESSIONAL COMPANY,8014794030,True,True,"Pharmacy, Community/Retail Pharmacy",9.0,33.9,14.7,84589,37244,1,16,299.2,366432.0
1952657934,TIBBITTS FAMILY PHARMACY LLC,BRETT TIBBITTS,LAYTON,UT,84040,8017710363,TIBBITTS FAMILY PHARMACY LLC,8017710363,True,True,"Pharmacy, Community/Retail Pharmacy",8.8,31.8,14.2,123297,28269,1,16,299.2,366432.0
1992251714,SKY VIEW PHARMACY INC,BRADY GREEN,LAYTON,UT,84040,3854052252,SKY VIEW PHARMACY INC,3854052252,True,True,"Pharmacy, Community/Retail Pharmacy",8.8,31.8,14.2,123297,28269,1,16,299.2,366432.0
1609976257,"CFK, INC.",CHANDLER FRAME,BOUNTIFUL,UT,84010,8012953463,"CFK, INC.",8012953463,True,True,"Pharmacy, Community/Retail Pharmacy",8.8,31.7,14.1,102038,46666,1,16,299.2,366432.0
1972665396,"MOUNTAIN WEST MEDICINE, INC.",JULIE LINDBERG,BOUNTIFUL,UT,84010,8012956979,"MOUNTAIN WEST MEDICINE, INC.",8012956979,True,True,"Pharmacy, Community/Retail Pharmacy",8.8,31.7,14.1,102038,46666,1,16,299.2,366432.0
1679643753,MVP PHARMACY LLC,JACOB HORROCKS,BOUNTIFUL,UT,84010,8012953439,MVP PHARMACY LLC,8012953439,True,True,"Pharmacy, Community/Retail Pharmacy",8.8,31.7,14.1,102038,46666,1,16,299.2,366432.0
1538528898,CENTRAL DRUG LLC,MARY ROGERS,BOUNTIFUL,UT,84010,8012953463,CENTRAL DRUG LLC,8012953463,True,True,"Pharmacy, Community/Retail Pharmacy",8.8,31.7,14.1,102038,46666,1,16,299.2,366432.0
1083716310,DICKS FAMILY PHARMACY INC,ERIC LOVERIDGE,BOUNTIFUL,UT,84010,8012962222,DICKS FAMILY PHARMACY INC,8012962222,True,True,"Pharmacy, Community/Retail Pharmacy",8.8,31.7,14.1,102038,46666,1,16,299.2,366432.0
1992098271,EZ MED LLC,BRANDON ROBERTSON,BOUNTIFUL,UT,84010,8013975900,EZ MED LLC,8013975900,True,True,"Pharmacy, Community/Retail Pharmacy",8.8,31.7,14.1,102038,46666,1,16,299.2,366432.0
1174810014,"VALUE MED RX, LLC",BRETT ROBERTSON,BOUNTIFUL,UT,84010,8013975900,"VALUE MED RX, LLC",8013975900,True,True,"Pharmacy, Community/Retail Pharmacy",8.8,31.7,14.1,102038,46666,1,16,299.2,366432.0
1861780439,BIRCH PHARMACEUTICAL LLC,SHELDON BIRCH,TOOELE,UT,84074,4358828880,BIRCH PHARMACEUTICAL LLC,4358828880,True,True,"Pharmacy, Community/Retail Pharmacy",8.8,37.3,8.9,102313,57470,1,16,299.2,366432.0
1396932877,RSP PHARMACEUTICAL CORPORATION,SHELDON BIRCH,TOOELE,UT,84074,4358827775,RSP PHARMACEUTICAL CORPORATION,4358827775,True,True,"Pharmacy, Community/Retail Pharmacy",8.8,37.3,8.9,102313,57470,1,16,299.2,366432.0
1275642415,MACEYS INC,SHAWNA HANSON,TOOELE,UT,84074,4358438821,MACEYS INC,4358438821,True,True,"Pharmacy, Community/Retail Pharmacy",8.8,37.3,8.9,102313,57470,1,16,299.2,366432.0
1033228150,DICKS SUPERMARKETS INC,SHAWNA HANSON,CENTERVILLE,UT,84014,8012982676,DICKS SUPERMARKETS INC,8012982676,True,True,"Pharmacy, Community/Retail Pharmacy",8.6,31.3,19.7,118045,16571,1,16,299.2,366432.0
1902934243,JLSCO LLC,SHARI BADGER,NORTH OGDEN,UT,84414,8017826116,JLSCO LLC,8017826116,True,True,"Pharmacy, Community/Retail Pharmacy",8.6,33.0,12.6,108345,33288,1,16,299.2,366432.0
1912376849,ROE RX INC,HAL ROE,CLINTON,UT,84015,8017845495,ROE RX INC,8017845495,True,True,"Pharmacy, Community/Retail Pharmacy",8.5,34.3,8.6,92634,70730,1,16,299.2,366432.0
1235751900,ROE RX INC,HAL ROE,WEST POINT,UT,84015,3853277200,ROE RX INC,3853277200,True,True,"Pharmacy, Community/Retail Pharmacy",8.5,34.3,8.6,92634,70730,1,16,299.2,366432.0
1013454396,GFY LLC,ALEXANDER MCDANIEL,CLEARFIELD,UT,84015,8018205545,GFY LLC,8018205545,True,True,"Pharmacy, Community/Retail Pharmacy",8.5,34.3,8.6,92634,70730,1,16,299.2,366432.0
1205819968,WINEGARS SUPER MARKETS INC,LONNY WINEGAR,CLEARFIELD,UT,84015,8017737330,WINEGARS SUPER MARKETS INC,8017737330,True,True,"Pharmacy, Community/Retail Pharmacy",8.5,34.3,8.6,92634,70730,1,16,299.2,366432.0
1629552385,WEST POINT PHARMACY,SETH MAUCHLEY,WEST POINT,UT,84015,4803636289,WEST POINT PHARMACY,4803636289,True,True,"Pharmacy, Community/Retail Pharmacy",8.5,34.3,8.6,92634,70730,1,16,299.2,366432.0
1073526935,HARMON CITY INC,GREGORY JONES,ROY,UT,84067,8018252788,HARMON CITY INC,8018252788,True,True,"Pharmacy, Community/Retail Pharmacy",8.4,33.9,11.4,90918,38795,1,16,299.2,366432.0
1053491191,KENTROY,KENT BEKSTROM,ROY,UT,84067,8019853942,KENTROY,8019853942,True,True,"Pharmacy, Community/Retail Pharmacy",8.4,33.9,11.4,90918,38795,1,16,299.2,366432.0
1295966414,APOTHECARY POINTE PHARMACY INC,CODY HYMAS,ROY,UT,84067,8018256400,APOTHECARY POINTE PHARMACY INC,8018256400,True,True,"Pharmacy, Community/Retail Pharmacy",8.4,33.9,11.4,90918,38795,1,16,299.2,366432.0
1508628496,PARK VIEW PHARMACY INC,SHAWN SPRIGGS,LAYTON,UT,84041,8015896467,PARK VIEW PHARMACY INC,8015896467,True,True,"Pharmacy, Community/Retail Pharmacy",8.1,33.5,8.4,87608,54750,1,16,299.2,366432.0
1255664561,ASSOCIATED FRESH MARKETS INC,SHAWNA HANSON,LAYTON,UT,84041,8015448512,ASSOCIATED FRESH MARKETS INC,8015448512,True,True,"Pharmacy, Community/Retail Pharmacy",8.1,33.5,8.4,87608,54750,1,16,299.2,366432.0
1316958804,PROFESSIONAL PLAZA PHARMACY INC,GEORGE HAMBLIN,LAYTON,UT,84041,8017733863,PROFESSIONAL PLAZA PHARMACY INC,8017733863,True,True,"Pharmacy, Community/Retail Pharmacy",8.1,33.5,8.4,87608,54750,1,16,299.2,366432.0
1528464336,WEST GORDON PHARMACY INC,DAVID BURNETT,LAYTON,UT,84041,8015447979,WEST GORDON PHARMACY INC,8015447979,True,True,"Pharmacy, Community/Retail Pharmacy",8.1,33.5,8.4,87608,54750,1,16,299.2,366432.0
1588735500,DAVIS PHARMACY INC,FERRIS DERBIDGE,LAYTON,UT,84041,8017797820,DAVIS PHARMACY INC,8017797820,True,True,"Pharmacy, Community/Retail Pharmacy",8.1,33.5,8.4,87608,54750,1,16,299.2,366432.0
1891501938,ROE RX INC,HAL ROE,KAYSVILLE,UT,84037,3852710800,ROE RX INC,3852710800,True,True,"Pharmacy, Community/Retail Pharmacy",7.7,31.2,11.8,130258,39316,1,16,299.2,366432.0
1023159985,BOWMAN INC,KURT PRICE,KAYSVILLE,UT,84037,8015441462,BOWMAN INC,8015441462,True,True,"Pharmacy, Community/Retail Pharmacy",7.7,31.2,11.8,130258,39316,1,16,299.2,366432.0
1083157382,BADGER MANAGEMENT LLC,JONATHAN BADGER,N SALT LAKE,UT,84054,3853227900,BADGER MANAGEMENT LLC,3853227900,True,True,"Pharmacy, Community/Retail Pharmacy",7.5,32.6,11.1,107889,22201,1,16,299.2,366432.0
1750414314,ISLAND VIEW PHARMACY INC,SHAWN SPRIGGS,SYRACUSE,UT,84075,8017737899,ISLAND VIEW PHARMACY INC,8017737899,True,True,"Pharmacy, Community/Retail Pharmacy",7.4,32.3,7.6,132459,34118,1,16,299.2,366432.0
1255630851,HARMON CITY INC,GREGORY JONES,FARMINGTON,UT,84025,8019282626,HARMON CITY INC,8019282626,True,True,"Pharmacy, Community/Retail Pharmacy",7.3,31.4,10.7,120123,25055,1,16,299.2,366432.0
1053801340,MEARS PHARMACY LLC,JONATHON MEARS,FARMINGTON,UT,84025,8016287679,MEARS PHARMACY LLC,8016287679,True,True,"Pharmacy, Community/Retail Pharmacy",7.3,31.4,10.7,120123,25055,1,16,299.2,366432.0
1962826362,WAYNE COMMUNITY HEALTH CENTERS INC,REGINA FLANAGAN,ESCALANTE,UT,84726,4358264374,WAYNE COMMUNITY HEALTH CENTERS INC,4358264374,True,True,"Pharmacy, Community/Retail Pharmacy",13.0,29.3,22.3,59231,792,1,14,299.2,366432.0
1932527124,ASPEN RIDGE PHARMACY LLC,GARY BARBEN,MONROE,UT,84754,4355271300,ASPEN RIDGE PHARMACY LLC,4355271300,True,True,"Pharmacy, Community/Retail Pharmacy",12.0,37.0,19.8,67600,4252,1,14,299.2,366432.0
1326487182,"SAMUEL I MARSHALL, P,C.",SAMUEL MARSHALL,PANGUITCH,UT,84759,4356762212,"SAMUEL I MARSHALL, P,C.",4356762212,True,True,"Pharmacy, Community/Retail Pharmacy",10.9,27.9,19.2,75566,2209,1,14,299.2,366432.0
1376524280,PANGUITCH DRUG CORP,STEVE MARSHALL,PANGUITCH,UT,84759,4356762212,PANGUITCH DRUG CORP,4356762212,True,True,"Pharmacy, Community/Retail Pharmacy",10.9,27.9,19.2,75566,2209,1,14,299.2,366432.0
1851066930,"WAYNE COMMUNITY HEALTH CENTERS, INC",RAMONA LARSEN,SALINA,UT,84654,4352870756,"WAYNE COMMUNITY HEALTH CENTERS, INC",4352870756,True,True,"Pharmacy, Community/Retail Pharmacy",10.2,37.2,16.2,64405,2551,1,14,299.2,366432.0
1306553425,GOLDEN DRUG,GOLDEN BERRETT,RICHFIELD,UT,84701,4358966000,GOLDEN DRUG,4358966000,True,True,"Pharmacy, Community/Retail Pharmacy",10.1,36.1,15.3,77532,8756,1,14,299.2,366432.0
1093285785,RICHFIELD COMMUNITY PHARMACY LLC,EVAN VICKERS,RICHFIELD,UT,84701,4358936808,RICHFIELD COMMUNITY PHARMACY LLC,4358936808,True,True,"Pharmacy, Community/Retail Pharmacy",10.1,36.1,15.3,77532,8756,1,14,299.2,366432.0
1053689158,"SUPER DRUG & HERBAL STORE, INC",LEONARD FITZGERALD,RICHFIELD,UT,84701,4358966000,"SUPER DRUG & HERBAL STORE, INC",4358966000,True,True,"Pharmacy, Community/Retail Pharmacy",10.1,36.1,15.3,77532,8756,1,14,299.2,366432.0
1184711459,PAROWAN DRUG & GIFT INC,DOUG HUNTINGTON,PAROWAN,UT,84761,4354773000,PAROWAN DRUG & GIFT INC,4354773000,True,True,"Pharmacy, Community/Retail Pharmacy",13.6,37.6,22.6,50582,3127,1,13,299.2,366432.0
1972956019,ZIONS PHARMACY SERVICES,BYRON ROBINSON,KANAB,UT,84741,4356442693,ZIONS PHARMACY SERVICES,4356442693,True,True,"Pharmacy, Community/Retail Pharmacy",11.9,33.1,25.1,75951,6145,1,13,299.2,366432.0
1952413866,DT KENAI INVESTMENT LLC,DAVID SHAKESPEARE,KANAB,UT,84741,4356442418,DT KENAI INVESTMENT LLC,4356442418,True,True,"Pharmacy, Community/Retail Pharmacy",11.9,33.1,25.1,75951,6145,1,13,299.2,366432.0
1174191860,ENOCH COMMUNITY PHARMACY PC,JASON BARROWS,ENOCH,UT,84721,8017910262,ENOCH COMMUNITY PHARMACY PC,8017910262,True,True,"Pharmacy, Community/Retail Pharmacy",9.4,36.6,10.5,73342,29635,1,13,299.2,366432.0
1942211438,TOWNSHIP PHARMACY L L C,KYLE ROWLEY,CEDAR CITY,UT,84721,4358670800,TOWNSHIP PHARMACY L L C,4358670800,True,True,"Pharmacy, Community/Retail Pharmacy",9.4,36.6,10.5,73342,29635,1,13,299.2,366432.0
1881292167,3BC INCORPORATED,ROBERT COOK,PROVIDENCE,UT,84332,4357522665,3BC INCORPORATED,4357522665,True,True,Pharmacy,8.9,28.0,13.3,103750,8680,1,13,299.2,366432.0
1336705755,"HEALTH WEST, INC.",AMELIA MURPHY,PROVIDENCE,UT,84332,4357556061,"HEALTH WEST, INC.",4357556061,True,True,"Pharmacy, Community/Retail Pharmacy",8.9,28.0,13.3,103750,8680,1,13,299.2,366432.0
1558495457,MACEYS INC,SHAWNA HANSON,PROVIDENCE,UT,84332,4357521111,MACEYS INC,4357521111,True,True,"Pharmacy, Community/Retail Pharmacy",8.9,28.0,13.3,103750,8680,1,13,299.2,366432.0
1750564514,SOUTH VALLEY PHARMACY,LARRY DURRANT,PROVIDENCE,UT,84332,8017030494,SOUTH VALLEY PHARMACY,8017030494,True,True,"Pharmacy, Community/Retail Pharmacy",8.9,28.0,13.3,103750,8680,1,13,299.2,366432.0
1538516588,"CEDAR DRUG AND GIFT, INC",RORY SMITH,CEDAR CITY,UT,84720,4355867578,"CEDAR DRUG AND GIFT, INC",4355867578,True,True,"Pharmacy, Community/Retail Pharmacy",8.2,32.8,14.3,63742,24323,1,13,299.2,366432.0
1598776080,EJVF LLC,ROBERT VICKERS,CEDAR CITY,UT,84720,4355869651,EJVF LLC,4355869651,True,True,"Pharmacy, Community/Retail Pharmacy",8.2,32.8,14.3,63742,24323,1,13,299.2,366432.0
1366551442,LIN'S SUPERMARKETS INC,SHAWNA HANSON,CEDAR CITY,UT,84720,4358656665,LIN'S SUPERMARKETS INC,4358656665,True,True,"Pharmacy, Community/Retail Pharmacy",8.2,32.8,14.3,63742,24323,1,13,299.2,366432.0
1114630548,LEES MARKETPLACE INC,CRYSTAL GRIMES,RICHMOND,UT,84333,4357744150,LEES MARKETPLACE INC,4357744150,True,True,"Pharmacy, Community/Retail Pharmacy",8.1,28.0,13.3,94955,3095,1,13,299.2,366432.0
1083359988,HIGH CREEK PHARMACY,ELLIOT MORRELL,RICHMOND,UT,84333,4352585560,HIGH CREEK PHARMACY,4352585560,True,True,"Pharmacy, Community/Retail Pharmacy",8.1,28.0,13.3,94955,3095,1,13,299.2,366432.0
1821182957,CONGER DRUG INC,MICHAEL CONGER,HYRUM,UT,84319,4352456422,CONGER DRUG INC,4352456422,True,True,"Pharmacy, Community/Retail Pharmacy",8.1,28.7,11.9,86103,10490,1,13,299.2,366432.0
1487702668,LEES MARKETPLACE INC,SHARI BADGER,LOGAN,UT,84341,4357500258,LEES MARKETPLACE INC,4357500258,True,True,"Pharmacy, Community/Retail Pharmacy",7.8,28.7,10.1,64045,25791,1,13,299.2,366432.0
1811708308,CACHE VALLEY PHARMACARE LLC,BYRON ROBINSON,NORTH LOGAN,UT,84341,4357571212,CACHE VALLEY PHARMACARE LLC,4357571212,True,True,"Pharmacy, Community/Retail Pharmacy",7.8,28.7,10.1,64045,25791,1,13,299.2,366432.0
1902839715,SPENCE'S PRESCRIPTION PHARMACY INC,JARED STAKEBAKE,LOGAN,UT,84341,4357538500,SPENCE'S PRESCRIPTION PHARMACY INC,4357538500,True,True,"Pharmacy, Community/Retail Pharmacy",7.8,28.7,10.1,64045,25791,1,13,299.2,366432.0
1083886865,"HEALTH WEST, INC.",AMELIA MURPHY,NORTH LOGAN,UT,84341,4357558424,"HEALTH WEST, INC.",4357558424,True,True,"Pharmacy, Community/Retail Pharmacy",7.8,28.7,10.1,64045,25791,1,13,299.2,366432.0
1285663021,PHILRICH INC,PHILLIP COWLEY,NORTH LOGAN,UT,84341,4357871212,PHILRICH INC,4357871212,True,True,"Pharmacy, Community/Retail Pharmacy",7.8,28.7,10.1,64045,25791,1,13,299.2,366432.0
1578671210,LEES MARKETPLACE INC,SHARI BADGER,SMITHFIELD,UT,84335,4355636201,LEES MARKETPLACE INC,4355636201,True,True,"Pharmacy, Community/Retail Pharmacy",7.8,27.9,9.2,90774,16278,1,13,299.2,366432.0
1437170487,LARRYS SMITHFIELD PHARMACY INC,LARRY DURRANT,SMITHFIELD,UT,84335,4355636262,LARRYS SMITHFIELD PHARMACY INC,4355636262,True,True,"Pharmacy, Community/Retail Pharmacy",7.8,27.9,9.2,90774,16278,1,13,299.2,366432.0
1891728606,SPENCE'S PRESCRIPTION PHARMACY,SPENCER KLOMP,LOGAN,UT,84321,4357521111,SPENCE'S PRESCRIPTION PHARMACY,4357521111,True,True,"Pharmacy, Community/Retail Pharmacy",6.8,28.5,6.8,66262,49811,1,13,299.2,366432.0
1154411601,"ABC ENTERPRISES I, LLC",BRENT PETERSON,MT. PLEASANT,UT,84647,4354620116,"ABC ENTERPRISES I, LLC",4354620116,True,True,"Pharmacy, Community/Retail Pharmacy",11.8,29.3,15.5,65978,4578,1,12,299.2,366432.0
1255500708,SEELY ENTERPRISES,ROGER PETERSON,MOUNT PLEASANT,UT,84647,4354626300,SEELY ENTERPRISES,4354626300,True,True,"Pharmacy, Community/Retail Pharmacy",11.8,29.3,15.5,65978,4578,1,12,299.2,366432.0
1356426753,SKYLINE PHARMACY INC.,DAVID BLACKHAM,MT PLEASANT,UT,84647,4354622434,SKYLINE PHARMACY INC.,4354622434,True,True,"Pharmacy, Community/Retail Pharmacy",11.8,29.3,15.5,65978,4578,1,12,299.2,366432.0
1962376756,"GOLDEN DRUG - GUNNISON, PLLC",GOLDEN BERRETT,GUNNISON,UT,84634,4355283455,"GOLDEN DRUG - GUNNISON, PLLC",4355283455,True,True,"Pharmacy, Community/Retail Pharmacy",11.0,32.6,8.6,66181,3690,1,12,299.2,366432.0
1063834760,GUNNISON FAMILY PHARMACY & FLORAL INC,COURTNEY HARDY,GUNNINSON,UT,84634,4355283455,GUNNISON FAMILY PHARMACY & FLORAL INC,4355283455,True,True,"Pharmacy, Community/Retail Pharmacy",11.0,32.6,8.6,66181,3690,1,12,299.2,366432.0
1982039590,G THRIFT CORPORATION INC,SHAWN SORENSEN,GUNNISON,UT,84634,4355287555,G THRIFT CORPORATION INC,4355287555,True,True,"Pharmacy, Community/Retail Pharmacy",11.0,32.6,8.6,66181,3690,1,12,299.2,366432.0
1437270816,JENSEN DRUG & FLORAL INC,REDGE JENSEN,GUNNISON,UT,84634,4355283455,JENSEN DRUG & FLORAL INC,4355283455,True,True,"Pharmacy, Community/Retail Pharmacy",11.0,32.6,8.6,66181,3690,1,12,299.2,366432.0
1508913666,ANDERSON DRUG INC,P JEFFERY ANDERSON,EPHRAIM,UT,84627,4352834444,ANDERSON DRUG INC,4352834444,True,True,"Pharmacy, Community/Retail Pharmacy",8.5,27.3,9.3,78269,6151,1,12,299.2,366432.0
1215300660,MARKET FRESH INC,TYLER MERRILL,EPHRAIM,UT,84627,4352830340,MARKET FRESH INC,4352830340,True,True,"Pharmacy, Community/Retail Pharmacy",8.5,27.3,9.3,78269,6151,1,12,299.2,366432.0
1548633837,"MARKET FRESH, INC",TYLER MERRILL,EPHRAIM,UT,84627,4352830340,"MARKET FRESH, INC",4352830340,True,True,"Pharmacy, Community/Retail Pharmacy",8.5,27.3,9.3,78269,6151,1,12,299.2,366432.0
1336996602,BADGER MANAGEMENT LLC,CRYSTAL GRIMES,MOUNTAIN GREEN,UT,84050,4357744150,BADGER MANAGEMENT LLC,4357744150,True,True,"Pharmacy, Community/Retail Pharmacy",8.4,25.3,12.4,125949,12247,1,12,299.2,366432.0
1073895918,RIDLEYS FAMILY MARKETS INC,TODD WISE,MORGAN,UT,84050,8018296271,RIDLEYS FAMILY MARKETS INC,8018296271,True,True,"Pharmacy, Community/Retail Pharmacy",8.4,25.3,12.4,125949,12247,1,12,299.2,366432.0
1992980304,H N A OF UTAH INC,NATHAN ADAMS,MORGAN,UT,84050,8018296271,H N A OF UTAH INC,8018296271,True,True,"Pharmacy, Community/Retail Pharmacy",8.4,25.3,12.4,125949,12247,1,12,299.2,366432.0
1376568188,WAYNE COMMUNITY HEALTH CENTER PHARMACY,DONAVAN SMITH,BICKNELL,UT,84715,4354253744,WAYNE COMMUNITY HEALTH CENTER PHARMACY,4354253744,True,True,"Pharmacy, Community/Retail Pharmacy",12.9,34.7,12.8,64792,439,1,11,299.2,366432.0
1740692367,A&W PHARMACY,WADE POULSON,DUCHESNE,UT,84021,4357383784,A&W PHARMACY,4357383784,True,True,"Pharmacy, Community/Retail Pharmacy",13.0,32.4,13.7,72050,3127,1,10,299.2,366432.0
1154640555,WADE R POULSON,WADE POULSON,DUCHESNE,UT,84021,4357380155,WADE R POULSON,4357380155,True,True,Pharmacy,13.0,32.4,13.7,72050,3127,1,10,299.2,366432.0
1528198421,DAVIS-BURKETT FOOD CORP,MIKE SORENSON,ROOSEVELT,UT,84066,4357222255,DAVIS-BURKETT FOOD CORP,4357222255,True,True,Pharmacy,10.4,32.6,11.6,75383,14626,1,10,299.2,366432.0
1124499553,"STEWART PHARMACY, LLC",BRANDON LUKE,ROOSEVELT,UT,84066,4357222454,"STEWART PHARMACY, LLC",4357222454,True,True,"Pharmacy, Community/Retail Pharmacy",10.4,32.6,11.6,75383,14626,1,10,299.2,366432.0
1316042179,BASIN FAMILY PHARMACY,JEFFREY LUKE,ROOSEVELT,UT,84066,4357222454,BASIN FAMILY PHARMACY,4357222454,True,True,"Pharmacy, Community/Retail Pharmacy",10.4,32.6,11.6,75383,14626,1,10,299.2,366432.0
1508820804,SERVICE DRUG COMPANY INC,ROGER KILLPACK,FILLMORE,UT,84631,4357436540,SERVICE DRUG COMPANY INC,4357436540,True,True,"Pharmacy, Community/Retail Pharmacy",12.1,34.1,16.0,74464,3072,1,7,299.2,366432.0
1528089570,SERVICE DRUG COMPANY INC,ROGER KILLPACK,DELTA,UT,84624,4358642545,SERVICE DRUG COMPANY INC,4358642545,True,True,"Pharmacy, Community/Retail Pharmacy",11.7,34.9,16.3,70581,5956,1,7,299.2,366432.0
1104398353,QUALITY MARKET,BRADLEY BURR,DELTA,UT,84624,4358642500,QUALITY MARKET,4358642500,True,True,"Pharmacy, Community/Retail Pharmacy",11.7,34.9,16.3,70581,5956,1,7,299.2,366432.0
1518075191,DELTA DRUG & GIFT LLC,JAMES PIERSON,DELTA,UT,84624,4358645122,DELTA DRUG & GIFT LLC,4358645122,True,True,"Pharmacy, Community/Retail Pharmacy",11.7,34.9,16.3,70581,5956,1,7,299.2,366432.0
1790500171,BEAR LAKE DRUG GARDEN CITY,CASEY HUMPHERYS,GARDEN CITY,UT,84028,4352942300,BEAR LAKE DRUG GARDEN CITY,4352942300,True,True,"Pharmacy, Community/Retail Pharmacy",12.6,33.5,26.7,41964,667,0,0,299.2,366432.0
1740383884,"HEALTH WEST, INC.",AMELIA MURPHY,GARDEN CITY,UT,84028,4359463660,"HEALTH WEST, INC.",4359463660,True,True,"Pharmacy, Community/Retail Pharmacy",12.6,33.5,26.7,41964,667,0,0,299.2,366432.0
1518592922,RIDLEY'S FAMILY MARKETS INC,TODD WISE,COALVILLE,UT,84017,8013583365,RIDLEY'S FAMILY MARKETS INC,8013583365,True,True,"Pharmacy, Community/Retail Pharmacy",9.8,22.1,14.3,88811,4420,0,0,299.2,366432.0
1366074254,MILFORD PHARMACY SERVICES,BYRON ROBINSON,MILFORD,UT,84751,4353875583,MILFORD PHARMACY SERVICES,4353875583,True,True,"Pharmacy, Community/Retail Pharmacy",9.7,29.5,14.6,77778,1776,0,0,299.2,366432.0
1881677722,BEAVER VALLEY PHARMACY SERVICES INC,BYRON ROBINSON,BEAVER,UT,84713,4354382588,BEAVER VALLEY PHARMACY SERVICES INC,4354382588,True,True,"Pharmacy, Community/Retail Pharmacy",9.6,28.7,14.8,88136,4381,0,0,299.2,366432.0
1124132113,PC PHARMACY AT THE CLINIC INC,KRISTY BLACK,PARK CITY,UT,84060,4356585051,PC PHARMACY AT THE CLINIC INC,4356585051,True,True,"Pharmacy, Community/Retail Pharmacy",9.1,20.2,19.8,132412,8575,0,0,299.2,366432.0
1811221047,ASSOCIATED FRESH MARKETS INC,SHAWNA HANSON,PARK CITY,UT,84060,4356496264,ASSOCIATED FRESH MARKETS INC,4356496264,True,True,Pharmacy,9.1,20.2,19.8,132412,8575,0,0,299.2,366432.0
1346699030,SUCCESSWARE LLC,ALEXANDE MCDANIEL,PARK CITY,UT,84060,4357767525,SUCCESSWARE LLC,4357767525,True,True,"Pharmacy, Community/Retail Pharmacy",9.1,20.2,19.8,132412,8575,0,0,299.2,366432.0
1083948210,PARK CITY MARKET INC,MICHAEL HOLM,PARK CITY,UT,84060,4356457916,PARK CITY MARKET INC,4356457916,True,True,"Pharmacy, Community/Retail Pharmacy",9.1,20.2,19.8,132412,8575,0,0,299.2,366432.0
1730462110,PHARMACY AT PARK CITY CLINIC,KORTNEY STIRLAND,PARK CITY,UT,84060,4357769312,PHARMACY AT PARK CITY CLINIC,4357769312,True,True,"Pharmacy, Community/Retail Pharmacy",9.1,20.2,19.8,132412,8575,0,0,299.2,366432.0
1093875387,NEPHI PROFESSIONAL PHARMACY,LLOYD OLPIN,NEPHI,UT,84648,4356232183,NEPHI PROFESSIONAL PHARMACY,4356232183,True,True,"Pharmacy, Community/Retail Pharmacy",9.1,32.0,11.4,97708,7289,0,0,299.2,366432.0
1649697244,MT NEBO THRIFT CORP,HAROLD MEASOM,NEPHI,UT,84648,4356232183,MT NEBO THRIFT CORP,4356232183,True,True,"Pharmacy, Community/Retail Pharmacy",9.1,32.0,11.4,97708,7289,0,0,299.2,366432.0
1548364516,KAMAS FOOD INC,DENIS TANNER,KAMAS,UT,84036,4357834316,KAMAS FOOD INC,4357834316,True,True,"Pharmacy, Community/Retail Pharmacy",8.9,22.5,12.6,122679,8781,0,0,299.2,366432.0
1841954005,MIDWAY FAMILY PHARMACY PC,RYAN SWENSEN,MIDWAY,UT,84049,4353153936,MIDWAY FAMILY PHARMACY PC,4353153936,True,True,"Pharmacy, Community/Retail Pharmacy",8.3,22.9,19.2,140500,6926,0,0,299.2,366432.0
1164795431,MIDWAY PHARMACY,DANIEL COOK,MIDWAY,UT,84049,4356541926,MIDWAY PHARMACY,4356541926,True,True,"Pharmacy, Community/Retail Pharmacy",8.3,22.9,19.2,140500,6926,0,0,299.2,366432.0
1427486976,"RIDLEY'S FAMILY MARKETS, INC",CATHI KETTERLING,MIDWAY,UT,84049,4356541926,"RIDLEY'S FAMILY MARKETS, INC",4356541926,True,True,"Pharmacy, Community/Retail Pharmacy",8.3,22.9,19.2,140500,6926,0,0,299.2,366432.0
1972530251,LEES MARKETPLACE INC,JONATHAN BADGER,HEBER CITY,UT,84032,4356540414,LEES MARKETPLACE INC,4356540414,True,True,"Pharmacy, Community/Retail Pharmacy",8.0,24.8,11.0,101365,25328,0,0,299.2,366432.0
1417280678,ASSOCIATED FRESH MARKETS INC,SHAWNA HANSON,PARK CITY,UT,84098,4356457945,ASSOCIATED FRESH MARKETS INC,4356457945,True,True,Pharmacy,7.8,19.5,13.2,171151,20311,0,0,299.2,366432.0
